road_id,road_name,state,rainfall_last_1h,rainfall_last_24h,forecast_rainfall_6h,forecast_rainfall_12h,forecast_rainfall_24h,severe_weather_flag,historical_incident_count,historical_landslide_count,historical_flood_count,previous_road_closures,road_condition_score,elevation,slope,recent_incident_count,recent_incident_severity_score,current_risk_score,disrupted
11,NH-10 Teesta River Canyon,Sikkim,9.9,25.8,22.2,49.6,85.6,False,5,5,0,2,45.7,1568.1,45.9,2,75.0,49.9,0
11,NH-10 Teesta River Canyon,Sikkim,1.7,12.3,1.8,3.6,7.2,False,4,4,0,1,69.0,1508.2,42.6,0,0.0,29.3,1
2,NH-13 Trans-Arunachal,Arunachal Pradesh,11.6,59.7,12.3,26.9,47.7,False,8,3,5,1,64.5,1680.4,34.8,2,75.0,53.3,0
12,NH-27S Haflong Hill,Assam,9.9,81.1,8.3,12.5,28.9,True,3,3,0,3,35.4,983.2,48.2,3,75.0,55.9,1
1,NH-27 Assam Arterial,Assam,0.0,0.2,0.1,0.2,0.3,False,1,1,0,0,40.2,50.0,12.5,0,0.0,10.6,0
4,NH-06 Meghalaya Corridor,Meghalaya,0.4,1.4,4.1,8.3,16.5,False,8,1,7,1,56.2,1386.0,8.1,1,45.0,23.6,0
6,NH-02 Imphal Lifeline,Manipur,0.2,1.0,7.2,14.3,28.6,False,6,2,4,0,46.5,989.0,36.8,0,0.0,18.5,0
7,NH-102 Moreh Border,Manipur,2.1,8.6,78.4,130.4,275.9,True,3,2,1,0,62.6,695.2,13.0,3,45.0,29.0,1
12,NH-27S Haflong Hill,Assam,0.6,2.3,16.5,29.8,73.6,False,4,2,2,0,56.1,972.0,20.6,0,0.0,17.0,0
4,NH-06 Meghalaya Corridor,Meghalaya,0.9,6.0,0.2,0.5,1.0,False,9,1,8,2,37.1,1646.1,25.8,0,0.0,13.9,0
3,NH-229 Sela Pass,Arunachal Pradesh,0.0,0.3,18.7,31.4,51.7,False,9,6,3,3,40.7,3943.9,36.9,1,95.0,49.3,0
3,NH-229 Sela Pass,Arunachal Pradesh,63.4,169.3,8.2,12.2,30.0,True,12,4,8,4,49.1,3922.4,47.4,4,95.0,78.6,1
11,NH-10 Teesta River Canyon,Sikkim,4.6,16.1,1.8,3.6,7.2,False,10,4,6,0,63.2,1649.2,50.5,0,0.0,30.7,0
1,NH-27 Assam Arterial,Assam,13.3,80.8,11.2,27.0,63.4,True,2,2,0,0,59.3,50.0,4.0,3,75.0,48.6,1
2,NH-13 Trans-Arunachal,Arunachal Pradesh,0.5,4.5,84.7,139.1,213.7,True,3,3,0,2,62.0,2040.0,29.8,0,0.0,22.1,0
6,NH-02 Imphal Lifeline,Manipur,4.6,35.4,10.8,23.8,44.0,False,4,4,0,0,39.2,1096.2,23.2,0,0.0,25.6,0
3,NH-229 Sela Pass,Arunachal Pradesh,0.4,1.5,54.2,104.9,183.1,True,9,1,8,1,48.8,3982.7,39.2,3,75.0,36.2,1
7,NH-102 Moreh Border,Manipur,2.2,7.9,3.3,6.6,13.3,False,2,2,0,1,38.1,596.7,25.3,0,0.0,16.4,0
9,NH-54 Aizawl Ridge,Mizoram,10.1,77.3,54.1,83.5,151.3,True,3,2,1,4,72.8,1099.1,22.7,0,0.0,34.9,0
3,NH-229 Sela Pass,Arunachal Pradesh,3.2,12.5,0.2,0.5,1.0,False,6,4,2,1,75.7,3968.7,45.4,0,0.0,30.9,1
7,NH-102 Moreh Border,Manipur,0.6,4.7,73.5,143.7,280.5,True,5,2,3,1,33.7,604.7,16.0,3,45.0,24.4,0
1,NH-27 Assam Arterial,Assam,0.2,1.0,3.4,6.9,13.7,False,2,0,2,1,61.7,112.8,8.4,0,0.0,11.1,0
11,NH-10 Teesta River Canyon,Sikkim,33.3,272.6,20.2,36.2,52.5,True,11,5,6,5,38.2,1585.2,47.0,2,95.0,78.9,1
12,NH-27S Haflong Hill,Assam,1.8,16.1,0.1,0.1,0.3,False,5,5,0,0,57.4,1124.7,29.6,0,0.0,27.7,1
2,NH-13 Trans-Arunachal,Arunachal Pradesh,19.6,65.4,2.0,4.1,8.1,False,7,4,3,3,72.5,1875.5,40.9,0,0.0,40.1,0
3,NH-229 Sela Pass,Arunachal Pradesh,4.0,28.4,0.7,1.2,1.9,True,3,3,0,5,74.3,3874.9,41.9,0,0.0,31.2,0
1,NH-27 Assam Arterial,Assam,3.9,16.4,69.5,139.3,254.4,True,1,0,1,0,34.8,175.0,2.4,1,95.0,32.7,0
5,SH-05 Cherrapunjee Highland,Meghalaya,10.6,35.3,2.3,5.6,12.3,False,3,3,0,2,79.7,1141.1,39.1,1,45.0,44.1,1
8,NH-29 Kohima Mountain,Nagaland,4.7,16.5,0.2,0.3,0.6,False,5,5,0,1,36.5,1524.3,37.8,0,0.0,26.3,1
11,NH-10 Teesta River Canyon,Sikkim,8.5,32.6,4.5,8.7,18.1,False,4,4,0,2,37.1,1731.9,38.7,4,75.0,46.6,0
9,NH-54 Aizawl Ridge,Mizoram,1.2,6.8,10.8,21.5,43.1,False,3,1,2,0,7.0,1125.7,26.7,0,0.0,9.7,0
11,NH-10 Teesta River Canyon,Sikkim,4.0,32.3,1.3,2.5,5.1,False,11,4,7,2,40.2,1822.7,43.6,0,0.0,29.2,1
4,NH-06 Meghalaya Corridor,Meghalaya,4.8,41.8,4.9,11.7,26.7,True,6,2,4,3,58.8,1475.5,24.5,2,95.0,49.8,1
12,NH-27S Haflong Hill,Assam,0.3,1.2,0.6,1.1,2.3,False,4,4,0,1,36.8,1087.0,34.3,0,0.0,20.6,0
2,NH-13 Trans-Arunachal,Arunachal Pradesh,6.5,38.4,43.3,77.0,149.4,True,6,5,1,1,47.7,2076.5,36.4,4,95.0,55.9,1
3,NH-229 Sela Pass,Arunachal Pradesh,0.3,0.9,0.3,0.7,1.4,False,9,5,4,2,62.3,3974.4,56.7,0,0.0,29.5,1
8,NH-29 Kohima Mountain,Nagaland,0.0,0.1,6.7,13.4,26.9,False,8,6,2,3,73.3,1431.8,31.2,4,45.0,40.5,1
7,NH-102 Moreh Border,Manipur,4.9,22.3,17.1,33.9,50.1,False,3,1,2,0,45.0,562.6,2.0,0,0.0,13.6,0
2,NH-13 Trans-Arunachal,Arunachal Pradesh,28.3,135.5,13.5,33.3,56.5,True,5,3,2,1,100.0,1832.8,34.9,0,0.0,55.1,0
2,NH-13 Trans-Arunachal,Arunachal Pradesh,1.2,3.7,11.6,21.9,39.2,True,5,3,2,0,40.1,1683.9,36.9,4,75.0,38.9,1
8,NH-29 Kohima Mountain,Nagaland,0.3,1.5,4.2,10.3,17.1,False,4,1,3,3,64.7,1357.8,35.7,1,45.0,30.4,1
9,NH-54 Aizawl Ridge,Mizoram,0.1,0.7,0.1,0.1,0.3,False,6,3,3,1,42.2,1203.6,19.5,0,0.0,16.4,0
3,NH-229 Sela Pass,Arunachal Pradesh,53.7,163.1,3.5,6.5,9.8,True,7,5,2,0,96.1,3605.6,45.3,4,95.0,87.2,1
3,NH-229 Sela Pass,Arunachal Pradesh,1.3,12.7,4.2,6.4,9.6,False,8,3,5,1,35.7,3957.6,36.5,4,75.0,39.9,1
12,NH-27S Haflong Hill,Assam,0.6,2.8,1.6,3.2,6.5,False,4,2,2,1,51.4,1022.4,23.8,0,0.0,17.0,0
3,NH-229 Sela Pass,Arunachal Pradesh,14.8,64.1,7.6,11.9,18.4,False,6,6,0,1,62.4,4115.6,46.9,1,45.0,54.8,0
1,NH-27 Assam Arterial,Assam,12.4,65.7,79.3,116.0,167.8,True,3,1,2,0,48.0,54.8,6.1,2,45.0,34.8,1
9,NH-54 Aizawl Ridge,Mizoram,8.5,71.0,8.8,13.8,24.6,True,5,1,4,5,77.4,1178.2,26.9,0,0.0,33.2,0
4,NH-06 Meghalaya Corridor,Meghalaya,10.4,36.0,58.9,93.5,134.5,True,4,2,2,0,77.9,1444.8,25.4,0,0.0,28.0,0
10,NH-08 Tripura Central,Tripura,5.2,13.5,22.5,42.8,100.3,True,4,1,3,1,88.2,50.0,10.7,0,0.0,20.1,1
10,NH-08 Tripura Central,Tripura,2.2,14.4,4.7,7.4,16.2,False,1,1,0,0,50.2,199.4,15.3,3,45.0,26.7,1
7,NH-102 Moreh Border,Manipur,3.6,13.9,14.3,33.5,58.4,False,2,2,0,0,23.4,593.5,5.5,1,45.0,22.6,1
10,NH-08 Tripura Central,Tripura,2.0,10.3,0.2,0.4,0.8,False,0,0,0,1,35.2,459.0,5.8,2,75.0,27.2,0
3,NH-229 Sela Pass,Arunachal Pradesh,1.0,6.7,5.3,10.5,21.1,False,13,4,9,3,33.2,4006.6,46.9,0,0.0,23.7,0
3,NH-229 Sela Pass,Arunachal Pradesh,63.3,218.5,6.5,11.5,19.6,True,10,3,7,2,88.2,3766.2,44.3,3,75.0,76.8,1
11,NH-10 Teesta River Canyon,Sikkim,5.9,32.5,107.5,200.8,380.3,True,7,7,0,3,88.0,1710.1,36.5,0,0.0,41.0,1
11,NH-10 Teesta River Canyon,Sikkim,26.6,109.9,67.5,102.1,224.1,True,10,4,6,1,50.6,1481.3,47.4,0,0.0,47.0,1
2,NH-13 Trans-Arunachal,Arunachal Pradesh,0.5,4.9,0.2,0.4,0.8,False,7,2,5,1,53.6,1999.4,48.4,0,0.0,22.7,1
6,NH-02 Imphal Lifeline,Manipur,17.9,66.7,0.2,0.3,0.6,False,2,0,2,1,39.7,1249.7,25.8,4,45.0,35.7,1
1,NH-27 Assam Arterial,Assam,1.8,6.1,22.2,32.6,79.7,False,0,0,0,1,34.4,205.9,14.3,1,45.0,20.5,1
3,NH-229 Sela Pass,Arunachal Pradesh,3.8,18.0,4.2,8.5,17.0,False,5,5,0,2,43.2,4294.8,41.4,0,0.0,28.4,0
7,NH-102 Moreh Border,Manipur,120.0,308.5,19.0,31.4,68.3,True,0,0,0,0,44.0,763.0,22.5,2,75.0,59.9,1
6,NH-02 Imphal Lifeline,Manipur,17.0,74.7,9.8,14.1,27.6,True,2,2,0,0,59.6,1100.1,23.1,3,75.0,51.2,1
1,NH-27 Assam Arterial,Assam,1.3,10.6,3.1,6.3,12.6,False,1,0,1,1,65.1,50.0,7.8,0,0.0,13.4,1
9,NH-54 Aizawl Ridge,Mizoram,0.6,2.3,1.5,2.9,5.9,False,4,4,0,0,53.4,1243.0,32.9,0,0.0,23.0,1
4,NH-06 Meghalaya Corridor,Meghalaya,0.9,3.3,1.4,2.8,5.6,False,3,1,2,2,57.7,1257.6,26.3,0,0.0,16.6,0
1,NH-27 Assam Arterial,Assam,17.5,48.4,3.1,6.5,15.0,False,0,0,0,0,45.4,229.9,7.5,0,0.0,18.0,0
11,NH-10 Teesta River Canyon,Sikkim,0.0,0.3,10.8,21.6,43.1,False,8,2,6,2,96.5,1420.3,40.3,1,95.0,50.3,1
1,NH-27 Assam Arterial,Assam,0.4,1.6,4.6,9.1,18.2,False,3,2,1,1,24.4,50.0,12.0,0,0.0,10.4,0
5,SH-05 Cherrapunjee Highland,Meghalaya,1.0,8.4,2.7,5.4,10.7,False,10,7,3,0,32.1,1544.7,29.4,2,45.0,37.6,0
5,SH-05 Cherrapunjee Highland,Meghalaya,1.7,9.5,1.5,3.0,6.0,False,4,4,0,1,99.9,1516.8,25.1,0,0.0,29.9,0
7,NH-102 Moreh Border,Manipur,3.0,11.6,3.2,6.3,12.7,False,1,0,1,0,51.1,758.8,20.6,0,0.0,14.1,1
5,SH-05 Cherrapunjee Highland,Meghalaya,5.8,15.3,1.4,2.7,4.0,False,4,4,0,0,59.9,1382.5,30.2,1,75.0,44.8,0
6,NH-02 Imphal Lifeline,Manipur,0.2,0.9,0.7,1.5,3.0,False,4,4,0,0,81.5,779.9,13.6,0,0.0,23.1,0
7,NH-102 Moreh Border,Manipur,4.1,14.7,1.1,2.2,4.4,False,2,2,0,1,57.4,471.9,17.9,4,45.0,30.4,1
9,NH-54 Aizawl Ridge,Mizoram,0.1,0.8,2.6,5.1,10.3,False,5,3,2,2,42.4,1312.1,31.8,0,0.0,18.9,1
7,NH-102 Moreh Border,Manipur,8.7,47.5,1.5,2.3,5.4,False,1,1,0,0,34.8,536.1,16.2,3,75.0,38.7,0
2,NH-13 Trans-Arunachal,Arunachal Pradesh,3.9,17.0,1.9,3.8,7.6,False,8,4,4,1,48.5,1955.2,43.5,0,0.0,27.4,0
7,NH-102 Moreh Border,Manipur,0.8,3.4,4.0,7.9,15.9,False,2,0,2,2,32.5,661.3,23.4,0,0.0,10.2,0
7,NH-102 Moreh Border,Manipur,1.4,11.3,4.4,8.7,17.5,False,2,1,1,0,55.1,683.8,5.0,0,0.0,13.5,0
9,NH-54 Aizawl Ridge,Mizoram,0.8,4.0,2.3,4.6,9.2,False,7,6,1,0,33.3,1071.8,27.9,3,95.0,47.1,1
8,NH-29 Kohima Mountain,Nagaland,2.2,8.2,0.4,0.7,1.4,False,8,1,7,0,55.0,1717.0,35.0,0,0.0,18.9,0
12,NH-27S Haflong Hill,Assam,6.0,31.2,10.5,24.4,45.9,True,4,1,3,1,45.4,765.5,25.5,3,45.0,31.4,1
4,NH-06 Meghalaya Corridor,Meghalaya,1.1,9.4,1.8,3.6,7.1,False,6,2,4,0,17.6,1344.0,17.0,1,95.0,35.7,1
8,NH-29 Kohima Mountain,Nagaland,2.7,10.6,0.0,0.1,0.1,False,2,2,0,1,56.2,1517.7,35.5,0,0.0,21.6,0
10,NH-08 Tripura Central,Tripura,11.8,33.3,1.6,3.7,6.7,False,2,1,1,0,47.7,50.0,10.7,2,95.0,41.7,1
12,NH-27S Haflong Hill,Assam,16.5,85.0,19.2,40.2,75.7,True,4,4,0,1,47.9,863.3,38.3,0,0.0,39.9,0
2,NH-13 Trans-Arunachal,Arunachal Pradesh,0.2,0.7,0.2,0.4,0.7,False,1,1,0,2,66.9,1863.5,41.1,0,0.0,20.4,0
8,NH-29 Kohima Mountain,Nagaland,1.8,16.9,1.9,3.8,5.6,False,4,4,0,2,81.5,1528.6,33.6,0,0.0,30.3,0
8,NH-29 Kohima Mountain,Nagaland,3.1,13.4,0.3,0.7,1.4,False,5,3,2,0,68.7,1596.2,33.8,0,0.0,25.7,0
8,NH-29 Kohima Mountain,Nagaland,0.7,2.7,4.9,9.9,19.8,False,9,3,6,0,44.5,1580.0,28.1,0,0.0,18.8,0
9,NH-54 Aizawl Ridge,Mizoram,13.7,38.8,27.9,48.3,85.8,True,7,1,6,0,36.7,1338.0,28.7,0,0.0,21.0,0
4,NH-06 Meghalaya Corridor,Meghalaya,1.8,12.9,2.0,4.0,8.1,False,5,0,5,1,47.8,1332.3,27.9,0,0.0,15.3,0
4,NH-06 Meghalaya Corridor,Meghalaya,3.2,21.8,11.0,15.7,23.7,True,6,1,5,1,96.0,1512.9,20.7,3,75.0,43.6,1
9,NH-54 Aizawl Ridge,Mizoram,1.0,3.7,17.7,30.4,53.6,True,5,1,4,3,39.1,1078.7,28.8,2,45.0,25.6,0
2,NH-13 Trans-Arunachal,Arunachal Pradesh,3.8,13.7,41.1,60.5,86.5,False,7,3,4,1,22.2,1570.0,34.8,1,45.0,30.3,1
7,NH-102 Moreh Border,Manipur,27.6,155.4,15.8,24.2,36.5,True,2,1,1,0,75.9,645.9,26.6,0,0.0,48.7,0
1,NH-27 Assam Arterial,Assam,1.5,11.6,2.4,4.7,9.4,False,0,0,0,0,27.9,51.4,2.1,0,0.0,6.9,1
6,NH-02 Imphal Lifeline,Manipur,5.8,15.6,5.6,9.0,18.7,False,2,1,1,0,63.3,616.4,27.3,0,0.0,20.1,0
9,NH-54 Aizawl Ridge,Mizoram,0.0,0.2,8.3,16.5,33.1,False,4,4,0,1,58.3,1207.8,30.5,0,0.0,22.9,1
4,NH-06 Meghalaya Corridor,Meghalaya,3.2,23.7,2.4,5.0,10.7,False,5,0,5,2,57.9,1289.2,6.5,4,75.0,33.5,0
8,NH-29 Kohima Mountain,Nagaland,1.0,4.2,2.0,3.9,7.9,False,4,3,1,2,49.5,1655.6,33.9,0,0.0,21.1,0
10,NH-08 Tripura Central,Tripura,42.0,116.4,6.6,9.5,17.7,True,1,0,1,0,26.5,92.5,14.3,4,75.0,48.9,1
8,NH-29 Kohima Mountain,Nagaland,20.3,95.0,30.9,67.0,97.1,True,9,7,2,0,61.6,1519.2,26.3,3,75.0,66.2,1
6,NH-02 Imphal Lifeline,Manipur,6.6,52.5,49.2,89.2,139.1,True,7,1,6,1,53.5,1066.9,24.0,0,0.0,25.3,1
7,NH-102 Moreh Border,Manipur,4.1,11.4,38.3,62.5,111.1,True,3,1,2,1,30.9,597.0,19.3,1,95.0,36.5,0
1,NH-27 Assam Arterial,Assam,0.1,0.8,0.4,0.8,1.5,False,1,1,0,0,44.7,104.5,15.4,0,0.0,11.9,0
11,NH-10 Teesta River Canyon,Sikkim,2.2,7.4,6.5,15.5,25.6,True,9,6,3,3,64.7,1740.3,38.2,1,75.0,49.6,0
4,NH-06 Meghalaya Corridor,Meghalaya,12.2,33.9,18.3,26.4,51.4,False,2,2,0,3,61.9,1583.3,20.8,0,0.0,24.2,1
12,NH-27S Haflong Hill,Assam,2.0,6.6,10.3,21.7,50.6,False,1,1,0,1,82.8,792.0,33.7,0,0.0,22.5,0
12,NH-27S Haflong Hill,Assam,19.1,122.6,1.6,2.5,5.3,True,4,2,2,0,55.4,996.3,31.0,0,0.0,43.0,0
2,NH-13 Trans-Arunachal,Arunachal Pradesh,9.2,40.1,8.3,13.1,24.8,False,8,2,6,4,57.5,2000.2,30.3,4,45.0,37.9,1
12,NH-27S Haflong Hill,Assam,6.0,24.7,0.6,1.3,3.0,False,5,2,3,0,57.7,803.6,23.5,0,0.0,22.3,1
12,NH-27S Haflong Hill,Assam,0.9,5.8,6.7,13.4,26.8,False,3,3,0,0,18.6,1051.1,19.7,0,0.0,13.9,1
10,NH-08 Tripura Central,Tripura,1.2,4.2,3.1,6.3,12.5,False,1,1,0,0,31.3,101.7,5.3,0,0.0,8.6,0
9,NH-54 Aizawl Ridge,Mizoram,0.7,3.9,1.2,2.3,4.6,True,3,1,2,3,52.3,1301.4,29.4,0,0.0,16.5,0
7,NH-102 Moreh Border,Manipur,2.3,8.1,2.4,4.7,9.5,False,2,1,1,0,94.2,395.4,12.1,0,0.0,20.2,0
7,NH-102 Moreh Border,Manipur,0.3,2.5,16.5,26.7,53.2,False,5,2,3,3,33.5,577.2,5.1,0,0.0,10.5,0
9,NH-54 Aizawl Ridge,Mizoram,1.2,7.0,2.3,4.6,9.2,False,5,2,3,0,41.9,1446.5,38.4,0,0.0,19.4,0
6,NH-02 Imphal Lifeline,Manipur,0.7,4.2,2.8,5.7,11.3,False,4,2,2,0,50.1,948.6,25.3,4,45.0,28.7,1
8,NH-29 Kohima Mountain,Nagaland,0.2,2.2,5.8,14.3,31.9,False,6,6,0,1,82.3,1547.5,24.9,4,95.0,53.5,0
3,NH-229 Sela Pass,Arunachal Pradesh,6.1,31.9,3.7,8.9,19.5,False,8,8,0,0,32.9,3887.6,57.9,3,45.0,48.6,0
12,NH-27S Haflong Hill,Assam,7.5,26.6,3.2,6.4,12.8,False,4,4,0,2,25.9,888.3,34.3,0,0.0,24.1,1
4,NH-06 Meghalaya Corridor,Meghalaya,0.5,1.8,1.2,2.4,4.9,False,8,2,6,2,68.1,1323.6,23.2,0,0.0,19.2,0
11,NH-10 Teesta River Canyon,Sikkim,1.3,5.7,6.5,13.0,26.1,False,6,5,1,4,50.5,1828.8,47.1,3,75.0,46.9,1
12,NH-27S Haflong Hill,Assam,24.0,80.6,36.1,61.7,94.4,True,2,2,0,1,55.8,914.8,16.6,0,0.0,31.8,1
9,NH-54 Aizawl Ridge,Mizoram,1.1,4.4,26.1,63.0,102.9,True,2,2,0,2,53.4,1018.9,29.2,3,75.0,37.5,1
8,NH-29 Kohima Mountain,Nagaland,7.2,24.4,3.1,5.7,8.5,False,5,5,0,1,53.5,1523.5,21.0,2,45.0,38.3,1
12,NH-27S Haflong Hill,Assam,6.4,54.6,17.8,44.5,89.8,False,2,1,1,1,40.2,973.8,22.8,2,45.0,34.8,0
5,SH-05 Cherrapunjee Highland,Meghalaya,0.7,2.5,0.9,1.9,3.8,False,10,1,9,1,59.2,1254.4,37.1,0,0.0,18.8,0
2,NH-13 Trans-Arunachal,Arunachal Pradesh,3.3,11.5,3.0,6.1,12.1,False,4,4,0,1,46.9,2035.3,32.1,0,0.0,23.7,0
12,NH-27S Haflong Hill,Assam,14.2,58.9,38.7,64.1,137.9,True,5,3,2,1,49.1,922.4,24.7,1,45.0,41.3,1
12,NH-27S Haflong Hill,Assam,0.9,5.8,4.5,9.0,18.0,False,1,1,0,0,66.0,817.3,12.2,0,0.0,15.5,1
1,NH-27 Assam Arterial,Assam,5.1,49.7,15.5,27.9,40.5,False,1,1,0,1,47.5,50.0,6.6,2,45.0,31.6,0
5,SH-05 Cherrapunjee Highland,Meghalaya,0.0,0.1,3.7,7.4,14.8,False,3,3,0,4,44.6,1240.6,34.9,0,0.0,19.7,0
2,NH-13 Trans-Arunachal,Arunachal Pradesh,11.8,36.4,12.0,17.4,41.7,False,7,1,6,3,74.5,1730.4,37.0,3,45.0,39.1,1
4,NH-06 Meghalaya Corridor,Meghalaya,11.0,61.7,9.1,18.6,27.5,False,3,1,2,1,86.4,1208.9,25.1,0,0.0,32.3,0
4,NH-06 Meghalaya Corridor,Meghalaya,0.1,0.6,4.1,8.2,16.4,False,3,1,2,0,60.6,1451.0,21.4,0,0.0,15.5,0
10,NH-08 Tripura Central,Tripura,3.6,25.9,7.6,15.1,30.2,False,4,1,3,0,53.9,104.4,9.2,0,0.0,17.1,0
12,NH-27S Haflong Hill,Assam,50.3,131.2,80.8,116.5,209.4,True,4,3,1,2,62.9,762.8,20.5,0,0.0,45.8,1
5,SH-05 Cherrapunjee Highland,Meghalaya,0.8,3.1,3.3,6.5,13.1,False,3,3,0,2,83.6,1202.6,43.9,1,95.0,51.7,1
7,NH-102 Moreh Border,Manipur,45.3,165.8,8.7,18.3,28.7,True,3,0,3,1,46.6,559.9,6.8,0,0.0,38.4,1
4,NH-06 Meghalaya Corridor,Meghalaya,0.2,2.2,4.0,8.3,12.5,False,6,6,0,1,66.0,1262.1,26.2,0,0.0,27.6,1
4,NH-06 Meghalaya Corridor,Meghalaya,0.2,1.9,0.2,0.4,0.7,False,7,3,4,0,48.5,1386.9,21.0,0,0.0,17.8,0
4,NH-06 Meghalaya Corridor,Meghalaya,2.5,7.5,0.0,0.0,0.0,False,2,2,0,0,62.0,1551.9,17.1,0,0.0,18.2,0
3,NH-229 Sela Pass,Arunachal Pradesh,5.8,30.2,10.1,15.7,25.6,True,9,6,3,2,74.5,3919.4,47.8,3,45.0,50.0,1
8,NH-29 Kohima Mountain,Nagaland,1.2,5.8,1.2,2.3,4.6,False,11,6,5,2,41.2,1588.1,28.8,0,0.0,25.1,0
8,NH-29 Kohima Mountain,Nagaland,0.5,1.4,0.3,0.5,0.7,False,6,5,1,1,35.8,1736.7,25.3,0,0.0,20.7,0
10,NH-08 Tripura Central,Tripura,34.0,112.8,28.9,49.2,103.5,True,3,1,2,0,66.5,50.0,2.4,1,45.0,46.3,0
11,NH-10 Teesta River Canyon,Sikkim,1.9,10.6,0.2,0.4,0.7,False,9,4,5,1,61.1,1492.7,46.1,0,0.0,28.5,1
9,NH-54 Aizawl Ridge,Mizoram,0.1,0.6,0.5,1.0,2.0,False,5,2,3,0,69.1,987.9,29.2,4,95.0,44.1,1
8,NH-29 Kohima Mountain,Nagaland,0.9,7.4,0.2,0.4,0.8,False,6,0,6,1,72.2,1327.1,39.1,0,0.0,20.1,0
2,NH-13 Trans-Arunachal,Arunachal Pradesh,1.2,7.5,0.8,1.6,3.2,False,7,4,3,0,64.3,1620.3,37.1,0,0.0,26.6,0
7,NH-102 Moreh Border,Manipur,1.1,4.1,0.5,1.0,2.1,False,2,0,2,0,39.3,640.7,17.4,0,0.0,10.2,0
6,NH-02 Imphal Lifeline,Manipur,31.1,135.3,6.4,10.3,19.5,True,0,0,0,1,35.9,1024.1,20.6,0,0.0,36.6,0
1,NH-27 Assam Arterial,Assam,0.4,2.5,0.2,0.3,0.6,False,2,1,1,2,47.7,50.0,2.0,0,0.0,10.1,1
6,NH-02 Imphal Lifeline,Manipur,1.9,7.7,3.3,6.7,13.4,False,2,2,0,1,88.5,1146.0,25.8,0,0.0,24.0,1
5,SH-05 Cherrapunjee Highland,Meghalaya,4.9,15.7,11.5,19.3,36.3,False,5,2,3,2,84.0,1187.4,33.0,4,75.0,45.1,1
11,NH-10 Teesta River Canyon,Sikkim,0.3,2.4,0.4,0.9,1.7,False,7,5,2,5,57.9,1732.9,30.7,1,75.0,44.0,0
2,NH-13 Trans-Arunachal,Arunachal Pradesh,6.1,38.5,50.0,76.7,127.3,True,6,2,4,0,85.4,1722.3,34.7,0,0.0,31.4,1
2,NH-13 Trans-Arunachal,Arunachal Pradesh,0.2,1.4,0.0,0.1,0.2,False,4,3,1,0,72.4,1643.4,30.6,0,0.0,23.3,0
12,NH-27S Haflong Hill,Assam,6.8,29.6,18.8,30.8,50.6,False,5,2,3,1,63.7,1163.3,22.0,0,0.0,23.9,1
9,NH-54 Aizawl Ridge,Mizoram,10.1,27.4,4.3,8.2,14.9,True,2,2,0,0,58.7,1292.1,40.6,0,0.0,26.4,0
3,NH-229 Sela Pass,Arunachal Pradesh,2.9,14.8,1.0,2.0,4.1,False,8,4,4,2,63.8,3908.4,38.4,0,0.0,28.2,0
9,NH-54 Aizawl Ridge,Mizoram,8.8,25.9,14.7,25.8,36.9,True,3,1,2,2,48.4,1347.7,23.2,0,0.0,19.1,0
10,NH-08 Tripura Central,Tripura,3.3,13.1,2.0,4.0,8.0,False,0,0,0,1,45.0,79.0,2.1,4,75.0,28.5,1
9,NH-54 Aizawl Ridge,Mizoram,1.9,7.8,0.5,0.9,1.9,False,10,3,7,1,52.3,1194.4,21.6,0,0.0,19.7,0
12,NH-27S Haflong Hill,Assam,1.4,11.4,25.8,39.9,77.4,False,7,2,5,0,63.1,985.3,18.8,0,0.0,19.5,0
6,NH-02 Imphal Lifeline,Manipur,2.3,8.7,3.8,7.5,15.1,False,2,2,0,0,51.7,1032.4,12.6,0,0.0,16.0,0
11,NH-10 Teesta River Canyon,Sikkim,0.9,3.1,5.5,11.0,21.9,False,8,7,1,1,59.6,1680.5,43.8,1,75.0,51.1,1
10,NH-08 Tripura Central,Tripura,8.9,45.9,13.1,32.4,69.0,True,3,2,1,0,46.6,117.4,15.3,0,0.0,23.2,1
8,NH-29 Kohima Mountain,Nagaland,18.1,77.7,19.3,41.3,79.9,True,11,1,10,2,54.1,1523.6,43.8,0,0.0,34.4,0
2,NH-13 Trans-Arunachal,Arunachal Pradesh,19.4,65.7,5.5,9.4,20.9,False,6,0,6,4,8.5,1856.5,37.3,4,45.0,33.1,1
6,NH-02 Imphal Lifeline,Manipur,1.1,6.8,6.4,12.7,25.4,False,3,0,3,1,54.7,935.5,27.6,0,0.0,15.1,0
12,NH-27S Haflong Hill,Assam,4.0,17.2,0.6,1.2,2.4,False,7,5,2,1,48.8,819.1,23.5,0,0.0,25.5,0
4,NH-06 Meghalaya Corridor,Meghalaya,0.3,2.5,0.5,0.9,1.8,False,5,2,3,0,39.6,1217.7,21.7,0,0.0,14.8,0
7,NH-102 Moreh Border,Manipur,0.8,3.5,0.2,0.3,0.6,False,2,2,0,0,70.3,362.3,15.1,0,0.0,18.3,1
3,NH-229 Sela Pass,Arunachal Pradesh,0.3,1.2,1.8,3.5,7.0,False,5,3,2,3,66.6,3892.3,44.9,1,45.0,36.5,1
6,NH-02 Imphal Lifeline,Manipur,15.0,42.5,100.9,197.3,295.9,True,4,4,0,1,84.3,943.5,20.2,4,75.0,51.9,1
3,NH-229 Sela Pass,Arunachal Pradesh,9.6,56.9,16.0,26.8,52.3,True,5,5,0,2,63.5,4093.9,49.1,0,0.0,40.7,0
4,NH-06 Meghalaya Corridor,Meghalaya,13.3,87.4,15.8,33.8,72.6,True,3,3,0,1,33.1,1445.3,18.5,0,0.0,32.2,1
11,NH-10 Teesta River Canyon,Sikkim,5.6,15.0,13.9,22.2,41.0,False,9,7,2,0,93.0,1619.8,31.5,4,95.0,61.0,0
11,NH-10 Teesta River Canyon,Sikkim,1.0,9.6,7.6,18.3,38.7,True,8,6,2,0,49.4,1950.1,44.8,0,0.0,30.3,0
5,SH-05 Cherrapunjee Highland,Meghalaya,0.1,0.2,2.8,5.5,11.0,False,12,6,6,1,49.6,1119.3,42.0,3,95.0,51.6,1
7,NH-102 Moreh Border,Manipur,0.3,1.6,6.6,13.2,26.4,False,0,0,0,0,45.0,485.7,17.8,0,0.0,10.6,0
5,SH-05 Cherrapunjee Highland,Meghalaya,0.8,5.6,1.6,3.2,6.4,False,8,7,1,2,39.0,1372.7,32.8,0,0.0,27.5,0
5,SH-05 Cherrapunjee Highland,Meghalaya,10.8,30.9,2.9,5.2,8.3,False,6,6,0,1,61.2,1370.0,39.0,0,0.0,35.2,0
10,NH-08 Tripura Central,Tripura,0.6,5.0,9.9,19.7,39.4,False,0,0,0,0,81.5,50.0,11.5,0,0.0,15.5,0
4,NH-06 Meghalaya Corridor,Meghalaya,0.1,0.9,2.1,4.2,8.4,False,7,0,7,0,60.0,1388.0,35.3,0,0.0,16.2,0
11,NH-10 Teesta River Canyon,Sikkim,0.5,2.3,1.1,2.2,4.5,False,8,7,1,3,70.1,1519.7,45.1,0,0.0,34.0,1
2,NH-13 Trans-Arunachal,Arunachal Pradesh,0.6,6.1,1.6,3.2,6.5,False,6,2,4,2,74.9,1957.2,21.7,0,0.0,20.8,0
10,NH-08 Tripura Central,Tripura,26.3,92.7,6.3,14.5,30.4,True,1,1,0,0,37.7,50.0,6.7,3,95.0,51.3,1
7,NH-102 Moreh Border,Manipur,0.5,2.4,4.5,7.9,12.0,True,2,1,1,3,49.6,459.6,26.2,0,0.0,15.2,0
9,NH-54 Aizawl Ridge,Mizoram,14.2,62.2,24.6,55.3,85.5,False,8,3,5,0,39.5,1494.8,39.0,4,45.0,43.4,0
5,SH-05 Cherrapunjee Highland,Meghalaya,2.3,8.9,7.3,14.7,29.3,False,6,4,2,1,52.1,962.8,43.6,1,75.0,45.1,1
4,NH-06 Meghalaya Corridor,Meghalaya,3.2,11.3,0.2,0.4,0.9,False,2,2,0,0,43.6,1399.2,26.9,0,0.0,18.2,0
9,NH-54 Aizawl Ridge,Mizoram,32.4,143.5,0.8,1.4,3.4,True,2,0,2,1,58.2,1264.5,27.0,0,0.0,42.8,1
9,NH-54 Aizawl Ridge,Mizoram,7.9,43.2,26.0,38.7,80.3,False,2,2,0,2,41.0,1238.8,18.1,0,0.0,22.4,1
7,NH-102 Moreh Border,Manipur,1.9,16.4,0.6,1.2,2.4,False,1,1,0,0,50.5,751.0,2.0,2,95.0,37.0,1
10,NH-08 Tripura Central,Tripura,1.5,11.4,0.4,0.8,1.6,False,1,1,0,0,36.5,50.0,8.4,0,0.0,11.4,1
2,NH-13 Trans-Arunachal,Arunachal Pradesh,1.3,9.6,2.6,5.1,10.3,False,6,5,1,2,64.9,1793.5,32.8,0,0.0,28.2,0
2,NH-13 Trans-Arunachal,Arunachal Pradesh,17.1,47.4,7.0,12.0,22.2,False,6,4,2,1,41.8,2017.3,28.3,4,75.0,48.2,1
4,NH-06 Meghalaya Corridor,Meghalaya,0.6,2.3,0.3,0.5,1.1,False,4,4,0,0,31.1,1339.7,28.3,0,0.0,18.8,0
12,NH-27S Haflong Hill,Assam,2.0,7.9,0.6,1.2,2.5,False,1,1,0,1,51.3,963.6,32.7,0,0.0,17.8,0
7,NH-102 Moreh Border,Manipur,0.6,3.2,0.0,0.1,0.1,False,0,0,0,1,64.1,457.9,17.1,0,0.0,13.7,0
5,SH-05 Cherrapunjee Highland,Meghalaya,21.3,184.9,46.9,82.3,143.7,True,4,4,0,6,37.5,1111.8,39.9,4,75.0,70.4,1
4,NH-06 Meghalaya Corridor,Meghalaya,0.7,7.2,3.3,6.5,13.0,False,4,1,3,2,43.2,1680.3,20.1,0,0.0,13.9,0
11,NH-10 Teesta River Canyon,Sikkim,0.0,0.0,5.5,13.7,28.7,False,10,2,8,2,63.6,1761.5,50.4,1,95.0,47.3,0
8,NH-29 Kohima Mountain,Nagaland,16.5,48.1,6.6,12.7,25.7,False,5,5,0,0,72.8,1451.1,21.6,0,0.0,34.9,0
1,NH-27 Assam Arterial,Assam,0.2,1.7,8.3,16.5,33.1,False,0,0,0,0,27.7,172.5,9.2,2,75.0,25.1,1
9,NH-54 Aizawl Ridge,Mizoram,4.3,14.6,25.3,46.0,111.5,True,7,3,4,2,65.8,1193.9,29.1,2,45.0,35.9,1
3,NH-229 Sela Pass,Arunachal Pradesh,1.6,9.0,3.5,7.1,14.1,False,8,6,2,1,77.3,4001.6,40.7,0,0.0,33.5,0
3,NH-229 Sela Pass,Arunachal Pradesh,8.0,26.9,9.4,22.5,37.9,False,10,4,6,4,62.2,3877.7,50.3,1,95.0,56.5,1
6,NH-02 Imphal Lifeline,Manipur,0.6,4.0,0.4,0.8,1.5,False,3,3,0,1,60.3,861.2,24.9,0,0.0,20.8,1
1,NH-27 Assam Arterial,Assam,6.8,17.8,4.0,5.7,8.6,False,0,0,0,0,47.4,515.0,11.2,1,75.0,31.7,0
6,NH-02 Imphal Lifeline,Manipur,35.1,91.2,0.4,1.0,1.5,True,3,2,1,2,23.9,1050.9,20.2,2,45.0,41.1,0
1,NH-27 Assam Arterial,Assam,3.6,13.7,2.2,4.4,8.9,False,2,2,0,0,19.8,127.8,11.5,0,0.0,12.0,0
11,NH-10 Teesta River Canyon,Sikkim,1.7,7.9,0.5,1.0,2.0,False,6,3,3,1,17.0,1795.8,45.7,0,0.0,19.3,0
11,NH-10 Teesta River Canyon,Sikkim,7.8,36.3,29.1,52.7,118.8,True,7,2,5,2,60.4,1651.8,42.7,0,0.0,28.9,1
2,NH-13 Trans-Arunachal,Arunachal Pradesh,1.8,7.2,6.5,9.3,18.3,True,5,0,5,2,48.2,1837.9,18.2,3,45.0,23.6,1
10,NH-08 Tripura Central,Tripura,3.4,22.5,2.7,4.6,6.7,False,2,0,2,0,53.2,154.4,5.8,0,0.0,13.6,1
12,NH-27S Haflong Hill,Assam,13.4,35.4,1.2,2.4,4.9,False,7,3,4,2,60.6,1140.3,30.6,0,0.0,28.3,0
4,NH-06 Meghalaya Corridor,Meghalaya,13.1,110.7,17.8,33.8,76.6,True,4,2,2,0,46.4,1362.7,17.0,0,0.0,36.5,1
8,NH-29 Kohima Mountain,Nagaland,6.2,29.8,15.0,33.5,58.6,False,5,4,1,3,53.4,1830.2,25.3,3,45.0,38.3,0
6,NH-02 Imphal Lifeline,Manipur,1.0,4.3,1.8,3.6,7.2,False,1,1,0,2,65.3,846.3,21.6,0,0.0,17.0,1
2,NH-13 Trans-Arunachal,Arunachal Pradesh,7.4,28.8,27.5,67.7,147.5,True,10,2,8,2,57.6,2168.1,29.6,3,45.0,35.6,0
9,NH-54 Aizawl Ridge,Mizoram,2.6,10.4,3.9,7.6,15.7,False,2,2,0,0,86.3,1233.9,36.0,1,75.0,45.0,0
11,NH-10 Teesta River Canyon,Sikkim,6.4,21.5,3.2,6.4,12.7,False,6,6,0,1,64.0,1833.1,44.2,0,0.0,34.7,1
5,SH-05 Cherrapunjee Highland,Meghalaya,3.5,21.8,3.8,7.6,15.2,False,9,5,4,1,82.1,1316.4,36.5,0,0.0,34.0,1
11,NH-10 Teesta River Canyon,Sikkim,44.2,125.0,4.6,9.0,13.1,True,5,5,0,3,50.9,1616.1,49.9,0,0.0,52.6,1
9,NH-54 Aizawl Ridge,Mizoram,15.3,108.7,59.1,98.7,197.9,True,7,3,4,0,45.7,1219.4,40.8,0,0.0,42.8,1
7,NH-102 Moreh Border,Manipur,0.4,1.5,2.0,4.0,8.0,False,2,2,0,1,62.9,807.5,18.8,0,0.0,17.5,0
11,NH-10 Teesta River Canyon,Sikkim,13.7,65.7,36.8,84.9,137.4,True,9,3,6,3,80.2,1762.2,31.2,3,75.0,56.2,1
5,SH-05 Cherrapunjee Highland,Meghalaya,0.7,5.7,10.1,20.3,40.6,False,6,5,1,2,55.8,1276.3,40.8,0,0.0,27.7,1
3,NH-229 Sela Pass,Arunachal Pradesh,2.7,23.3,3.6,7.8,14.8,False,0,0,0,3,85.7,3523.4,43.1,1,75.0,44.9,1
9,NH-54 Aizawl Ridge,Mizoram,0.7,6.4,65.7,158.0,336.2,True,1,1,0,2,79.1,1028.9,28.7,3,95.0,44.6,1
5,SH-05 Cherrapunjee Highland,Meghalaya,1.6,5.3,3.5,7.0,14.0,False,7,5,2,1,46.1,1335.3,28.0,0,0.0,23.6,1
1,NH-27 Assam Arterial,Assam,9.4,26.0,41.9,83.9,153.2,True,0,0,0,0,22.9,50.0,2.0,0,0.0,9.0,1
2,NH-13 Trans-Arunachal,Arunachal Pradesh,3.3,9.9,2.2,5.0,8.5,False,5,4,1,0,42.5,2085.5,34.4,4,45.0,34.5,1
4,NH-06 Meghalaya Corridor,Meghalaya,0.7,3.8,2.0,3.9,7.9,False,2,2,0,0,51.8,1316.4,18.9,0,0.0,16.3,0
11,NH-10 Teesta River Canyon,Sikkim,5.8,26.1,0.9,1.3,2.6,False,6,6,0,4,36.8,1532.6,37.4,2,45.0,41.4,1
10,NH-08 Tripura Central,Tripura,17.2,49.9,6.3,13.8,31.3,False,1,1,0,0,53.6,278.0,6.1,0,0.0,21.2,0
5,SH-05 Cherrapunjee Highland,Meghalaya,11.8,34.8,3.7,5.6,12.9,True,5,3,2,0,38.9,1219.6,34.4,4,45.0,36.9,1
7,NH-102 Moreh Border,Manipur,21.3,143.2,63.1,101.3,219.5,True,4,0,4,1,34.2,643.2,24.0,3,45.0,49.8,1
12,NH-27S Haflong Hill,Assam,53.7,167.1,16.3,39.3,59.1,True,5,4,1,4,73.5,1022.7,26.7,1,95.0,78.1,0
10,NH-08 Tripura Central,Tripura,17.3,53.7,36.0,69.5,106.3,True,0,0,0,0,67.2,50.0,4.5,4,75.0,40.5,1
7,NH-102 Moreh Border,Manipur,3.7,11.3,11.5,23.7,51.3,False,2,2,0,1,27.4,497.9,21.1,0,0.0,14.6,0
12,NH-27S Haflong Hill,Assam,0.2,1.8,0.1,0.2,0.4,False,6,6,0,0,42.1,828.0,34.0,0,0.0,25.5,0
10,NH-08 Tripura Central,Tripura,10.9,50.0,13.7,27.4,41.7,True,1,1,0,0,83.3,157.3,4.0,0,0.0,25.3,0
4,NH-06 Meghalaya Corridor,Meghalaya,2.0,12.0,0.8,1.4,2.8,True,7,0,7,1,16.0,1535.6,25.9,1,75.0,28.7,0
4,NH-06 Meghalaya Corridor,Meghalaya,1.0,7.3,1.2,2.4,4.8,False,7,4,3,1,47.7,1371.7,27.0,0,0.0,22.0,0
3,NH-229 Sela Pass,Arunachal Pradesh,13.7,59.1,6.0,12.0,21.1,True,9,6,3,1,57.7,3726.1,37.4,2,45.0,51.2,0
11,NH-10 Teesta River Canyon,Sikkim,17.2,99.9,4.9,7.8,14.1,True,3,3,0,2,100.0,1642.3,43.5,0,0.0,49.7,1
8,NH-29 Kohima Mountain,Nagaland,1.1,6.8,0.9,1.9,3.8,False,2,2,0,2,50.0,1306.4,35.1,0,0.0,19.9,0
10,NH-08 Tripura Central,Tripura,0.1,0.5,6.1,12.2,24.4,False,2,0,2,1,68.7,50.0,9.2,0,0.0,12.2,0
6,NH-02 Imphal Lifeline,Manipur,1.4,4.6,44.0,100.4,175.3,True,7,1,6,3,37.3,735.1,25.4,4,75.0,32.3,1
5,SH-05 Cherrapunjee Highland,Meghalaya,4.0,14.1,0.7,1.3,2.7,False,4,3,1,0,73.5,1496.7,34.7,4,45.0,38.0,1
1,NH-27 Assam Arterial,Assam,13.6,97.3,76.0,111.4,178.1,True,3,0,3,1,58.6,132.0,11.9,1,45.0,41.9,1
9,NH-54 Aizawl Ridge,Mizoram,5.0,26.9,9.7,16.4,23.6,False,8,4,4,1,29.1,1228.2,28.1,0,0.0,23.4,0
1,NH-27 Assam Arterial,Assam,5.3,24.1,1.5,2.2,3.8,False,0,0,0,1,44.0,105.2,6.5,0,0.0,12.7,0
8,NH-29 Kohima Mountain,Nagaland,19.3,64.7,0.9,1.3,2.5,False,9,4,5,0,49.5,1190.2,39.9,3,95.0,60.1,0
2,NH-13 Trans-Arunachal,Arunachal Pradesh,5.2,44.9,62.6,128.5,232.1,True,4,3,1,0,50.9,1897.8,36.8,2,45.0,41.2,1
8,NH-29 Kohima Mountain,Nagaland,59.9,243.8,4.6,8.6,12.8,True,3,3,0,0,96.3,1448.2,34.2,0,0.0,57.3,1
5,SH-05 Cherrapunjee Highland,Meghalaya,3.3,30.8,25.2,40.1,99.5,True,13,4,9,2,60.7,1192.6,31.2,0,0.0,29.5,0
1,NH-27 Assam Arterial,Assam,0.3,1.3,1.8,3.6,7.1,False,1,0,1,0,44.8,239.7,2.0,1,45.0,18.6,0
7,NH-102 Moreh Border,Manipur,3.9,16.4,33.2,47.6,76.7,False,2,1,1,2,55.4,733.8,7.8,0,0.0,15.1,0
3,NH-229 Sela Pass,Arunachal Pradesh,13.3,43.2,19.1,32.8,47.1,False,9,5,4,0,68.9,3874.6,55.2,3,75.0,57.7,1
11,NH-10 Teesta River Canyon,Sikkim,2.0,15.9,2.1,4.2,8.4,False,11,8,3,0,52.6,1711.4,43.2,0,0.0,35.7,0
5,SH-05 Cherrapunjee Highland,Meghalaya,4.7,24.0,10.0,21.8,43.9,False,10,4,6,1,50.0,1279.1,43.2,2,95.0,52.7,0
12,NH-27S Haflong Hill,Assam,0.1,0.6,1.1,2.1,4.3,False,4,3,1,1,65.2,798.8,24.2,4,45.0,32.0,0
1,NH-27 Assam Arterial,Assam,3.8,21.0,19.1,29.0,45.8,True,2,0,2,0,62.8,50.0,2.5,4,45.0,25.4,1
3,NH-229 Sela Pass,Arunachal Pradesh,17.3,91.8,14.4,23.8,38.4,True,10,5,5,1,49.9,3964.0,36.4,1,75.0,61.9,1
9,NH-54 Aizawl Ridge,Mizoram,0.5,3.1,1.6,3.1,6.2,False,4,4,0,3,39.9,1171.2,30.2,3,75.0,39.4,0
10,NH-08 Tripura Central,Tripura,5.0,19.0,3.6,5.7,9.3,False,0,0,0,0,63.0,113.5,9.5,2,75.0,33.9,0
1,NH-27 Assam Arterial,Assam,1.8,6.2,50.2,85.4,131.6,True,0,0,0,0,31.6,50.0,5.6,0,0.0,7.1,1
8,NH-29 Kohima Mountain,Nagaland,5.1,22.9,4.5,9.0,18.0,False,5,4,1,5,73.3,1305.1,34.9,0,0.0,30.6,1
4,NH-06 Meghalaya Corridor,Meghalaya,7.9,57.3,31.9,47.4,68.3,False,1,1,0,1,54.7,1480.1,27.7,2,45.0,38.5,1
10,NH-08 Tripura Central,Tripura,4.9,28.8,1.6,3.2,6.5,False,2,1,1,0,28.8,50.0,11.1,0,0.0,14.3,0
9,NH-54 Aizawl Ridge,Mizoram,0.6,2.2,47.3,88.4,132.5,True,4,4,0,0,17.1,1332.8,34.1,2,75.0,36.6,0
3,NH-229 Sela Pass,Arunachal Pradesh,0.2,0.8,2.2,4.4,8.7,False,3,3,0,3,71.9,3735.8,32.7,0,0.0,23.5,0
2,NH-13 Trans-Arunachal,Arunachal Pradesh,0.1,0.2,2.5,4.9,9.8,False,5,5,0,0,77.3,1898.5,41.7,1,75.0,48.7,0
5,SH-05 Cherrapunjee Highland,Meghalaya,11.6,98.9,28.5,58.6,89.5,True,5,5,0,0,87.2,1381.6,36.0,4,95.0,73.8,1
4,NH-06 Meghalaya Corridor,Meghalaya,0.3,1.3,0.7,1.3,2.7,False,4,3,1,0,55.7,1580.3,12.3,0,0.0,17.1,0
7,NH-102 Moreh Border,Manipur,6.3,17.0,2.8,4.2,7.1,False,2,2,0,0,41.0,621.9,12.6,0,0.0,16.1,0
1,NH-27 Assam Arterial,Assam,1.1,8.5,10.1,22.8,35.7,True,0,0,0,0,52.9,50.0,14.4,0,0.0,12.5,0
3,NH-229 Sela Pass,Arunachal Pradesh,19.0,62.2,12.7,30.9,64.4,False,13,9,4,2,59.0,4161.3,41.4,0,0.0,47.6,0
3,NH-229 Sela Pass,Arunachal Pradesh,0.7,2.5,2.5,5.0,10.0,False,6,5,1,0,47.6,3813.4,44.6,0,0.0,26.6,0
1,NH-27 Assam Arterial,Assam,23.3,59.8,56.6,88.6,160.9,True,0,0,0,0,35.0,50.0,6.3,0,0.0,18.5,0
12,NH-27S Haflong Hill,Assam,2.4,13.5,0.2,0.5,0.9,False,7,1,6,0,74.1,958.8,28.8,0,0.0,21.6,1
2,NH-13 Trans-Arunachal,Arunachal Pradesh,10.1,32.5,19.7,38.7,85.6,False,5,5,0,1,62.8,1848.3,31.9,0,0.0,32.3,0
2,NH-13 Trans-Arunachal,Arunachal Pradesh,0.5,1.9,1.0,1.9,3.9,False,7,0,7,0,49.7,1674.3,47.6,0,0.0,17.4,0
10,NH-08 Tripura Central,Tripura,9.5,30.2,11.1,23.5,38.0,True,2,0,2,0,65.6,81.3,7.2,3,45.0,28.6,1
7,NH-102 Moreh Border,Manipur,33.4,111.0,9.7,21.1,38.6,True,4,3,1,1,16.9,441.1,15.8,0,0.0,33.9,0
6,NH-02 Imphal Lifeline,Manipur,27.2,135.5,65.3,110.7,197.7,True,3,3,0,0,47.2,945.6,26.3,1,75.0,64.2,1
8,NH-29 Kohima Mountain,Nagaland,7.6,29.9,2.4,4.0,5.7,False,4,4,0,1,41.9,1654.6,38.8,1,45.0,39.3,1
2,NH-13 Trans-Arunachal,Arunachal Pradesh,5.0,29.1,0.6,0.9,1.3,False,2,2,0,2,71.3,1738.4,25.0,0,0.0,25.5,0
12,NH-27S Haflong Hill,Assam,0.9,3.7,4.2,8.3,16.7,False,7,6,1,1,85.7,869.0,20.9,0,0.0,29.8,0
11,NH-10 Teesta River Canyon,Sikkim,0.4,0.9,0.5,1.3,3.0,False,8,6,2,2,72.0,1866.7,44.1,4,45.0,43.1,0
3,NH-229 Sela Pass,Arunachal Pradesh,9.5,54.2,47.4,68.3,105.8,True,7,3,4,2,33.0,3769.8,43.8,0,0.0,30.6,1
5,SH-05 Cherrapunjee Highland,Meghalaya,14.6,85.6,19.2,31.2,66.3,True,6,6,0,3,5.0,1492.1,29.4,0,0.0,35.7,0
6,NH-02 Imphal Lifeline,Manipur,4.0,15.0,1.3,2.6,5.2,False,3,3,0,0,47.3,962.8,23.6,0,0.0,20.8,0
5,SH-05 Cherrapunjee Highland,Meghalaya,2.2,20.2,8.1,14.3,25.4,False,8,2,6,2,43.5,1110.4,40.0,1,45.0,33.8,0
6,NH-02 Imphal Lifeline,Manipur,16.8,105.3,42.1,68.2,134.9,True,3,1,2,0,19.3,1082.0,20.8,0,0.0,30.1,1
7,NH-102 Moreh Border,Manipur,2.2,9.7,11.3,22.6,45.2,False,2,0,2,0,72.8,699.9,16.3,0,0.0,16.1,0
8,NH-29 Kohima Mountain,Nagaland,0.4,2.9,0.8,1.7,3.4,False,4,3,1,2,6.8,1435.7,34.9,0,0.0,14.6,0
2,NH-13 Trans-Arunachal,Arunachal Pradesh,2.3,7.8,2.2,4.3,8.7,False,2,1,1,2,58.8,2232.4,32.3,0,0.0,18.9,0
9,NH-54 Aizawl Ridge,Mizoram,3.4,19.7,7.9,14.4,30.3,True,3,1,2,0,98.7,1256.7,37.5,3,45.0,39.5,1
10,NH-08 Tripura Central,Tripura,0.3,1.8,2.3,4.5,9.0,False,0,0,0,1,55.0,250.6,12.5,0,0.0,11.1,0
12,NH-27S Haflong Hill,Assam,0.4,2.8,0.4,0.8,1.6,False,6,2,4,1,37.2,884.1,31.8,0,0.0,16.5,0
1,NH-27 Assam Arterial,Assam,3.3,28.3,10.1,19.5,44.6,False,2,0,2,0,37.3,50.0,2.0,2,75.0,30.4,0
3,NH-229 Sela Pass,Arunachal Pradesh,1.4,9.8,1.1,2.3,4.6,False,9,8,1,3,58.7,3947.9,47.3,0,0.0,36.2,1
4,NH-06 Meghalaya Corridor,Meghalaya,0.3,1.5,0.0,0.1,0.2,False,5,2,3,4,24.8,1321.4,29.9,0,0.0,14.0,0
10,NH-08 Tripura Central,Tripura,9.0,23.7,1.4,2.5,4.4,False,1,0,1,1,58.2,116.0,16.5,4,45.0,28.0,0
10,NH-08 Tripura Central,Tripura,16.7,46.3,13.6,25.4,36.8,False,0,0,0,2,36.6,225.4,10.3,3,45.0,28.1,1
2,NH-13 Trans-Arunachal,Arunachal Pradesh,19.6,84.0,14.1,27.3,43.2,True,6,5,1,1,16.2,1878.9,48.4,4,45.0,50.2,0
2,NH-13 Trans-Arunachal,Arunachal Pradesh,4.6,11.8,7.7,18.4,34.2,False,4,2,2,1,31.1,1952.5,38.4,3,75.0,37.5,0
8,NH-29 Kohima Mountain,Nagaland,21.6,95.7,1.7,2.4,4.9,True,2,1,1,4,53.0,1543.3,34.4,1,45.0,47.2,1
12,NH-27S Haflong Hill,Assam,8.3,34.9,12.9,28.8,56.7,True,7,6,1,0,39.6,739.7,41.1,0,0.0,33.1,0
6,NH-02 Imphal Lifeline,Manipur,1.6,6.5,0.8,1.6,3.3,False,2,2,0,0,63.1,1148.3,20.9,0,0.0,18.9,0
5,SH-05 Cherrapunjee Highland,Meghalaya,0.5,1.8,0.2,0.3,0.6,False,6,4,2,4,54.0,1352.7,28.9,0,0.0,22.3,0
6,NH-02 Imphal Lifeline,Manipur,53.5,162.2,7.2,11.7,20.3,True,6,1,5,0,58.9,993.0,19.5,2,75.0,63.5,0
4,NH-06 Meghalaya Corridor,Meghalaya,0.1,0.5,4.6,9.2,18.4,True,5,1,4,0,29.8,1456.2,29.3,0,0.0,12.4,0
9,NH-54 Aizawl Ridge,Mizoram,29.5,163.5,25.4,45.2,108.5,True,9,2,7,1,49.6,1244.0,21.6,0,0.0,45.8,1
7,NH-102 Moreh Border,Manipur,1.1,4.4,2.3,4.6,9.3,False,2,1,1,0,57.0,727.9,12.1,0,0.0,13.9,0
10,NH-08 Tripura Central,Tripura,1.1,4.6,0.2,0.3,0.7,False,4,3,1,0,31.5,151.9,13.4,0,0.0,14.3,0
11,NH-10 Teesta River Canyon,Sikkim,13.5,86.5,1.3,3.1,4.5,True,7,7,0,1,100.0,1621.1,44.8,2,45.0,66.5,0
3,NH-229 Sela Pass,Arunachal Pradesh,6.4,32.1,11.1,27.6,48.0,False,8,5,3,2,56.4,3882.8,39.3,1,45.0,44.0,0
5,SH-05 Cherrapunjee Highland,Meghalaya,16.9,46.3,49.0,115.0,185.0,True,5,5,0,0,55.2,1355.1,37.6,2,75.0,53.8,1
9,NH-54 Aizawl Ridge,Mizoram,1.3,6.1,1.1,2.3,4.6,False,3,3,0,0,42.7,1293.6,27.0,0,0.0,19.0,0
9,NH-54 Aizawl Ridge,Mizoram,12.2,38.3,2.2,4.1,7.8,False,7,2,5,1,67.1,1070.2,31.1,0,0.0,27.9,1
11,NH-10 Teesta River Canyon,Sikkim,1.2,4.9,32.1,58.6,91.8,True,10,4,6,2,66.9,1907.9,39.3,0,0.0,26.9,1
11,NH-10 Teesta River Canyon,Sikkim,0.8,3.2,0.4,0.8,1.6,False,5,5,0,1,39.3,1782.6,35.2,0,0.0,23.6,0
1,NH-27 Assam Arterial,Assam,0.7,6.3,3.9,7.8,15.6,True,0,0,0,1,54.8,288.1,4.9,3,75.0,29.2,0
10,NH-08 Tripura Central,Tripura,5.0,26.2,17.5,25.8,40.0,False,3,0,3,1,63.5,50.0,7.5,3,45.0,27.5,0
5,SH-05 Cherrapunjee Highland,Meghalaya,5.4,31.7,6.0,14.1,22.4,False,5,5,0,2,61.6,1462.6,37.3,0,0.0,33.0,1
2,NH-13 Trans-Arunachal,Arunachal Pradesh,1.0,9.1,12.3,24.7,49.4,False,4,0,4,2,45.0,1848.6,29.4,0,0.0,14.4,0
6,NH-02 Imphal Lifeline,Manipur,0.2,1.4,3.9,7.9,15.7,False,5,3,2,0,45.1,930.6,32.0,0,0.0,19.5,0
6,NH-02 Imphal Lifeline,Manipur,0.9,5.6,3.3,6.5,13.1,False,8,3,5,0,50.8,649.8,17.9,0,0.0,18.3,0
6,NH-02 Imphal Lifeline,Manipur,1.1,6.4,13.8,21.5,40.6,True,5,0,5,2,96.3,1044.7,26.4,2,95.0,44.8,1
5,SH-05 Cherrapunjee Highland,Meghalaya,3.9,27.0,4.2,8.3,16.7,False,5,5,0,2,18.8,962.6,28.0,0,0.0,23.8,0
3,NH-229 Sela Pass,Arunachal Pradesh,0.8,7.3,0.6,1.3,2.6,False,8,3,5,2,60.1,3895.8,34.5,0,0.0,23.4,1
3,NH-229 Sela Pass,Arunachal Pradesh,1.4,4.8,9.4,17.8,27.0,False,6,5,1,4,59.6,3938.9,47.8,3,95.0,53.2,1
2,NH-13 Trans-Arunachal,Arunachal Pradesh,0.0,0.0,1.4,2.7,5.5,False,2,2,0,0,7.1,1912.8,36.2,0,0.0,12.3,0
6,NH-02 Imphal Lifeline,Manipur,33.6,209.6,3.5,7.7,15.8,True,5,2,3,0,30.1,901.2,32.2,4,75.0,63.7,1
1,NH-27 Assam Arterial,Assam,1.3,8.1,0.2,0.5,1.0,False,1,1,0,1,51.0,263.6,4.5,0,0.0,12.2,0
7,NH-102 Moreh Border,Manipur,0.7,2.6,19.4,41.3,93.7,True,1,1,0,0,65.8,773.9,13.1,2,75.0,33.8,1
5,SH-05 Cherrapunjee Highland,Meghalaya,19.3,62.2,59.0,113.6,203.0,True,8,3,5,4,49.3,1324.8,27.7,3,75.0,50.1,1
10,NH-08 Tripura Central,Tripura,0.7,5.1,0.1,0.2,0.3,False,2,0,2,1,48.7,206.3,12.8,0,0.0,10.9,0
6,NH-02 Imphal Lifeline,Manipur,6.7,23.3,0.8,1.2,2.6,False,4,1,3,0,50.3,886.8,27.2,4,95.0,43.4,1
1,NH-27 Assam Arterial,Assam,1.9,15.2,10.1,17.9,28.6,False,4,0,4,1,27.5,50.0,10.6,0,0.0,9.3,0
3,NH-229 Sela Pass,Arunachal Pradesh,0.6,2.7,2.2,4.4,8.8,False,9,3,6,1,59.5,3861.3,48.3,0,0.0,25.1,0
3,NH-229 Sela Pass,Arunachal Pradesh,5.0,37.1,33.5,50.0,105.5,True,8,3,5,1,60.3,3966.3,33.9,3,75.0,48.0,1
9,NH-54 Aizawl Ridge,Mizoram,1.7,8.1,3.4,6.7,13.4,False,5,3,2,0,45.9,1283.7,33.0,0,0.0,21.1,0
1,NH-27 Assam Arterial,Assam,17.3,49.4,0.9,1.4,2.9,False,0,0,0,1,42.1,50.0,6.9,0,0.0,17.6,0
12,NH-27S Haflong Hill,Assam,0.0,0.2,5.3,10.7,21.3,False,5,2,3,3,42.8,1005.8,28.6,0,0.0,16.2,0
11,NH-10 Teesta River Canyon,Sikkim,0.1,0.6,1.0,2.0,3.9,False,10,7,3,3,51.9,1337.0,48.7,0,0.0,31.6,0
10,NH-08 Tripura Central,Tripura,9.6,40.2,8.7,14.1,24.5,False,2,1,1,1,62.2,50.0,4.2,0,0.0,20.2,0
7,NH-102 Moreh Border,Manipur,8.5,26.1,2.5,3.6,6.6,False,2,1,1,2,59.4,643.3,17.0,1,45.0,30.8,1
8,NH-29 Kohima Mountain,Nagaland,10.8,38.3,16.1,29.1,53.3,True,7,2,5,1,76.6,1435.4,23.0,0,0.0,27.8,1
10,NH-08 Tripura Central,Tripura,0.7,4.9,0.8,1.6,3.1,False,1,1,0,1,37.2,50.0,5.7,0,0.0,9.7,1
3,NH-229 Sela Pass,Arunachal Pradesh,7.3,19.8,66.2,153.0,232.5,True,4,4,0,2,67.1,3978.5,44.4,4,95.0,54.7,1
6,NH-02 Imphal Lifeline,Manipur,3.0,19.7,5.9,11.7,23.4,False,2,0,2,1,39.1,916.1,17.4,0,0.0,13.3,0
11,NH-10 Teesta River Canyon,Sikkim,0.9,8.9,4.1,8.2,16.4,False,7,3,4,0,50.7,1806.9,52.5,0,0.0,25.4,0
10,NH-08 Tripura Central,Tripura,2.4,8.3,4.7,8.3,15.1,False,3,0,3,0,43.5,94.8,2.0,3,95.0,32.3,1
5,SH-05 Cherrapunjee Highland,Meghalaya,0.3,1.4,1.1,2.3,4.5,False,5,4,1,2,44.9,1212.0,34.9,0,0.0,22.0,0
8,NH-29 Kohima Mountain,Nagaland,28.4,163.6,16.4,26.9,49.4,True,2,2,0,3,31.1,1816.2,37.1,0,0.0,46.1,1
5,SH-05 Cherrapunjee Highland,Meghalaya,16.1,42.0,10.9,19.9,32.8,False,7,6,1,3,55.8,1289.8,43.2,4,75.0,56.1,0
3,NH-229 Sela Pass,Arunachal Pradesh,4.3,11.5,18.5,43.0,72.9,False,6,6,0,2,60.6,3499.3,41.3,0,0.0,31.7,0
8,NH-29 Kohima Mountain,Nagaland,2.8,13.3,0.8,1.6,3.3,False,4,2,2,1,27.8,1619.3,25.4,3,75.0,34.6,0
12,NH-27S Haflong Hill,Assam,5.6,16.1,11.9,24.3,43.2,True,3,3,0,0,29.3,1129.9,34.5,0,0.0,20.5,1
1,NH-27 Assam Arterial,Assam,1.4,8.8,1.5,3.1,6.2,False,0,0,0,0,30.5,96.2,9.3,0,0.0,8.2,1
7,NH-102 Moreh Border,Manipur,2.2,7.5,1.3,2.2,5.1,False,3,1,2,0,38.0,511.0,6.1,0,0.0,10.4,1
9,NH-54 Aizawl Ridge,Mizoram,2.0,7.4,17.0,34.1,68.2,False,4,3,1,2,52.7,1014.3,36.5,0,0.0,22.7,0
8,NH-29 Kohima Mountain,Nagaland,7.0,27.9,19.1,28.9,71.6,True,4,4,0,1,57.8,1683.8,38.5,0,0.0,30.0,1
11,NH-10 Teesta River Canyon,Sikkim,0.5,4.5,34.4,57.3,123.5,True,10,2,8,3,92.1,1735.4,30.1,0,0.0,24.7,0
4,NH-06 Meghalaya Corridor,Meghalaya,6.8,24.1,19.1,32.3,57.2,False,1,1,0,2,71.0,1516.3,20.4,0,0.0,21.5,0
3,NH-229 Sela Pass,Arunachal Pradesh,6.2,28.5,3.3,5.8,13.8,False,8,6,2,3,58.0,3850.4,52.9,0,0.0,36.4,1
7,NH-102 Moreh Border,Manipur,0.8,6.3,3.4,6.9,13.7,False,0,0,0,1,54.8,593.3,17.4,0,0.0,13.0,0
5,SH-05 Cherrapunjee Highland,Meghalaya,1.6,8.9,0.0,0.0,0.0,True,6,6,0,0,73.5,1150.3,39.1,0,0.0,32.6,1
6,NH-02 Imphal Lifeline,Manipur,6.4,21.2,4.0,7.9,13.5,False,2,2,0,0,46.6,1005.7,28.6,4,75.0,39.7,0
3,NH-229 Sela Pass,Arunachal Pradesh,0.3,1.4,1.8,3.6,7.2,False,10,3,7,2,62.7,3741.4,38.9,1,45.0,34.7,0
12,NH-27S Haflong Hill,Assam,5.9,21.2,0.9,2.2,4.9,False,7,4,3,3,79.0,1144.5,30.0,3,95.0,53.8,0
10,NH-08 Tripura Central,Tripura,1.2,6.0,2.2,4.3,8.6,False,2,0,2,1,47.2,50.0,23.3,0,0.0,13.0,0
7,NH-102 Moreh Border,Manipur,1.8,11.0,0.9,1.8,3.7,False,1,1,0,2,69.4,609.1,9.6,1,45.0,27.8,1
3,NH-229 Sela Pass,Arunachal Pradesh,102.1,314.0,14.1,34.1,67.3,True,5,3,2,3,67.2,3855.1,43.8,0,0.0,54.8,1
7,NH-102 Moreh Border,Manipur,1.1,8.3,13.7,24.4,35.9,False,1,0,1,1,50.1,686.8,20.2,0,0.0,13.2,0
12,NH-27S Haflong Hill,Assam,3.9,12.9,1.4,3.1,5.3,False,4,3,1,1,36.8,619.8,25.3,2,95.0,42.9,1
2,NH-13 Trans-Arunachal,Arunachal Pradesh,19.4,122.3,13.6,26.4,61.8,True,5,4,1,1,43.7,1982.5,40.5,3,95.0,70.9,1
11,NH-10 Teesta River Canyon,Sikkim,1.1,5.8,0.1,0.2,0.3,False,6,6,0,2,67.7,1612.4,41.9,0,0.0,31.7,1
3,NH-229 Sela Pass,Arunachal Pradesh,18.8,106.0,0.3,0.6,1.4,True,8,8,0,1,55.3,3765.1,44.0,3,45.0,65.6,1
9,NH-54 Aizawl Ridge,Mizoram,1.1,4.9,2.9,5.9,11.8,False,4,4,0,0,39.9,1412.4,23.5,0,0.0,19.7,0
4,NH-06 Meghalaya Corridor,Meghalaya,1.0,5.5,1.3,2.6,5.3,False,2,0,2,0,30.3,1593.6,20.7,0,0.0,9.8,0
9,NH-54 Aizawl Ridge,Mizoram,0.4,3.5,4.6,9.1,18.3,False,4,3,1,0,42.9,1574.0,18.8,0,0.0,16.9,1
9,NH-54 Aizawl Ridge,Mizoram,0.7,4.0,1.3,2.6,5.1,False,6,4,2,0,75.1,1334.1,27.3,0,0.0,25.5,1
9,NH-54 Aizawl Ridge,Mizoram,13.6,37.3,8.1,19.4,34.6,False,0,0,0,0,36.7,1515.1,23.6,0,0.0,17.7,0
9,NH-54 Aizawl Ridge,Mizoram,1.7,4.6,8.5,12.9,19.6,True,6,2,4,1,27.8,1334.4,38.3,4,95.0,40.5,1
1,NH-27 Assam Arterial,Assam,2.1,9.8,3.6,5.8,9.9,False,3,1,2,1,37.5,265.1,11.0,1,45.0,23.0,0
1,NH-27 Assam Arterial,Assam,1.1,5.1,0.1,0.2,0.3,False,1,1,0,0,60.4,231.3,8.2,3,45.0,25.0,0
9,NH-54 Aizawl Ridge,Mizoram,5.1,20.4,3.3,6.6,13.2,False,4,4,0,0,36.3,1141.6,27.9,4,75.0,41.9,1
7,NH-102 Moreh Border,Manipur,17.3,131.5,21.5,50.2,82.8,True,4,1,3,1,56.9,548.0,8.6,4,75.0,57.3,1
7,NH-102 Moreh Border,Manipur,19.7,81.4,22.4,33.6,62.5,True,4,2,2,0,22.9,569.4,22.7,0,0.0,28.3,1
2,NH-13 Trans-Arunachal,Arunachal Pradesh,0.2,0.9,0.3,0.5,1.0,False,6,3,3,0,51.0,1957.6,33.1,0,0.0,20.5,0
6,NH-02 Imphal Lifeline,Manipur,54.6,177.4,27.3,54.6,105.1,True,4,3,1,1,14.3,1301.9,12.7,0,0.0,40.7,1
3,NH-229 Sela Pass,Arunachal Pradesh,2.5,10.6,4.5,9.0,17.9,False,7,5,2,5,35.9,3625.1,40.5,1,75.0,44.3,0
8,NH-29 Kohima Mountain,Nagaland,4.0,13.6,1.2,2.5,4.9,False,3,3,0,1,56.1,1384.6,36.9,0,0.0,24.5,0
4,NH-06 Meghalaya Corridor,Meghalaya,5.4,18.8,2.4,4.9,8.2,True,0,0,0,3,53.3,1257.2,21.4,1,45.0,27.3,1
11,NH-10 Teesta River Canyon,Sikkim,47.8,182.6,5.9,9.6,22.1,True,7,7,0,3,35.3,1625.7,28.3,0,0.0,55.0,0
1,NH-27 Assam Arterial,Assam,0.9,3.0,11.0,17.1,37.3,True,2,1,1,0,33.3,50.0,5.4,0,0.0,8.7,0
11,NH-10 Teesta River Canyon,Sikkim,4.5,22.0,1.1,2.3,4.5,False,9,6,3,0,71.6,1592.5,41.1,0,0.0,35.4,0
4,NH-06 Meghalaya Corridor,Meghalaya,0.2,0.9,9.7,17.1,31.0,False,4,2,2,1,32.1,1350.5,25.4,0,0.0,14.1,1
5,SH-05 Cherrapunjee Highland,Meghalaya,6.6,41.0,14.4,25.0,39.1,False,8,5,3,3,50.5,1109.7,46.7,3,95.0,58.9,1
3,NH-229 Sela Pass,Arunachal Pradesh,2.0,7.6,0.2,0.4,0.9,False,4,4,0,0,100.0,3940.5,45.5,0,0.0,33.6,1
9,NH-54 Aizawl Ridge,Mizoram,2.2,10.8,1.4,2.7,5.5,False,1,1,0,1,62.4,1252.9,25.2,0,0.0,18.6,0
7,NH-102 Moreh Border,Manipur,15.5,52.9,0.8,1.2,1.9,True,2,0,2,0,27.6,719.0,12.9,4,75.0,36.0,0
6,NH-02 Imphal Lifeline,Manipur,1.1,5.7,0.8,1.6,3.2,False,1,1,0,2,37.1,833.0,25.9,0,0.0,13.9,1
9,NH-54 Aizawl Ridge,Mizoram,13.2,96.0,53.9,100.0,151.7,True,9,3,6,3,43.5,1235.5,42.9,0,0.0,40.3,1
12,NH-27S Haflong Hill,Assam,11.2,97.5,32.2,70.2,124.4,True,3,2,1,0,46.4,1007.1,10.9,1,75.0,51.4,1
7,NH-102 Moreh Border,Manipur,7.1,53.0,3.0,5.9,11.0,True,3,1,2,0,47.1,881.7,8.3,2,75.0,40.1,1
2,NH-13 Trans-Arunachal,Arunachal Pradesh,2.3,15.3,1.7,3.4,6.8,False,5,5,0,1,37.6,1859.2,24.3,2,95.0,47.3,1
7,NH-102 Moreh Border,Manipur,0.7,3.4,0.4,0.7,1.4,False,0,0,0,1,32.3,330.6,13.6,0,0.0,8.3,1
10,NH-08 Tripura Central,Tripura,0.3,1.0,0.9,1.8,3.7,False,0,0,0,0,24.2,50.0,8.8,0,0.0,5.6,0
6,NH-02 Imphal Lifeline,Manipur,2.8,17.3,16.4,36.2,69.0,False,5,1,4,2,77.7,1249.5,14.4,2,95.0,43.7,0
2,NH-13 Trans-Arunachal,Arunachal Pradesh,0.9,3.2,5.8,11.6,23.2,False,6,0,6,0,55.9,1782.9,23.6,0,0.0,13.8,0
12,NH-27S Haflong Hill,Assam,8.4,67.1,27.9,40.7,68.3,False,0,0,0,1,43.2,835.9,30.9,3,45.0,37.3,1
9,NH-54 Aizawl Ridge,Mizoram,1.5,5.1,0.5,1.0,2.1,False,6,2,4,1,36.3,1366.2,31.1,0,0.0,16.7,0
8,NH-29 Kohima Mountain,Nagaland,18.2,58.0,17.9,37.5,75.7,False,7,1,6,2,58.3,1431.8,36.4,3,45.0,40.9,0
6,NH-02 Imphal Lifeline,Manipur,15.1,44.8,11.1,25.2,50.7,True,8,3,5,1,80.3,823.3,32.7,0,0.0,33.5,0
1,NH-27 Assam Arterial,Assam,1.1,3.8,28.1,62.3,96.1,True,4,3,1,0,29.7,50.0,2.0,0,0.0,11.6,0
7,NH-102 Moreh Border,Manipur,6.2,17.2,1.3,2.8,4.7,True,1,1,0,1,52.2,358.8,2.0,2,75.0,32.4,0
11,NH-10 Teesta River Canyon,Sikkim,2.4,8.9,0.0,0.0,0.1,False,12,8,4,3,62.2,1793.8,51.2,0,0.0,37.1,0
12,NH-27S Haflong Hill,Assam,0.0,0.2,0.8,1.6,3.2,False,5,4,1,3,9.7,707.7,22.6,3,75.0,32.7,1
12,NH-27S Haflong Hill,Assam,1.7,5.3,3.8,7.2,15.6,True,5,3,2,0,50.0,1100.9,45.9,0,0.0,23.7,0
1,NH-27 Assam Arterial,Assam,14.0,45.0,3.9,6.0,12.7,False,1,1,0,0,49.3,50.0,5.5,1,45.0,30.7,0
7,NH-102 Moreh Border,Manipur,0.2,0.5,3.7,7.3,12.6,False,2,0,2,0,30.7,923.9,27.2,2,45.0,21.4,1
9,NH-54 Aizawl Ridge,Mizoram,0.2,0.7,24.0,41.7,60.5,True,6,3,3,2,86.8,1126.1,41.1,0,0.0,27.4,0
8,NH-29 Kohima Mountain,Nagaland,3.4,17.2,0.9,1.9,3.8,True,6,2,4,1,38.1,1558.5,18.8,0,0.0,16.9,0
1,NH-27 Assam Arterial,Assam,48.1,221.2,1.3,2.3,5.4,True,2,0,2,0,48.2,50.0,8.1,3,45.0,50.1,1
12,NH-27S Haflong Hill,Assam,0.3,2.3,7.9,15.8,31.7,False,4,0,4,3,62.7,724.2,31.4,0,0.0,16.2,1
2,NH-13 Trans-Arunachal,Arunachal Pradesh,1.6,7.5,2.8,5.8,12.1,False,6,3,3,2,58.6,2112.6,33.8,0,0.0,23.1,1
6,NH-02 Imphal Lifeline,Manipur,14.6,124.4,3.2,6.1,9.9,True,3,3,0,3,44.3,885.4,20.5,3,75.0,60.4,0
8,NH-29 Kohima Mountain,Nagaland,21.0,102.8,24.4,42.3,69.1,True,5,2,3,1,36.0,1300.3,28.0,0,0.0,35.6,1
11,NH-10 Teesta River Canyon,Sikkim,2.1,10.2,7.2,14.4,28.7,False,7,5,2,0,76.9,1456.9,43.6,0,0.0,32.3,0
1,NH-27 Assam Arterial,Assam,0.5,1.6,8.7,18.7,42.7,False,0,0,0,0,31.1,165.0,9.6,0,0.0,6.9,1
1,NH-27 Assam Arterial,Assam,1.5,6.7,1.1,2.2,4.3,False,1,1,0,1,31.9,376.4,6.3,0,0.0,9.4,0
6,NH-02 Imphal Lifeline,Manipur,4.2,25.7,12.5,30.5,57.2,False,6,4,2,0,62.9,1097.8,11.3,1,75.0,43.6,1
12,NH-27S Haflong Hill,Assam,2.5,11.3,2.5,4.9,9.9,False,8,5,3,0,59.2,814.9,34.8,1,45.0,39.3,0
5,SH-05 Cherrapunjee Highland,Meghalaya,1.6,7.2,0.4,0.9,1.8,False,6,4,2,2,64.4,1270.1,38.6,3,95.0,50.6,1
4,NH-06 Meghalaya Corridor,Meghalaya,4.2,15.5,5.4,13.5,20.9,False,5,3,2,0,62.4,1518.4,35.7,0,0.0,25.6,0
2,NH-13 Trans-Arunachal,Arunachal Pradesh,15.8,49.3,10.1,23.1,55.1,False,4,4,0,2,26.8,1709.9,42.9,4,45.0,41.7,1
9,NH-54 Aizawl Ridge,Mizoram,5.6,22.9,5.7,12.7,22.8,False,7,3,4,1,48.0,1330.2,25.8,1,45.0,34.2,0
6,NH-02 Imphal Lifeline,Manipur,2.0,16.1,1.9,4.6,7.1,False,4,3,1,2,46.9,844.4,30.4,0,0.0,22.3,0
10,NH-08 Tripura Central,Tripura,1.2,10.2,4.7,9.4,18.7,False,1,0,1,0,43.2,267.1,6.1,0,0.0,9.7,1
5,SH-05 Cherrapunjee Highland,Meghalaya,0.9,4.0,7.7,15.3,30.6,False,8,5,3,2,49.6,1224.8,36.0,4,75.0,44.2,1
11,NH-10 Teesta River Canyon,Sikkim,8.2,25.4,38.7,62.7,99.7,True,7,5,2,3,28.0,1949.7,51.1,3,75.0,48.0,0
12,NH-27S Haflong Hill,Assam,6.8,21.6,2.0,4.6,9.5,False,7,7,0,2,66.6,870.9,28.4,2,75.0,52.7,0
6,NH-02 Imphal Lifeline,Manipur,5.7,17.2,15.5,31.2,52.2,True,4,3,1,1,87.1,853.4,34.2,0,0.0,29.3,0
5,SH-05 Cherrapunjee Highland,Meghalaya,5.3,37.8,8.8,20.1,44.5,True,12,3,9,0,70.6,1171.9,32.1,4,75.0,49.3,1
2,NH-13 Trans-Arunachal,Arunachal Pradesh,0.1,0.3,8.9,14.8,34.1,True,3,3,0,3,86.8,1755.6,38.3,0,0.0,26.7,0
7,NH-102 Moreh Border,Manipur,37.3,160.2,21.9,32.3,59.4,True,0,0,0,2,53.8,601.3,15.6,1,95.0,64.9,0
9,NH-54 Aizawl Ridge,Mizoram,1.9,15.0,0.2,0.5,1.0,False,7,2,5,3,51.3,949.2,41.8,0,0.0,23.1,1
7,NH-102 Moreh Border,Manipur,6.9,22.4,26.1,47.6,78.0,False,3,1,2,1,25.3,804.3,11.5,2,45.0,23.8,1
7,NH-102 Moreh Border,Manipur,11.4,82.0,13.2,21.7,39.3,True,2,1,1,0,25.9,534.7,10.0,1,75.0,43.0,1
4,NH-06 Meghalaya Corridor,Meghalaya,1.5,8.7,3.2,6.4,12.7,False,3,0,3,2,43.4,1555.3,32.8,0,0.0,14.8,0
3,NH-229 Sela Pass,Arunachal Pradesh,3.5,13.8,16.5,29.0,51.7,False,11,4,7,2,62.3,4032.3,36.5,4,95.0,51.1,1
6,NH-02 Imphal Lifeline,Manipur,7.5,25.4,25.9,38.9,84.0,False,5,4,1,1,85.7,1064.3,14.7,0,0.0,28.9,0
10,NH-08 Tripura Central,Tripura,15.1,42.9,27.2,38.9,93.2,True,4,0,4,1,49.7,50.0,7.1,2,95.0,41.2,1
3,NH-229 Sela Pass,Arunachal Pradesh,1.9,9.3,4.4,8.9,17.7,False,9,2,7,2,26.2,3793.7,46.2,0,0.0,19.0,0
8,NH-29 Kohima Mountain,Nagaland,1.7,6.1,6.1,12.2,24.4,False,7,0,7,0,5.0,1697.0,26.6,0,0.0,7.3,0
7,NH-102 Moreh Border,Manipur,0.4,1.3,6.3,12.9,22.6,False,1,1,0,0,66.9,465.7,16.2,2,45.0,26.8,0
9,NH-54 Aizawl Ridge,Mizoram,4.2,34.7,15.9,28.4,59.3,False,8,4,4,0,33.1,1367.4,23.7,0,0.0,24.6,1
5,SH-05 Cherrapunjee Highland,Meghalaya,1.5,10.3,0.0,0.0,0.0,False,4,4,0,1,64.1,1148.8,38.2,0,0.0,27.3,0
11,NH-10 Teesta River Canyon,Sikkim,3.5,16.3,40.1,79.8,133.3,True,11,7,4,1,70.3,1675.9,51.4,2,95.0,61.6,1
3,NH-229 Sela Pass,Arunachal Pradesh,0.8,7.8,0.5,1.0,2.1,False,4,4,0,4,32.4,3719.4,41.5,4,45.0,34.0,0
9,NH-54 Aizawl Ridge,Mizoram,11.2,43.3,1.8,3.1,5.1,False,5,3,2,2,44.7,1368.2,36.1,0,0.0,28.6,0
6,NH-02 Imphal Lifeline,Manipur,0.8,4.3,2.5,5.0,10.1,False,2,1,1,0,49.4,672.6,19.7,0,0.0,14.2,0
2,NH-13 Trans-Arunachal,Arunachal Pradesh,3.0,24.7,7.3,14.6,29.2,False,8,2,6,1,58.8,1772.4,39.1,0,0.0,25.6,0
1,NH-27 Assam Arterial,Assam,13.1,37.7,6.0,14.4,33.4,False,0,0,0,1,37.5,174.5,2.0,0,0.0,13.6,0
6,NH-02 Imphal Lifeline,Manipur,0.9,3.5,1.8,3.6,7.1,False,3,2,1,0,49.0,796.3,20.5,3,75.0,34.9,1
12,NH-27S Haflong Hill,Assam,1.2,10.3,28.1,43.6,68.9,False,6,6,0,0,23.7,1067.0,24.0,0,0.0,22.4,0
7,NH-102 Moreh Border,Manipur,18.0,49.8,0.7,1.6,3.2,False,1,1,0,0,45.1,492.1,13.7,0,0.0,21.5,1
1,NH-27 Assam Arterial,Assam,9.1,36.3,5.7,11.1,25.2,False,3,0,3,0,46.0,50.0,4.0,0,0.0,15.0,1
12,NH-27S Haflong Hill,Assam,17.4,45.5,5.4,8.4,14.1,False,3,2,1,0,64.7,619.2,33.8,2,75.0,48.3,1
6,NH-02 Imphal Lifeline,Manipur,14.3,65.9,3.4,5.9,11.3,False,3,1,2,0,18.2,1012.8,29.8,0,0.0,23.9,1
5,SH-05 Cherrapunjee Highland,Meghalaya,4.2,19.5,43.1,81.0,117.3,True,9,4,5,1,62.2,1239.0,28.0,0,0.0,26.8,1
6,NH-02 Imphal Lifeline,Manipur,2.4,15.7,0.6,1.3,2.6,False,3,3,0,2,46.4,895.9,18.8,2,75.0,38.6,0
9,NH-54 Aizawl Ridge,Mizoram,21.2,75.4,15.1,30.6,75.4,False,1,0,1,2,63.7,1497.9,36.1,0,0.0,31.9,1
7,NH-102 Moreh Border,Manipur,0.3,2.9,6.7,13.5,27.0,False,1,1,0,0,41.5,699.9,8.0,0,0.0,10.4,0
12,NH-27S Haflong Hill,Assam,2.0,8.0,10.7,21.4,42.7,False,3,3,0,1,36.5,900.0,37.5,0,0.0,20.6,0
12,NH-27S Haflong Hill,Assam,40.2,152.8,18.8,40.6,95.1,True,1,1,0,0,55.8,1256.5,31.1,1,75.0,65.3,1
9,NH-54 Aizawl Ridge,Mizoram,49.2,146.5,3.8,6.4,14.5,True,7,5,2,1,64.8,1342.3,37.9,4,75.0,75.4,1
11,NH-10 Teesta River Canyon,Sikkim,0.4,1.8,3.9,7.8,15.7,False,9,8,1,3,81.3,2052.7,44.3,0,0.0,37.4,0
10,NH-08 Tripura Central,Tripura,4.5,36.1,11.9,26.7,53.4,True,5,1,4,1,11.0,112.8,9.9,4,45.0,24.1,0
11,NH-10 Teesta River Canyon,Sikkim,0.4,1.9,0.2,0.5,0.9,False,8,6,2,3,60.9,1864.4,51.0,0,0.0,31.5,1
3,NH-229 Sela Pass,Arunachal Pradesh,2.4,8.9,54.8,83.9,162.1,True,0,0,0,2,99.5,3816.9,36.0,1,95.0,47.6,1
12,NH-27S Haflong Hill,Assam,1.2,7.2,0.5,1.0,1.9,False,5,5,0,0,88.0,752.4,26.0,0,0.0,29.9,0
7,NH-102 Moreh Border,Manipur,37.1,114.2,30.5,75.5,181.4,True,2,1,1,0,5.0,603.9,19.5,0,0.0,29.5,0
11,NH-10 Teesta River Canyon,Sikkim,1.6,8.9,0.7,1.4,2.9,False,10,5,5,2,85.1,1522.0,42.6,3,95.0,56.8,1
6,NH-02 Imphal Lifeline,Manipur,1.4,8.0,2.3,4.6,9.2,False,5,0,5,1,13.8,971.4,20.0,0,0.0,7.7,0
8,NH-29 Kohima Mountain,Nagaland,12.9,93.9,58.0,84.8,126.7,True,4,3,1,4,47.9,1488.2,35.3,0,0.0,39.0,0
9,NH-54 Aizawl Ridge,Mizoram,0.0,0.1,0.3,0.5,1.1,False,2,1,1,1,73.1,1250.3,37.9,0,0.0,20.5,0
8,NH-29 Kohima Mountain,Nagaland,0.1,0.3,54.6,91.4,136.7,True,4,2,2,3,66.4,1656.5,31.5,1,75.0,39.1,0
4,NH-06 Meghalaya Corridor,Meghalaya,10.9,32.6,11.5,24.1,48.6,False,1,1,0,2,50.2,1075.6,29.9,2,95.0,45.8,0
10,NH-08 Tripura Central,Tripura,3.0,13.2,0.9,1.8,3.6,False,2,1,1,1,34.7,376.0,13.3,0,0.0,12.5,1
2,NH-13 Trans-Arunachal,Arunachal Pradesh,16.4,52.1,10.3,22.0,35.0,False,5,3,2,3,67.0,1849.5,28.1,0,0.0,32.1,0
1,NH-27 Assam Arterial,Assam,0.5,2.4,1.0,1.9,3.9,False,0,0,0,0,48.3,109.1,19.3,0,0.0,11.6,0
12,NH-27S Haflong Hill,Assam,0.2,0.8,0.1,0.1,0.2,False,4,4,0,1,37.0,723.9,30.0,0,0.0,19.7,0
8,NH-29 Kohima Mountain,Nagaland,12.3,46.1,0.8,1.1,2.1,False,9,2,7,0,57.6,1566.7,30.8,1,75.0,46.7,0
4,NH-06 Meghalaya Corridor,Meghalaya,7.7,35.4,36.9,70.3,160.6,True,4,2,2,0,77.0,1635.2,21.5,0,0.0,26.9,0
12,NH-27S Haflong Hill,Assam,1.9,7.9,2.8,5.7,11.4,False,7,2,5,0,55.2,810.9,30.2,0,0.0,19.9,0
4,NH-06 Meghalaya Corridor,Meghalaya,1.6,11.5,0.7,1.3,2.7,False,3,1,2,1,44.8,1502.4,24.5,0,0.0,15.9,0
3,NH-229 Sela Pass,Arunachal Pradesh,40.9,205.1,3.2,4.7,8.2,True,9,6,3,5,33.7,3770.7,46.7,0,0.0,56.4,1
5,SH-05 Cherrapunjee Highland,Meghalaya,0.8,5.2,0.8,1.6,3.1,False,6,3,3,3,78.9,1335.3,42.9,0,0.0,27.5,0
3,NH-229 Sela Pass,Arunachal Pradesh,2.6,8.8,4.3,8.7,17.3,False,5,5,0,2,41.7,3716.7,41.0,0,0.0,26.2,0
11,NH-10 Teesta River Canyon,Sikkim,4.2,40.6,8.1,14.9,24.7,False,10,7,3,3,72.9,1770.8,38.5,3,75.0,59.5,0
11,NH-10 Teesta River Canyon,Sikkim,6.2,16.1,0.4,0.9,1.9,True,8,5,3,1,52.8,1803.3,45.7,4,95.0,54.0,1
2,NH-13 Trans-Arunachal,Arunachal Pradesh,1.2,5.9,2.2,4.3,8.6,False,4,2,2,5,46.1,1430.7,41.0,3,45.0,31.5,0
6,NH-02 Imphal Lifeline,Manipur,14.3,50.6,10.9,19.8,29.5,False,4,4,0,1,61.6,996.2,28.0,0,0.0,33.0,0
12,NH-27S Haflong Hill,Assam,0.9,2.9,15.0,27.2,45.8,False,3,2,1,0,77.6,1161.6,38.4,0,0.0,23.9,0
2,NH-13 Trans-Arunachal,Arunachal Pradesh,0.3,1.3,3.8,7.7,15.4,False,5,3,2,1,70.6,1931.7,36.7,0,0.0,24.2,0
8,NH-29 Kohima Mountain,Nagaland,2.1,6.0,2.7,4.6,10.8,False,6,6,0,6,49.2,1448.0,22.2,2,45.0,36.3,0
8,NH-29 Kohima Mountain,Nagaland,0.0,0.2,1.8,3.5,7.0,False,6,5,1,2,30.9,1517.2,28.1,0,0.0,20.3,1
11,NH-10 Teesta River Canyon,Sikkim,2.4,9.5,0.7,1.4,2.8,False,4,2,2,1,68.8,1607.8,37.3,2,75.0,42.4,1
1,NH-27 Assam Arterial,Assam,1.1,7.1,0.1,0.2,0.4,False,0,0,0,1,58.5,72.5,16.2,0,0.0,13.5,0
11,NH-10 Teesta River Canyon,Sikkim,12.5,68.7,2.4,4.8,8.4,False,14,5,9,2,46.6,1278.5,44.8,0,0.0,39.7,1
6,NH-02 Imphal Lifeline,Manipur,4.7,35.9,24.1,38.3,61.6,False,5,3,2,2,64.2,915.7,26.8,0,0.0,28.2,1
7,NH-102 Moreh Border,Manipur,1.3,4.6,2.2,4.5,8.9,False,3,3,0,1,50.7,719.2,15.9,0,0.0,17.7,0
2,NH-13 Trans-Arunachal,Arunachal Pradesh,1.3,6.5,1.0,1.9,3.9,True,5,5,0,0,65.1,1641.5,33.3,0,0.0,27.7,1
4,NH-06 Meghalaya Corridor,Meghalaya,29.5,133.2,6.0,9.0,15.1,True,5,4,1,0,33.3,1282.8,15.8,1,75.0,61.5,0
2,NH-13 Trans-Arunachal,Arunachal Pradesh,5.5,18.6,2.7,5.3,10.6,False,6,6,0,2,59.9,1916.5,35.1,1,75.0,50.5,1
2,NH-13 Trans-Arunachal,Arunachal Pradesh,1.1,3.9,1.4,2.8,5.7,False,4,4,0,0,59.3,1896.9,30.5,0,0.0,23.8,0
3,NH-229 Sela Pass,Arunachal Pradesh,21.7,131.8,2.7,6.8,14.9,True,10,3,7,1,59.6,3873.6,43.2,0,0.0,49.9,0
11,NH-10 Teesta River Canyon,Sikkim,1.8,10.4,0.5,1.0,2.0,False,8,6,2,1,41.8,1796.6,48.7,0,0.0,30.1,1
11,NH-10 Teesta River Canyon,Sikkim,3.7,14.5,44.8,86.5,142.2,True,9,4,5,2,56.2,2052.1,35.9,2,75.0,45.3,1
3,NH-229 Sela Pass,Arunachal Pradesh,1.6,7.5,2.6,5.3,10.5,False,6,6,0,3,48.6,3845.1,38.4,0,0.0,28.5,1
2,NH-13 Trans-Arunachal,Arunachal Pradesh,0.1,0.3,26.4,57.3,89.8,True,6,0,6,2,51.2,2005.0,30.9,0,0.0,13.9,1
7,NH-102 Moreh Border,Manipur,5.1,22.9,7.5,17.5,27.9,True,2,2,0,0,35.4,623.4,23.7,1,75.0,37.4,1
10,NH-08 Tripura Central,Tripura,2.1,8.3,0.3,0.6,1.3,False,4,0,4,0,45.1,50.0,8.9,0,0.0,10.2,0
11,NH-10 Teesta River Canyon,Sikkim,0.1,0.2,4.8,9.5,19.1,False,9,7,2,2,62.3,2008.9,29.9,0,0.0,29.4,1
7,NH-102 Moreh Border,Manipur,18.3,54.1,7.4,12.1,21.4,True,2,2,0,0,49.1,311.6,18.6,0,0.0,25.9,0
8,NH-29 Kohima Mountain,Nagaland,8.9,48.4,41.2,77.0,156.7,True,4,4,0,1,25.6,1427.3,39.6,1,45.0,40.7,1
1,NH-27 Assam Arterial,Assam,0.1,0.5,0.3,0.7,1.4,False,1,1,0,0,64.6,50.0,2.0,4,45.0,23.5,1
11,NH-10 Teesta River Canyon,Sikkim,0.1,0.3,6.5,9.8,14.7,False,7,3,4,4,49.7,1677.0,47.9,0,0.0,23.1,1
10,NH-08 Tripura Central,Tripura,4.9,31.2,28.6,70.1,152.6,True,0,0,0,0,53.2,271.2,2.2,1,45.0,25.9,0
7,NH-102 Moreh Border,Manipur,1.7,4.6,40.5,66.3,127.2,True,3,1,2,1,25.7,557.6,17.5,0,0.0,10.3,0
7,NH-102 Moreh Border,Manipur,9.3,58.9,10.4,22.0,32.2,False,5,3,2,0,52.9,502.7,11.9,0,0.0,28.1,0
3,NH-229 Sela Pass,Arunachal Pradesh,16.9,59.4,44.2,66.9,123.0,True,8,6,2,4,63.6,3969.8,45.1,2,45.0,53.7,0
3,NH-229 Sela Pass,Arunachal Pradesh,52.3,168.2,1.0,1.9,2.8,True,5,1,4,5,63.7,4111.6,46.0,1,45.0,62.0,1
7,NH-102 Moreh Border,Manipur,1.1,10.0,1.2,2.4,4.9,False,1,0,1,0,56.2,711.4,22.6,1,95.0,38.7,0
2,NH-13 Trans-Arunachal,Arunachal Pradesh,6.5,23.4,49.8,81.0,179.9,True,4,1,3,1,49.8,1591.5,35.4,0,0.0,21.2,1
12,NH-27S Haflong Hill,Assam,0.1,0.4,1.9,3.8,7.6,False,5,5,0,1,47.1,959.1,27.4,2,75.0,41.4,0
3,NH-229 Sela Pass,Arunachal Pradesh,6.4,20.8,49.1,70.5,113.8,True,9,2,7,4,45.8,3793.7,51.4,3,45.0,36.3,1
3,NH-229 Sela Pass,Arunachal Pradesh,0.8,8.0,3.2,6.4,12.8,False,10,7,3,2,55.0,3948.5,42.4,0,0.0,32.3,1
1,NH-27 Assam Arterial,Assam,5.7,25.2,39.0,57.2,116.0,True,0,0,0,0,51.2,194.5,11.8,1,45.0,26.3,1
10,NH-08 Tripura Central,Tripura,0.4,1.9,0.2,0.4,0.9,False,5,3,2,1,68.2,50.0,11.3,0,0.0,18.9,1
10,NH-08 Tripura Central,Tripura,24.3,61.2,1.8,3.7,6.2,True,2,0,2,0,35.2,50.0,5.4,0,0.0,18.6,0
11,NH-10 Teesta River Canyon,Sikkim,1.5,5.4,0.6,1.3,2.6,False,8,3,5,2,95.3,1861.5,39.3,0,0.0,29.2,1
1,NH-27 Assam Arterial,Assam,3.8,32.0,14.2,21.0,33.4,False,1,1,0,0,49.0,190.7,15.6,2,45.0,30.1,1
1,NH-27 Assam Arterial,Assam,10.2,39.3,35.4,73.2,135.8,True,1,0,1,0,32.3,50.0,11.4,0,0.0,15.0,0
7,NH-102 Moreh Border,Manipur,7.3,35.4,10.8,19.1,29.1,False,5,2,3,0,76.2,781.8,6.7,0,0.0,23.8,0
2,NH-13 Trans-Arunachal,Arunachal Pradesh,37.5,123.9,4.8,10.1,14.9,True,3,2,1,3,18.9,1781.6,29.6,1,75.0,56.3,1
9,NH-54 Aizawl Ridge,Mizoram,1.2,7.1,2.0,4.0,8.1,False,2,2,0,0,33.9,1047.3,28.2,4,45.0,27.4,0
5,SH-05 Cherrapunjee Highland,Meghalaya,1.1,2.9,2.6,6.1,10.0,False,10,2,8,2,67.3,1319.0,31.5,2,75.0,39.7,1
5,SH-05 Cherrapunjee Highland,Meghalaya,0.4,3.0,4.9,9.8,19.6,False,8,3,5,1,67.6,1245.5,37.8,0,0.0,24.3,0
4,NH-06 Meghalaya Corridor,Meghalaya,2.2,11.7,3.6,7.1,14.2,False,5,4,1,2,46.6,1673.9,14.8,0,0.0,20.3,1
7,NH-102 Moreh Border,Manipur,2.8,12.2,32.3,53.2,91.6,True,2,2,0,0,33.7,825.1,25.5,0,0.0,16.6,0
12,NH-27S Haflong Hill,Assam,2.7,11.5,1.0,1.9,3.9,False,6,3,3,0,49.4,970.2,23.6,4,45.0,31.7,0
12,NH-27S Haflong Hill,Assam,5.7,29.6,54.3,86.6,168.8,True,7,1,6,1,75.9,875.8,28.3,2,75.0,43.7,1
1,NH-27 Assam Arterial,Assam,1.6,5.5,5.5,11.0,22.1,False,2,0,2,0,42.9,97.6,15.7,0,0.0,10.7,1
4,NH-06 Meghalaya Corridor,Meghalaya,3.3,18.1,0.0,0.1,0.2,False,3,2,1,1,23.3,1422.5,23.3,0,0.0,15.8,0
12,NH-27S Haflong Hill,Assam,6.7,61.3,2.6,5.6,9.3,True,2,2,0,1,72.9,1022.7,30.2,4,45.0,44.5,1
10,NH-08 Tripura Central,Tripura,12.2,44.9,3.1,6.1,11.8,False,2,1,1,0,32.3,115.0,17.7,3,45.0,30.6,1
6,NH-02 Imphal Lifeline,Manipur,0.8,2.5,0.9,1.8,3.7,False,6,2,4,2,74.8,990.3,26.4,0,0.0,21.0,0
8,NH-29 Kohima Mountain,Nagaland,3.7,25.9,31.9,52.7,80.3,True,1,1,0,0,49.0,1549.8,39.3,1,95.0,46.1,1
3,NH-229 Sela Pass,Arunachal Pradesh,32.8,130.2,23.3,35.9,58.6,True,9,9,0,2,74.3,3705.4,38.3,1,45.0,74.1,1
4,NH-06 Meghalaya Corridor,Meghalaya,4.9,37.6,23.5,44.1,91.3,True,2,2,0,1,66.0,1516.6,22.3,1,75.0,44.6,1
11,NH-10 Teesta River Canyon,Sikkim,3.3,29.4,32.6,60.2,99.7,True,9,7,2,2,60.8,1925.7,43.0,0,0.0,37.6,0
4,NH-06 Meghalaya Corridor,Meghalaya,2.6,20.0,2.0,4.0,8.0,False,1,0,1,0,63.0,1129.2,22.8,2,95.0,41.8,0
7,NH-102 Moreh Border,Manipur,25.3,69.2,7.5,12.9,25.0,False,4,2,2,0,15.3,629.4,9.3,2,45.0,33.2,1
7,NH-102 Moreh Border,Manipur,2.3,13.5,2.2,4.3,8.7,False,0,0,0,1,67.8,432.3,10.5,0,0.0,15.0,1
2,NH-13 Trans-Arunachal,Arunachal Pradesh,2.1,12.2,2.1,4.3,8.5,False,3,3,0,0,26.5,1929.9,39.6,2,75.0,39.1,1
7,NH-102 Moreh Border,Manipur,2.0,13.5,4.7,9.7,17.6,False,2,2,0,0,43.5,870.3,18.3,0,0.0,16.9,0
5,SH-05 Cherrapunjee Highland,Meghalaya,0.6,3.3,6.5,13.1,26.2,False,4,4,0,1,88.2,1336.9,31.2,0,0.0,28.1,1
11,NH-10 Teesta River Canyon,Sikkim,2.8,12.7,1.5,3.1,5.1,True,9,4,5,4,29.4,1568.2,36.9,0,0.0,22.3,0
6,NH-02 Imphal Lifeline,Manipur,79.4,230.8,1.9,4.7,11.7,True,2,2,0,2,66.1,892.5,22.1,0,0.0,48.3,1
10,NH-08 Tripura Central,Tripura,8.7,65.2,13.6,25.7,54.1,False,1,0,1,0,30.7,50.0,6.5,4,75.0,37.7,1
3,NH-229 Sela Pass,Arunachal Pradesh,32.6,107.3,8.0,13.0,22.8,True,8,6,2,1,33.8,3792.2,33.9,0,0.0,45.3,1
8,NH-29 Kohima Mountain,Nagaland,11.9,39.9,0.3,0.6,1.2,False,2,2,0,0,28.0,1534.5,22.3,0,0.0,20.6,1
5,SH-05 Cherrapunjee Highland,Meghalaya,15.0,77.7,52.6,99.1,165.9,True,6,6,0,1,62.0,1354.3,41.6,0,0.0,45.2,1
2,NH-13 Trans-Arunachal,Arunachal Pradesh,24.1,61.1,1.8,2.8,4.2,True,7,5,2,3,53.5,2063.6,42.5,2,45.0,50.0,0
9,NH-54 Aizawl Ridge,Mizoram,2.1,7.8,6.9,13.8,27.6,False,6,0,6,1,33.5,1270.9,25.1,0,0.0,11.6,0
9,NH-54 Aizawl Ridge,Mizoram,1.2,6.6,2.8,5.6,11.2,False,1,1,0,0,82.4,1296.9,33.9,0,0.0,22.4,0
5,SH-05 Cherrapunjee Highland,Meghalaya,25.9,77.7,9.0,22.3,42.2,False,12,3,9,0,54.3,1196.5,26.5,3,75.0,53.7,1
8,NH-29 Kohima Mountain,Nagaland,5.7,45.9,2.7,6.0,11.5,False,4,2,2,3,55.9,1780.1,34.3,0,0.0,28.4,0
2,NH-13 Trans-Arunachal,Arunachal Pradesh,34.7,98.2,28.0,50.6,73.8,True,8,2,6,1,60.9,1812.5,27.6,1,95.0,62.0,0
4,NH-06 Meghalaya Corridor,Meghalaya,12.2,32.6,8.8,19.8,41.0,False,0,0,0,1,43.1,1330.0,20.7,2,95.0,40.9,1
10,NH-08 Tripura Central,Tripura,6.2,21.0,1.6,2.6,5.4,False,2,2,0,0,21.5,191.0,12.2,1,45.0,25.1,0
6,NH-02 Imphal Lifeline,Manipur,2.0,14.5,0.2,0.4,0.7,False,5,3,2,1,52.2,1020.8,31.5,0,0.0,23.0,1
8,NH-29 Kohima Mountain,Nagaland,5.3,15.0,14.4,24.5,53.0,True,5,4,1,3,77.8,1676.6,30.4,1,45.0,40.0,1
4,NH-06 Meghalaya Corridor,Meghalaya,17.6,45.7,34.9,58.7,102.4,True,6,1,5,2,83.3,1481.1,15.9,3,45.0,38.1,0
4,NH-06 Meghalaya Corridor,Meghalaya,0.2,1.9,0.9,1.7,3.4,False,5,2,3,0,47.3,1628.6,25.1,3,75.0,35.2,1
3,NH-229 Sela Pass,Arunachal Pradesh,13.2,59.2,8.8,13.7,19.7,False,6,5,1,4,70.0,3904.1,42.4,0,0.0,40.8,0
6,NH-02 Imphal Lifeline,Manipur,0.7,2.5,2.8,5.5,11.1,False,3,1,2,0,75.0,946.0,25.4,0,0.0,18.8,0
2,NH-13 Trans-Arunachal,Arunachal Pradesh,2.1,6.0,24.7,41.1,59.8,False,3,0,3,0,33.6,1783.4,24.6,0,0.0,11.1,0
7,NH-102 Moreh Border,Manipur,2.0,9.0,0.9,1.7,3.5,False,0,0,0,0,27.2,644.1,13.8,0,0.0,8.6,1
9,NH-54 Aizawl Ridge,Mizoram,1.7,7.9,0.7,1.3,2.6,False,6,1,5,3,46.4,1196.8,44.8,0,0.0,19.5,1
10,NH-08 Tripura Central,Tripura,3.7,17.7,1.3,2.7,5.3,False,0,0,0,0,18.7,50.0,20.9,0,0.0,10.5,0
3,NH-229 Sela Pass,Arunachal Pradesh,0.6,2.1,2.2,4.4,8.9,False,8,2,6,3,44.5,3877.7,56.4,0,0.0,21.1,0
10,NH-08 Tripura Central,Tripura,11.3,37.2,1.5,3.5,7.0,False,0,0,0,0,70.9,386.0,8.5,0,0.0,19.8,0
4,NH-06 Meghalaya Corridor,Meghalaya,0.4,3.3,2.0,4.0,8.0,False,3,3,0,1,50.5,1425.7,22.7,0,0.0,18.8,0
2,NH-13 Trans-Arunachal,Arunachal Pradesh,27.6,82.9,18.4,31.8,49.8,True,7,2,5,1,76.0,1861.7,28.0,0,0.0,37.6,1
2,NH-13 Trans-Arunachal,Arunachal Pradesh,1.0,4.0,2.3,4.6,9.2,False,6,3,3,0,53.7,1567.6,24.9,0,0.0,19.8,0
1,NH-27 Assam Arterial,Assam,6.0,16.3,10.9,25.5,43.9,False,2,0,2,0,52.0,164.0,6.5,3,75.0,31.1,0
12,NH-27S Haflong Hill,Assam,26.6,175.3,29.2,48.3,82.7,True,4,1,3,3,63.5,651.9,30.3,4,45.0,58.8,0
7,NH-102 Moreh Border,Manipur,21.2,133.7,28.5,42.9,61.7,True,2,0,2,0,53.0,748.0,13.2,4,75.0,56.1,1
8,NH-29 Kohima Mountain,Nagaland,0.5,3.1,2.7,5.4,10.8,False,4,3,1,1,44.6,1609.2,28.7,0,0.0,19.0,1
8,NH-29 Kohima Mountain,Nagaland,11.4,34.3,6.5,15.8,26.7,False,6,4,2,0,86.7,1580.7,33.4,3,95.0,58.3,1
2,NH-13 Trans-Arunachal,Arunachal Pradesh,5.6,20.6,13.3,24.7,45.2,True,10,3,7,2,79.7,1809.7,36.1,1,45.0,40.6,0
2,NH-13 Trans-Arunachal,Arunachal Pradesh,48.3,209.7,3.5,5.7,10.6,True,6,5,1,0,44.8,1905.7,38.0,0,0.0,54.3,1
12,NH-27S Haflong Hill,Assam,19.6,52.4,3.0,7.5,17.2,False,6,2,4,0,36.9,477.2,21.8,4,75.0,43.1,1
2,NH-13 Trans-Arunachal,Arunachal Pradesh,84.6,253.9,5.0,10.8,22.8,True,6,3,3,1,58.5,1769.0,35.6,0,0.0,51.9,1
9,NH-54 Aizawl Ridge,Mizoram,0.2,2.0,3.4,6.7,13.4,False,2,2,0,1,62.9,1333.4,42.3,0,0.0,22.3,0
4,NH-06 Meghalaya Corridor,Meghalaya,9.5,90.4,4.1,8.0,13.4,True,7,4,3,1,80.8,1520.9,17.3,4,45.0,52.9,1
6,NH-02 Imphal Lifeline,Manipur,5.1,49.3,0.0,0.0,0.1,True,2,1,1,2,47.5,925.5,20.7,0,0.0,23.1,0
8,NH-29 Kohima Mountain,Nagaland,26.5,160.4,4.8,8.3,19.3,True,6,6,0,2,70.2,1403.3,36.3,2,45.0,71.0,1
2,NH-13 Trans-Arunachal,Arunachal Pradesh,6.7,47.9,61.9,143.1,222.4,True,3,2,1,4,65.3,1725.2,30.0,4,75.0,48.1,1
11,NH-10 Teesta River Canyon,Sikkim,6.1,27.0,1.3,2.1,5.1,False,13,2,11,2,75.7,1773.6,52.3,3,95.0,54.5,0
6,NH-02 Imphal Lifeline,Manipur,24.9,155.3,5.8,11.4,24.1,True,4,0,4,2,77.3,1106.8,25.6,4,75.0,65.5,1
4,NH-06 Meghalaya Corridor,Meghalaya,2.3,9.1,12.0,24.1,48.2,False,2,2,0,0,18.0,1368.7,21.8,1,45.0,24.1,1
6,NH-02 Imphal Lifeline,Manipur,0.5,2.1,0.0,0.0,0.1,False,6,3,3,0,71.5,890.4,22.7,0,0.0,21.7,1
1,NH-27 Assam Arterial,Assam,0.7,2.8,3.4,6.8,13.7,False,1,1,0,0,44.7,50.0,12.9,0,0.0,11.9,0
8,NH-29 Kohima Mountain,Nagaland,8.5,56.1,22.8,39.4,74.6,False,8,4,4,1,37.3,1489.3,40.5,4,45.0,44.2,0
12,NH-27S Haflong Hill,Assam,15.8,59.6,1.5,3.7,8.5,False,4,4,0,1,38.8,780.3,24.8,2,75.0,49.5,1
8,NH-29 Kohima Mountain,Nagaland,4.0,14.6,62.5,104.2,166.8,True,5,3,2,0,70.5,1668.2,34.8,0,0.0,26.4,0
4,NH-06 Meghalaya Corridor,Meghalaya,2.6,13.2,3.3,6.2,10.6,False,6,2,4,1,44.4,1403.4,16.5,0,0.0,16.6,0
11,NH-10 Teesta River Canyon,Sikkim,46.7,142.0,17.2,25.8,42.7,True,6,6,0,3,70.0,1677.8,44.7,3,45.0,71.1,1
2,NH-13 Trans-Arunachal,Arunachal Pradesh,5.3,21.5,16.6,28.7,59.0,False,2,2,0,0,56.9,1915.1,27.2,3,75.0,41.0,1
1,NH-27 Assam Arterial,Assam,3.0,21.7,3.6,7.2,14.5,False,0,0,0,0,13.5,55.2,2.0,0,0.0,6.8,0
7,NH-102 Moreh Border,Manipur,22.1,58.8,7.3,15.2,33.3,False,3,1,2,2,47.7,544.9,6.8,0,0.0,22.3,0
2,NH-13 Trans-Arunachal,Arunachal Pradesh,1.2,4.2,1.9,3.7,7.5,False,5,5,0,1,65.5,2115.5,39.5,3,45.0,39.8,0
6,NH-02 Imphal Lifeline,Manipur,0.2,0.6,1.4,2.9,5.7,False,6,1,5,0,30.5,1033.5,14.3,0,0.0,9.6,0
8,NH-29 Kohima Mountain,Nagaland,56.6,168.9,17.5,38.9,70.1,True,6,2,4,4,62.8,1563.8,33.3,2,95.0,73.8,1
11,NH-10 Teesta River Canyon,Sikkim,0.3,1.0,1.7,3.5,6.9,False,8,8,0,3,47.3,1728.3,40.8,0,0.0,31.4,0
4,NH-06 Meghalaya Corridor,Meghalaya,5.5,18.3,0.4,0.8,1.2,False,4,3,1,1,79.2,1378.2,27.1,3,75.0,45.7,1
5,SH-05 Cherrapunjee Highland,Meghalaya,3.7,14.9,54.3,109.2,169.4,True,4,3,1,4,57.4,1222.0,33.4,0,0.0,24.3,0
11,NH-10 Teesta River Canyon,Sikkim,33.6,131.6,1.1,2.2,5.1,True,6,2,4,3,86.1,1759.6,36.3,0,0.0,50.5,1
12,NH-27S Haflong Hill,Assam,4.3,11.0,24.3,43.3,66.2,False,7,0,7,0,38.5,965.0,24.5,4,45.0,24.1,0
2,NH-13 Trans-Arunachal,Arunachal Pradesh,5.6,24.6,1.7,2.8,6.8,False,10,7,3,1,37.9,1980.2,30.1,0,0.0,30.6,0
9,NH-54 Aizawl Ridge,Mizoram,5.0,29.2,2.3,4.6,9.2,False,7,7,0,2,44.7,1157.0,22.4,0,0.0,31.0,1
5,SH-05 Cherrapunjee Highland,Meghalaya,0.5,3.5,0.3,0.6,1.1,False,6,5,1,2,55.6,1321.2,26.9,0,0.0,24.4,0
10,NH-08 Tripura Central,Tripura,12.3,47.9,10.1,14.7,26.1,True,0,0,0,0,46.2,50.0,3.3,0,0.0,17.2,0
4,NH-06 Meghalaya Corridor,Meghalaya,0.2,1.2,15.2,33.0,54.1,True,4,2,2,1,56.0,1333.9,22.7,2,95.0,40.9,1
8,NH-29 Kohima Mountain,Nagaland,16.3,51.9,18.5,44.7,93.3,True,0,0,0,0,33.6,1435.2,32.7,0,0.0,22.0,1
1,NH-27 Assam Arterial,Assam,13.0,49.5,1.4,3.4,6.8,False,1,1,0,0,56.9,283.4,5.8,4,75.0,40.3,1
6,NH-02 Imphal Lifeline,Manipur,5.7,29.9,7.3,17.7,41.3,False,1,1,0,0,36.5,851.1,22.7,1,75.0,36.7,1
7,NH-102 Moreh Border,Manipur,41.6,104.3,10.6,23.2,46.1,True,0,0,0,2,28.8,652.0,15.9,0,0.0,28.4,0
4,NH-06 Meghalaya Corridor,Meghalaya,0.5,1.7,0.1,0.2,0.3,False,5,4,1,1,40.3,1526.0,22.1,0,0.0,18.8,0
7,NH-102 Moreh Border,Manipur,0.6,2.6,28.0,46.5,114.2,True,5,0,5,0,24.8,808.2,21.7,0,0.0,8.6,0
11,NH-10 Teesta River Canyon,Sikkim,2.8,10.2,14.2,26.6,43.0,False,5,3,2,4,65.5,1907.6,42.9,0,0.0,26.5,0
1,NH-27 Assam Arterial,Assam,3.3,21.8,18.2,36.7,59.8,False,2,2,0,0,15.1,169.9,2.0,0,0.0,11.0,0
12,NH-27S Haflong Hill,Assam,0.4,2.1,0.3,0.6,1.2,False,1,1,0,0,53.6,739.7,19.1,0,0.0,14.3,0
5,SH-05 Cherrapunjee Highland,Meghalaya,14.8,42.3,20.6,36.7,62.2,False,8,5,3,3,62.1,1016.2,35.6,4,45.0,46.1,1
1,NH-27 Assam Arterial,Assam,5.2,20.5,42.3,67.8,129.2,True,2,0,2,1,22.9,107.1,14.6,0,0.0,10.5,0
6,NH-02 Imphal Lifeline,Manipur,10.6,45.8,12.3,23.2,50.5,False,5,1,4,2,26.6,876.6,13.5,1,45.0,29.1,0
6,NH-02 Imphal Lifeline,Manipur,1.0,7.8,4.7,9.4,18.7,False,4,4,0,0,36.9,760.7,25.0,0,0.0,20.1,0
12,NH-27S Haflong Hill,Assam,0.9,4.5,0.9,1.8,3.7,False,4,3,1,0,43.2,686.7,44.8,2,45.0,33.6,0
10,NH-08 Tripura Central,Tripura,6.9,23.3,41.4,63.4,139.4,True,0,0,0,0,42.6,50.0,4.2,2,95.0,35.6,0
11,NH-10 Teesta River Canyon,Sikkim,37.9,116.2,53.4,82.1,176.2,True,10,10,0,4,83.6,1788.6,52.1,4,45.0,77.0,1
12,NH-27S Haflong Hill,Assam,2.6,6.5,6.7,14.8,21.4,False,6,2,4,0,15.0,807.2,25.9,2,45.0,24.0,0
12,NH-27S Haflong Hill,Assam,1.6,5.3,14.6,24.0,36.4,False,0,0,0,3,42.6,1018.3,26.8,0,0.0,12.8,0
11,NH-10 Teesta River Canyon,Sikkim,10.2,32.4,8.9,20.8,30.6,False,6,6,0,3,33.8,1608.7,40.4,2,45.0,42.9,1
8,NH-29 Kohima Mountain,Nagaland,2.7,7.6,22.7,35.0,53.1,False,4,3,1,3,66.3,1680.3,31.5,0,0.0,23.8,0
3,NH-229 Sela Pass,Arunachal Pradesh,1.5,7.0,4.9,9.8,19.6,False,7,3,4,2,25.4,3688.5,33.4,0,0.0,17.9,1
4,NH-06 Meghalaya Corridor,Meghalaya,0.4,2.1,7.7,15.3,30.6,False,2,2,0,2,42.2,1545.8,19.7,0,0.0,14.7,0
5,SH-05 Cherrapunjee Highland,Meghalaya,50.6,139.2,11.8,20.8,39.7,True,4,2,2,0,40.0,1078.3,45.0,1,45.0,58.1,1
11,NH-10 Teesta River Canyon,Sikkim,8.1,30.2,31.3,71.0,142.6,True,5,5,0,3,78.8,1781.2,38.6,0,0.0,35.6,1
4,NH-06 Meghalaya Corridor,Meghalaya,18.0,76.6,20.7,37.4,61.7,False,7,2,5,0,74.5,1515.0,36.4,3,95.0,61.5,1
3,NH-229 Sela Pass,Arunachal Pradesh,5.4,24.7,3.9,6.2,14.7,False,10,4,6,2,49.8,3856.6,49.3,4,75.0,49.0,1
12,NH-27S Haflong Hill,Assam,42.5,226.9,23.2,56.2,102.8,True,3,3,0,3,50.8,926.9,22.1,3,75.0,66.8,1
3,NH-229 Sela Pass,Arunachal Pradesh,6.1,15.6,24.2,54.2,103.5,True,6,3,3,5,64.4,3756.0,35.2,4,75.0,44.6,1
3,NH-229 Sela Pass,Arunachal Pradesh,11.0,70.8,45.5,101.3,156.2,True,6,5,1,1,36.3,3835.4,43.9,1,45.0,49.6,1
7,NH-102 Moreh Border,Manipur,1.9,13.7,1.6,3.1,6.2,False,0,0,0,2,33.2,676.7,11.2,0,0.0,10.0,0
1,NH-27 Assam Arterial,Assam,15.9,46.2,40.4,60.9,95.0,True,2,2,0,0,27.9,209.3,2.2,0,0.0,17.9,0
6,NH-02 Imphal Lifeline,Manipur,0.5,2.0,0.2,0.4,0.9,False,4,4,0,2,33.2,939.2,16.2,1,45.0,27.9,0
4,NH-06 Meghalaya Corridor,Meghalaya,9.3,90.1,6.4,11.0,24.4,True,3,1,2,0,56.2,1296.3,23.6,0,0.0,33.2,1
2,NH-13 Trans-Arunachal,Arunachal Pradesh,8.7,50.3,7.6,18.5,43.8,False,6,5,1,1,46.7,1693.1,32.7,1,75.0,52.4,1
5,SH-05 Cherrapunjee Highland,Meghalaya,1.2,8.7,17.0,39.6,56.9,False,6,6,0,3,63.7,1577.6,41.1,4,75.0,50.3,0
3,NH-229 Sela Pass,Arunachal Pradesh,1.0,3.8,11.4,16.6,27.6,False,7,7,0,0,79.6,3962.9,38.5,2,75.0,53.1,1
7,NH-102 Moreh Border,Manipur,9.8,26.0,0.7,1.6,2.4,False,2,2,0,1,38.4,707.3,12.4,0,0.0,17.5,1
1,NH-27 Assam Arterial,Assam,7.0,44.9,0.7,1.1,2.6,True,1,1,0,1,36.7,203.3,2.1,1,95.0,40.7,0
11,NH-10 Teesta River Canyon,Sikkim,1.7,9.0,1.4,3.0,6.4,False,12,5,7,6,66.8,1945.6,53.3,1,95.0,55.6,0
11,NH-10 Teesta River Canyon,Sikkim,1.7,12.5,2.3,4.6,9.2,False,3,3,0,1,79.0,1531.0,46.3,4,75.0,48.3,1
9,NH-54 Aizawl Ridge,Mizoram,33.9,136.0,8.7,20.7,33.1,True,5,5,0,0,45.9,1195.8,31.9,0,0.0,50.5,1
11,NH-10 Teesta River Canyon,Sikkim,0.4,2.6,0.6,1.2,2.4,False,4,4,0,2,51.3,1776.6,37.8,0,0.0,23.8,0
5,SH-05 Cherrapunjee Highland,Meghalaya,0.5,1.7,0.0,0.1,0.2,False,12,7,5,1,89.3,1265.9,43.3,0,0.0,36.4,0
9,NH-54 Aizawl Ridge,Mizoram,0.2,1.0,2.1,4.1,8.3,False,4,3,1,2,71.7,1316.1,29.5,1,75.0,41.6,0
10,NH-08 Tripura Central,Tripura,62.0,202.0,55.4,89.3,146.5,True,1,1,0,0,33.7,225.6,13.3,2,45.0,51.0,1
7,NH-102 Moreh Border,Manipur,27.3,97.3,3.7,7.6,13.4,True,2,1,1,1,67.3,451.2,24.1,4,75.0,55.1,0
12,NH-27S Haflong Hill,Assam,0.2,1.0,0.8,1.6,3.3,False,2,2,0,0,84.5,984.7,31.9,1,45.0,34.5,0
10,NH-08 Tripura Central,Tripura,2.0,9.8,1.6,3.2,6.3,False,2,0,2,0,39.6,141.8,2.9,1,45.0,19.7,0
2,NH-13 Trans-Arunachal,Arunachal Pradesh,3.0,11.3,5.3,10.6,21.3,False,3,2,1,1,47.0,2000.0,38.6,0,0.0,21.0,0
5,SH-05 Cherrapunjee Highland,Meghalaya,2.1,10.3,23.8,39.6,96.7,True,7,5,2,3,72.1,1297.4,31.7,2,75.0,48.0,0
5,SH-05 Cherrapunjee Highland,Meghalaya,12.7,34.7,39.2,60.9,94.6,True,5,4,1,0,46.3,1438.6,33.2,0,0.0,28.5,1
2,NH-13 Trans-Arunachal,Arunachal Pradesh,11.4,36.9,82.6,148.7,279.3,True,3,0,3,0,57.5,1895.4,30.5,0,0.0,22.1,1
3,NH-229 Sela Pass,Arunachal Pradesh,6.2,21.1,7.0,14.0,28.0,False,8,4,4,5,45.5,3828.4,41.2,0,0.0,27.3,0
10,NH-08 Tripura Central,Tripura,23.5,96.9,32.9,71.1,114.9,True,1,1,0,0,23.6,50.0,7.3,0,0.0,26.4,1
6,NH-02 Imphal Lifeline,Manipur,2.0,12.5,15.9,27.9,43.6,False,6,4,2,0,60.5,901.3,26.3,0,0.0,24.8,1
7,NH-102 Moreh Border,Manipur,0.0,0.0,3.1,6.1,12.2,False,1,0,1,0,40.5,970.3,14.0,0,0.0,8.9,0
3,NH-229 Sela Pass,Arunachal Pradesh,2.2,12.6,5.2,8.7,16.7,False,6,1,5,4,43.5,3798.0,33.3,2,45.0,29.0,1
10,NH-08 Tripura Central,Tripura,1.1,8.2,1.8,3.7,7.9,False,3,1,2,0,35.2,50.0,2.2,4,45.0,20.6,0
10,NH-08 Tripura Central,Tripura,6.1,33.5,6.4,12.1,28.2,False,5,2,3,0,56.4,50.0,11.3,0,0.0,21.4,0
3,NH-229 Sela Pass,Arunachal Pradesh,20.2,78.6,70.9,108.6,167.7,True,6,6,0,1,74.2,3860.8,55.9,4,45.0,60.1,1
2,NH-13 Trans-Arunachal,Arunachal Pradesh,9.4,81.6,0.6,1.3,2.5,True,3,3,0,3,65.3,1857.4,34.3,2,75.0,57.7,0
11,NH-10 Teesta River Canyon,Sikkim,0.1,0.8,3.7,7.3,14.7,False,6,6,0,2,100.0,1852.3,42.7,0,0.0,35.7,0
7,NH-102 Moreh Border,Manipur,7.0,25.1,0.5,0.9,1.9,False,3,0,3,0,59.6,614.5,21.1,0,0.0,18.2,0
7,NH-102 Moreh Border,Manipur,63.4,191.1,5.2,7.5,18.1,True,2,1,1,2,61.5,604.2,22.1,0,0.0,45.6,0
10,NH-08 Tripura Central,Tripura,35.6,199.4,3.8,6.6,15.6,True,0,0,0,0,24.6,87.5,5.2,0,0.0,34.7,1
8,NH-29 Kohima Mountain,Nagaland,4.1,16.3,0.6,1.2,2.5,False,5,3,2,1,64.6,1671.7,31.5,4,75.0,44.0,1
6,NH-02 Imphal Lifeline,Manipur,5.5,21.8,0.3,0.5,1.1,False,2,2,0,2,49.0,951.6,8.9,0,0.0,17.5,0
7,NH-102 Moreh Border,Manipur,0.7,4.1,4.4,8.8,17.5,False,3,2,1,1,63.3,591.7,21.0,0,0.0,18.5,0
2,NH-13 Trans-Arunachal,Arunachal Pradesh,0.3,1.6,1.3,2.7,5.4,False,6,5,1,1,56.2,1599.0,32.5,4,75.0,44.0,0
1,NH-27 Assam Arterial,Assam,22.8,96.7,4.9,7.3,10.5,True,2,2,0,0,37.3,122.3,10.0,1,75.0,49.7,0
10,NH-08 Tripura Central,Tripura,0.1,0.3,1.4,2.7,5.4,False,3,1,2,2,95.0,50.0,4.3,0,0.0,17.2,0
11,NH-10 Teesta River Canyon,Sikkim,4.1,14.4,11.3,22.6,45.3,False,7,7,0,4,85.7,1846.6,42.3,0,0.0,38.2,1
4,NH-06 Meghalaya Corridor,Meghalaya,0.5,3.2,2.7,5.3,10.7,False,3,2,1,0,36.4,1013.7,33.9,0,0.0,16.9,0
12,NH-27S Haflong Hill,Assam,1.7,8.1,3.7,7.3,14.6,False,8,5,3,1,31.9,753.9,34.5,2,75.0,42.1,1
6,NH-02 Imphal Lifeline,Manipur,0.3,1.3,2.6,5.2,10.5,False,3,2,1,0,75.7,996.5,18.9,0,0.0,19.4,0
12,NH-27S Haflong Hill,Assam,29.2,113.3,0.4,0.9,1.5,True,6,3,3,1,52.4,662.7,25.0,0,0.0,41.5,1
12,NH-27S Haflong Hill,Assam,1.9,6.8,1.8,3.5,7.1,False,3,1,2,1,53.8,806.9,21.4,0,0.0,15.7,1
2,NH-13 Trans-Arunachal,Arunachal Pradesh,6.0,21.6,0.5,1.1,2.1,False,4,4,0,0,68.5,1918.9,45.8,0,0.0,31.7,0
12,NH-27S Haflong Hill,Assam,16.9,49.5,8.3,15.7,36.2,False,4,3,1,2,55.2,806.0,33.9,1,45.0,42.2,0
8,NH-29 Kohima Mountain,Nagaland,10.8,28.6,10.6,15.2,28.3,False,4,4,0,5,58.8,1743.7,30.2,4,45.0,39.8,1
12,NH-27S Haflong Hill,Assam,33.9,143.3,10.4,17.3,29.3,True,3,3,0,0,60.7,1101.8,17.4,0,0.0,47.2,0
8,NH-29 Kohima Mountain,Nagaland,3.3,14.1,8.8,17.7,35.3,False,5,2,3,1,54.4,1410.3,22.9,0,0.0,19.6,0
3,NH-229 Sela Pass,Arunachal Pradesh,2.1,9.4,4.1,8.1,16.3,False,9,6,3,5,34.9,3684.1,41.1,0,0.0,27.3,0
6,NH-02 Imphal Lifeline,Manipur,27.3,108.9,28.1,43.1,74.8,True,2,2,0,1,43.5,947.9,16.0,2,45.0,46.7,1
6,NH-02 Imphal Lifeline,Manipur,2.7,10.7,2.3,4.7,9.3,False,0,0,0,1,94.0,784.9,15.8,4,75.0,38.2,1
12,NH-27S Haflong Hill,Assam,28.0,121.3,2.4,3.5,5.1,True,4,1,3,0,50.0,847.2,27.3,0,0.0,39.2,1
6,NH-02 Imphal Lifeline,Manipur,0.1,0.6,3.1,6.3,12.6,False,3,0,3,0,55.5,962.6,32.0,0,0.0,14.9,1
10,NH-08 Tripura Central,Tripura,1.3,7.4,0.3,0.6,1.3,False,2,2,0,1,42.7,50.0,9.5,0,0.0,13.8,1
12,NH-27S Haflong Hill,Assam,0.2,1.1,0.3,0.7,1.4,False,3,3,0,0,45.1,958.8,22.6,0,0.0,17.5,0
6,NH-02 Imphal Lifeline,Manipur,5.6,50.9,1.5,2.9,5.8,False,3,3,0,1,73.8,1216.4,22.1,0,0.0,31.7,0
11,NH-10 Teesta River Canyon,Sikkim,0.8,4.5,1.3,2.6,5.3,False,6,6,0,7,36.5,1637.2,40.7,0,0.0,26.5,0
7,NH-102 Moreh Border,Manipur,2.6,11.4,0.5,1.0,2.0,False,0,0,0,0,33.1,710.7,25.6,2,75.0,31.1,1
1,NH-27 Assam Arterial,Assam,6.2,38.6,1.4,2.1,4.5,False,3,1,2,1,47.6,50.0,6.2,3,95.0,41.9,0
3,NH-229 Sela Pass,Arunachal Pradesh,0.7,2.9,1.7,3.3,6.7,False,10,2,8,3,79.7,3546.1,37.4,0,0.0,24.0,0
1,NH-27 Assam Arterial,Assam,10.3,82.3,48.5,77.8,143.7,True,0,0,0,0,38.5,118.1,6.8,2,45.0,34.8,0
9,NH-54 Aizawl Ridge,Mizoram,7.0,64.8,18.9,27.6,62.5,False,3,2,1,1,10.4,1492.4,23.9,0,0.0,23.3,0
12,NH-27S Haflong Hill,Assam,0.2,1.0,0.3,0.5,1.1,False,4,4,0,1,51.0,760.2,23.9,0,0.0,20.6,0
11,NH-10 Teesta River Canyon,Sikkim,3.0,11.3,36.6,86.9,130.7,True,6,5,1,1,51.0,2086.0,45.8,1,75.0,47.8,0
4,NH-06 Meghalaya Corridor,Meghalaya,1.4,5.1,1.0,2.1,4.2,False,3,2,1,0,39.7,1325.1,28.8,0,0.0,16.7,0
11,NH-10 Teesta River Canyon,Sikkim,2.9,9.9,3.1,6.2,12.4,False,13,6,7,1,47.0,1927.7,46.4,0,0.0,30.3,0
10,NH-08 Tripura Central,Tripura,52.3,166.4,7.0,12.5,25.7,True,0,0,0,0,71.8,239.9,9.5,0,0.0,42.7,1
8,NH-29 Kohima Mountain,Nagaland,0.2,0.6,9.2,19.8,35.8,False,4,4,0,2,8.6,1320.6,30.3,2,75.0,34.2,0
2,NH-13 Trans-Arunachal,Arunachal Pradesh,11.1,79.3,2.3,4.1,6.0,False,5,5,0,0,37.0,1804.9,31.6,2,95.0,61.5,1
5,SH-05 Cherrapunjee Highland,Meghalaya,19.2,122.7,22.9,42.4,62.8,True,5,5,0,3,69.1,1302.8,32.9,2,75.0,70.2,1
6,NH-02 Imphal Lifeline,Manipur,47.4,141.4,4.9,8.3,13.0,True,6,2,4,0,72.8,870.9,12.3,0,0.0,45.7,0
11,NH-10 Teesta River Canyon,Sikkim,16.3,76.8,13.4,22.6,43.3,False,19,7,12,3,70.9,1772.0,42.0,1,75.0,67.1,0
6,NH-02 Imphal Lifeline,Manipur,8.7,75.4,38.4,67.9,145.0,True,4,4,0,0,49.0,1202.4,17.2,0,0.0,33.9,1
9,NH-54 Aizawl Ridge,Mizoram,14.7,67.3,5.1,8.3,20.7,False,5,5,0,1,60.3,1227.5,36.7,3,75.0,58.6,1
4,NH-06 Meghalaya Corridor,Meghalaya,0.6,5.3,2.7,5.3,10.7,False,6,4,2,2,65.3,1274.9,20.7,0,0.0,23.0,0
10,NH-08 Tripura Central,Tripura,34.2,90.9,11.8,18.5,36.3,True,3,1,2,1,23.2,50.0,14.9,0,0.0,26.7,0
11,NH-10 Teesta River Canyon,Sikkim,20.2,75.8,41.7,68.6,139.4,True,9,5,4,4,63.4,1553.7,43.5,0,0.0,43.4,1
11,NH-10 Teesta River Canyon,Sikkim,1.3,5.8,1.5,3.1,6.1,False,9,4,5,2,76.0,1848.2,40.8,0,0.0,28.7,0
6,NH-02 Imphal Lifeline,Manipur,17.6,54.7,31.0,49.0,117.7,True,2,1,1,2,58.7,1020.7,14.1,0,0.0,24.6,1
5,SH-05 Cherrapunjee Highland,Meghalaya,16.6,52.4,35.2,53.7,83.3,False,5,4,1,0,61.2,1146.5,44.5,0,0.0,36.6,0
6,NH-02 Imphal Lifeline,Manipur,33.7,102.3,7.7,16.8,31.0,True,5,0,5,1,71.4,1052.5,22.7,4,45.0,47.0,1
11,NH-10 Teesta River Canyon,Sikkim,27.5,87.9,11.5,27.0,48.7,True,10,5,5,0,50.7,1714.0,52.3,1,45.0,56.4,1
9,NH-54 Aizawl Ridge,Mizoram,8.1,23.6,73.8,109.1,163.1,True,5,2,3,0,49.6,1204.2,36.3,0,0.0,23.4,1
11,NH-10 Teesta River Canyon,Sikkim,1.9,6.8,0.5,1.1,2.2,False,10,3,7,0,79.6,1889.0,53.6,0,0.0,29.3,1
9,NH-54 Aizawl Ridge,Mizoram,0.2,1.0,0.3,0.7,1.4,False,7,4,3,2,45.7,1440.6,35.3,0,0.0,22.1,0
2,NH-13 Trans-Arunachal,Arunachal Pradesh,0.6,3.0,3.0,6.1,12.1,False,11,5,6,1,11.6,1926.0,38.0,0,0.0,19.9,0
2,NH-13 Trans-Arunachal,Arunachal Pradesh,23.4,125.2,8.2,12.7,18.6,True,3,3,0,2,37.5,1652.9,25.1,3,45.0,52.9,1
10,NH-08 Tripura Central,Tripura,0.9,5.4,3.0,5.9,11.9,False,2,1,1,0,33.5,50.0,12.7,0,0.0,10.6,0
7,NH-102 Moreh Border,Manipur,18.2,48.6,6.5,16.2,25.1,True,0,0,0,0,81.4,790.5,18.0,0,0.0,25.5,0
11,NH-10 Teesta River Canyon,Sikkim,0.1,0.7,1.8,3.7,7.3,False,7,3,4,2,50.8,1616.2,51.7,0,0.0,23.8,1
2,NH-13 Trans-Arunachal,Arunachal Pradesh,1.3,4.0,1.4,3.3,4.8,False,8,3,5,1,58.1,2075.8,36.7,3,75.0,41.6,0
5,SH-05 Cherrapunjee Highland,Meghalaya,1.3,5.1,2.6,5.1,10.2,False,2,2,0,0,66.4,1367.0,25.3,0,0.0,20.0,0
8,NH-29 Kohima Mountain,Nagaland,14.0,52.6,4.1,9.6,18.7,False,6,3,3,2,32.5,1351.2,27.2,0,0.0,26.8,0
9,NH-54 Aizawl Ridge,Mizoram,8.9,23.0,25.8,56.0,104.2,True,3,2,1,1,34.6,1019.4,43.1,0,0.0,22.4,1
12,NH-27S Haflong Hill,Assam,0.3,1.2,5.4,10.9,21.7,False,2,2,0,0,76.8,825.7,30.1,2,45.0,33.0,1
1,NH-27 Assam Arterial,Assam,3.3,17.6,10.8,25.5,53.5,False,1,1,0,1,56.6,118.4,13.6,0,0.0,16.7,1
4,NH-06 Meghalaya Corridor,Meghalaya,0.5,3.1,0.1,0.2,0.5,False,4,2,2,1,41.7,1468.5,28.6,0,0.0,16.6,0
11,NH-10 Teesta River Canyon,Sikkim,0.5,4.9,1.7,3.4,6.8,False,9,3,6,2,72.1,1421.7,44.2,3,45.0,37.9,1
3,NH-229 Sela Pass,Arunachal Pradesh,1.6,9.3,1.8,3.6,7.2,False,9,2,7,1,55.2,3742.0,40.1,4,95.0,45.9,1
2,NH-13 Trans-Arunachal,Arunachal Pradesh,1.4,8.6,7.8,12.5,18.4,True,5,5,0,1,46.9,1789.4,39.1,4,45.0,37.8,0
6,NH-02 Imphal Lifeline,Manipur,13.0,120.6,7.1,13.9,33.9,True,3,2,1,0,55.0,963.1,12.6,0,0.0,38.9,1
10,NH-08 Tripura Central,Tripura,15.5,62.5,28.6,65.8,96.1,True,1,0,1,1,45.6,518.9,2.0,4,75.0,38.5,1
10,NH-08 Tripura Central,Tripura,1.0,6.8,2.8,5.5,11.0,False,1,1,0,1,46.0,50.0,20.4,3,95.0,38.1,0
7,NH-102 Moreh Border,Manipur,12.1,34.6,3.4,5.7,12.7,False,4,3,1,1,76.2,661.3,18.9,0,0.0,28.1,0
11,NH-10 Teesta River Canyon,Sikkim,27.9,75.2,0.1,0.1,0.3,False,4,3,1,2,62.5,1804.1,45.8,3,75.0,58.3,0
8,NH-29 Kohima Mountain,Nagaland,107.7,275.9,11.5,26.6,43.7,True,8,6,2,1,65.7,1466.0,37.6,0,0.0,59.4,1
2,NH-13 Trans-Arunachal,Arunachal Pradesh,2.4,9.0,32.9,58.9,94.0,True,7,2,5,1,57.9,1882.2,31.1,0,0.0,20.7,0
3,NH-229 Sela Pass,Arunachal Pradesh,0.2,1.8,0.2,0.3,0.7,False,7,4,3,7,76.9,4097.9,47.0,0,0.0,29.3,0
12,NH-27S Haflong Hill,Assam,53.3,214.6,11.4,17.4,32.2,True,3,3,0,0,42.6,810.4,19.7,1,45.0,57.6,0
10,NH-08 Tripura Central,Tripura,120.0,346.8,47.9,95.3,140.0,True,1,1,0,0,39.2,572.6,13.7,0,0.0,40.6,0
9,NH-54 Aizawl Ridge,Mizoram,30.6,131.5,40.7,60.6,89.2,True,2,2,0,1,51.1,1380.4,24.2,0,0.0,42.8,1
11,NH-10 Teesta River Canyon,Sikkim,2.9,12.3,1.1,2.2,4.4,False,9,7,2,3,72.4,1861.7,46.5,3,75.0,55.4,1
9,NH-54 Aizawl Ridge,Mizoram,6.7,45.6,45.4,84.8,126.0,True,3,3,0,4,42.4,1000.5,30.9,1,75.0,46.4,0
10,NH-08 Tripura Central,Tripura,3.1,12.1,0.6,1.3,2.6,False,2,1,1,1,64.5,50.0,8.5,2,45.0,27.0,1
10,NH-08 Tripura Central,Tripura,3.0,10.1,4.1,8.2,16.3,False,2,1,1,1,49.6,50.0,7.0,0,0.0,12.9,0
6,NH-02 Imphal Lifeline,Manipur,0.7,2.1,7.4,13.1,21.4,False,4,2,2,1,45.9,1219.2,15.9,3,45.0,25.7,1
1,NH-27 Assam Arterial,Assam,0.5,4.2,0.7,1.3,2.7,False,0,0,0,0,74.8,134.3,5.2,0,0.0,13.1,0
8,NH-29 Kohima Mountain,Nagaland,3.5,12.4,2.3,4.6,9.1,False,7,4,3,1,64.6,1309.3,37.5,0,0.0,27.7,1
9,NH-54 Aizawl Ridge,Mizoram,0.7,5.0,2.6,5.2,10.4,False,3,3,0,0,38.6,1333.6,23.2,0,0.0,17.4,0
10,NH-08 Tripura Central,Tripura,33.0,131.5,21.5,36.4,69.4,True,1,1,0,0,56.9,50.0,2.0,0,0.0,37.2,0
11,NH-10 Teesta River Canyon,Sikkim,0.0,0.3,0.5,1.1,2.2,False,12,10,2,1,77.0,1753.5,49.4,2,75.0,60.2,0
6,NH-02 Imphal Lifeline,Manipur,0.7,3.4,1.1,2.2,4.5,False,0,0,0,0,17.5,982.9,25.5,0,0.0,8.4,0
1,NH-27 Assam Arterial,Assam,21.3,102.0,6.6,12.9,19.6,True,0,0,0,0,42.2,270.1,4.1,2,75.0,46.3,1
9,NH-54 Aizawl Ridge,Mizoram,2.1,11.3,1.4,2.7,5.5,False,2,2,0,2,53.8,1208.2,32.1,3,45.0,32.0,0
2,NH-13 Trans-Arunachal,Arunachal Pradesh,0.0,0.1,0.9,1.9,3.7,False,6,6,0,0,53.8,1811.0,39.7,0,0.0,28.0,1
11,NH-10 Teesta River Canyon,Sikkim,6.3,21.4,28.9,50.7,80.0,False,11,7,4,4,70.6,1501.5,40.3,4,45.0,48.2,1
1,NH-27 Assam Arterial,Assam,53.2,152.8,44.5,85.1,126.6,True,1,0,1,1,58.6,50.0,3.1,0,0.0,39.4,1
9,NH-54 Aizawl Ridge,Mizoram,7.0,61.6,32.5,53.3,118.2,True,2,2,0,1,43.7,1125.8,21.2,1,45.0,38.4,1
3,NH-229 Sela Pass,Arunachal Pradesh,5.0,21.9,16.6,26.0,50.9,False,8,3,5,2,53.8,3918.3,45.9,0,0.0,27.6,0
12,NH-27S Haflong Hill,Assam,0.7,2.9,2.4,4.7,9.5,False,4,1,3,2,31.4,1012.6,27.8,0,0.0,12.8,1
10,NH-08 Tripura Central,Tripura,5.0,20.7,0.3,0.6,1.2,False,0,0,0,0,80.3,500.0,3.4,4,75.0,35.6,1
10,NH-08 Tripura Central,Tripura,0.3,0.9,3.5,6.9,13.9,False,1,0,1,0,70.5,258.3,17.6,0,0.0,14.3,0
12,NH-27S Haflong Hill,Assam,1.4,13.4,1.5,3.0,6.0,False,5,1,4,0,45.5,621.6,21.6,0,0.0,15.8,1
7,NH-102 Moreh Border,Manipur,70.0,182.4,8.8,15.8,26.6,True,2,2,0,2,51.1,501.1,12.7,2,45.0,55.5,1
9,NH-54 Aizawl Ridge,Mizoram,7.9,32.0,4.8,9.5,19.0,False,3,3,0,0,44.4,1318.5,29.2,0,0.0,24.9,1
10,NH-08 Tripura Central,Tripura,9.0,26.3,21.8,36.5,68.8,False,0,0,0,0,72.1,265.3,12.8,0,0.0,18.6,0
2,NH-13 Trans-Arunachal,Arunachal Pradesh,24.6,63.4,5.2,8.9,15.7,True,5,1,4,1,51.6,1748.1,32.0,0,0.0,28.8,0
11,NH-10 Teesta River Canyon,Sikkim,5.2,24.0,4.2,8.4,16.9,False,10,4,6,3,69.9,1716.5,51.3,0,0.0,33.3,1
9,NH-54 Aizawl Ridge,Mizoram,33.6,161.7,2.0,4.9,9.8,True,1,1,0,0,63.8,1249.8,22.6,0,0.0,46.1,1
7,NH-102 Moreh Border,Manipur,2.7,9.4,46.7,92.5,150.2,True,4,2,2,0,33.1,751.3,15.0,0,0.0,13.9,0
12,NH-27S Haflong Hill,Assam,21.5,119.0,5.1,8.9,18.2,True,5,5,0,1,31.8,882.6,29.5,3,75.0,63.2,1
4,NH-06 Meghalaya Corridor,Meghalaya,0.2,0.6,9.1,18.2,36.3,False,8,1,7,1,64.2,1663.2,15.1,0,0.0,14.8,0
5,SH-05 Cherrapunjee Highland,Meghalaya,10.2,92.6,1.1,2.0,3.2,True,7,7,0,1,80.0,1431.9,38.7,0,0.0,52.3,0
10,NH-08 Tripura Central,Tripura,2.9,11.8,23.2,43.9,74.5,False,3,1,2,0,15.1,50.0,12.8,2,75.0,27.9,0
6,NH-02 Imphal Lifeline,Manipur,16.3,45.7,53.7,86.9,146.2,True,5,2,3,1,70.6,1005.4,11.3,4,75.0,44.8,1
5,SH-05 Cherrapunjee Highland,Meghalaya,44.8,115.8,16.2,23.5,56.9,True,4,4,0,5,53.7,1473.5,42.8,3,75.0,66.5,1
11,NH-10 Teesta River Canyon,Sikkim,0.1,0.7,1.5,2.3,4.2,False,5,2,3,2,66.6,1835.2,51.1,4,75.0,42.9,1
9,NH-54 Aizawl Ridge,Mizoram,2.1,7.7,19.6,29.8,72.5,False,11,5,6,1,43.3,970.6,26.8,3,45.0,34.6,0
7,NH-102 Moreh Border,Manipur,2.1,8.0,0.9,1.8,3.5,False,2,1,1,1,50.1,404.6,11.4,0,0.0,13.4,0
8,NH-29 Kohima Mountain,Nagaland,0.7,4.5,0.7,1.5,2.9,False,9,2,7,3,46.4,1606.1,30.9,4,45.0,29.3,0
9,NH-54 Aizawl Ridge,Mizoram,0.8,4.8,2.9,5.7,11.5,False,4,4,0,1,50.0,1356.9,31.8,4,95.0,46.6,0
1,NH-27 Assam Arterial,Assam,1.1,8.7,3.3,6.6,13.3,False,3,0,3,0,27.8,196.5,15.4,0,0.0,9.0,0
2,NH-13 Trans-Arunachal,Arunachal Pradesh,0.3,2.3,8.9,18.6,39.2,False,4,2,2,2,51.9,1775.6,36.2,1,45.0,30.7,0
7,NH-102 Moreh Border,Manipur,2.4,8.3,9.6,19.1,38.3,False,1,0,1,2,64.1,765.9,21.1,0,0.0,15.5,0
3,NH-229 Sela Pass,Arunachal Pradesh,1.9,9.3,0.7,1.4,2.7,False,10,6,4,1,46.1,3924.6,41.7,3,75.0,47.9,1
10,NH-08 Tripura Central,Tripura,1.1,5.4,8.3,13.9,24.8,False,1,1,0,2,50.6,175.0,8.0,0,0.0,12.3,0
6,NH-02 Imphal Lifeline,Manipur,24.8,87.7,2.7,3.9,8.0,True,2,2,0,1,68.7,1007.7,18.1,2,95.0,59.2,1
5,SH-05 Cherrapunjee Highland,Meghalaya,3.0,13.0,1.0,2.0,3.9,False,7,6,1,3,58.3,1332.3,29.5,0,0.0,29.2,0
9,NH-54 Aizawl Ridge,Mizoram,1.2,4.9,45.8,108.2,175.6,True,3,3,0,1,59.2,1174.2,21.0,0,0.0,20.0,0
9,NH-54 Aizawl Ridge,Mizoram,1.8,8.5,31.7,59.0,87.4,False,6,2,4,2,48.0,1126.1,34.6,0,0.0,19.8,0
5,SH-05 Cherrapunjee Highland,Meghalaya,34.8,97.9,13.9,32.9,65.1,True,12,4,8,3,27.1,1288.0,30.7,0,0.0,37.8,1
7,NH-102 Moreh Border,Manipur,30.1,90.8,4.5,9.6,16.4,True,8,4,4,0,47.5,652.9,8.9,4,75.0,53.8,1
9,NH-54 Aizawl Ridge,Mizoram,17.0,84.9,41.2,67.7,115.8,True,10,2,8,0,39.3,1248.9,19.4,1,75.0,49.5,0
5,SH-05 Cherrapunjee Highland,Meghalaya,4.2,14.3,2.6,5.1,10.3,False,6,3,3,1,41.4,1168.4,34.7,0,0.0,22.0,0
7,NH-102 Moreh Border,Manipur,23.2,86.0,22.6,44.0,83.7,True,0,0,0,2,27.9,661.4,18.1,0,0.0,25.0,0
8,NH-29 Kohima Mountain,Nagaland,0.2,0.7,1.2,2.4,4.8,False,4,4,0,2,70.4,1792.5,40.1,0,0.0,26.7,0
5,SH-05 Cherrapunjee Highland,Meghalaya,24.2,81.0,5.2,8.2,15.8,True,6,0,6,3,92.0,1419.4,27.2,0,0.0,35.4,0
11,NH-10 Teesta River Canyon,Sikkim,0.7,3.3,3.8,7.6,15.3,False,9,7,2,1,56.7,1971.7,44.6,0,0.0,32.1,0
9,NH-54 Aizawl Ridge,Mizoram,5.5,26.3,10.3,20.6,32.3,False,6,6,0,2,42.7,1190.1,32.8,1,45.0,41.5,0
12,NH-27S Haflong Hill,Assam,0.6,2.7,2.3,4.5,9.0,False,8,0,8,1,21.5,1061.4,28.1,0,0.0,9.4,0
6,NH-02 Imphal Lifeline,Manipur,15.3,84.8,22.6,50.1,85.8,True,3,1,2,0,69.6,1035.1,27.4,0,0.0,34.9,1
12,NH-27S Haflong Hill,Assam,1.9,12.6,1.5,2.9,5.9,False,6,2,4,1,68.8,950.3,24.4,0,0.0,21.7,1
12,NH-27S Haflong Hill,Assam,5.3,14.1,6.1,8.8,13.8,False,5,0,5,1,72.0,1145.1,25.0,2,75.0,37.4,0
6,NH-02 Imphal Lifeline,Manipur,32.0,185.5,24.3,52.0,83.0,True,6,6,0,1,28.2,1093.1,26.3,1,75.0,70.2,1
11,NH-10 Teesta River Canyon,Sikkim,1.6,6.4,4.1,9.2,18.2,True,8,3,5,1,63.6,1870.0,41.5,0,0.0,25.1,0
8,NH-29 Kohima Mountain,Nagaland,1.1,4.7,10.5,19.7,33.9,False,6,2,4,2,59.4,1381.6,32.6,0,0.0,20.4,0
10,NH-08 Tripura Central,Tripura,4.2,23.4,0.2,0.3,0.7,False,1,0,1,0,30.5,50.0,8.6,0,0.0,11.0,0
5,SH-05 Cherrapunjee Highland,Meghalaya,11.7,51.7,0.4,0.9,1.3,False,5,5,0,2,8.1,1477.6,36.5,4,75.0,47.6,1
9,NH-54 Aizawl Ridge,Mizoram,13.7,35.9,5.8,8.6,17.9,False,5,2,3,0,61.5,1560.5,41.9,0,0.0,28.8,0
8,NH-29 Kohima Mountain,Nagaland,5.6,22.7,1.9,3.9,7.8,False,8,8,0,3,53.7,1568.7,40.8,0,0.0,36.7,0
1,NH-27 Assam Arterial,Assam,2.6,10.0,1.7,3.4,6.8,False,2,0,2,0,47.4,148.5,10.0,3,45.0,22.4,0
5,SH-05 Cherrapunjee Highland,Meghalaya,3.5,24.1,31.1,52.5,76.3,False,12,2,10,0,16.4,1319.4,34.5,3,45.0,29.4,1
8,NH-29 Kohima Mountain,Nagaland,14.2,72.5,6.8,11.9,20.0,False,5,3,2,2,60.3,1523.1,27.0,0,0.0,34.9,1
7,NH-102 Moreh Border,Manipur,4.1,38.9,7.4,13.6,32.3,True,2,2,0,1,47.7,893.6,4.3,2,95.0,43.5,0
12,NH-27S Haflong Hill,Assam,61.7,251.8,13.8,24.4,41.0,True,8,3,5,1,75.4,790.0,22.6,4,95.0,75.6,1
4,NH-06 Meghalaya Corridor,Meghalaya,3.4,19.8,16.2,35.5,54.5,False,3,3,0,1,38.7,1860.4,27.4,1,75.0,40.0,1
8,NH-29 Kohima Mountain,Nagaland,14.1,46.2,1.7,3.4,5.8,False,6,6,0,0,58.7,1572.2,26.2,0,0.0,35.3,0
6,NH-02 Imphal Lifeline,Manipur,2.9,12.7,5.2,10.4,20.8,False,4,2,2,1,52.0,1044.0,18.1,0,0.0,18.0,0
7,NH-102 Moreh Border,Manipur,3.9,18.8,6.4,13.6,27.3,True,3,3,0,0,60.6,816.2,29.4,3,75.0,43.5,1
11,NH-10 Teesta River Canyon,Sikkim,7.7,50.3,13.4,25.4,42.5,False,6,4,2,1,29.1,1586.8,50.2,3,45.0,43.7,1
5,SH-05 Cherrapunjee Highland,Meghalaya,7.0,22.0,12.0,26.8,61.5,False,6,6,0,3,44.0,1542.6,43.8,2,45.0,43.0,0
11,NH-10 Teesta River Canyon,Sikkim,1.2,6.7,0.0,0.1,0.2,False,7,4,3,5,43.4,1504.0,42.8,0,0.0,24.4,0
11,NH-10 Teesta River Canyon,Sikkim,6.2,17.1,2.3,4.8,11.5,False,9,3,6,2,43.8,1869.1,28.7,1,45.0,33.0,0
5,SH-05 Cherrapunjee Highland,Meghalaya,0.7,3.0,40.8,62.0,100.9,True,4,4,0,0,44.3,1301.2,36.5,0,0.0,22.5,0
11,NH-10 Teesta River Canyon,Sikkim,1.8,6.3,0.5,0.9,1.8,False,4,3,1,4,46.3,1965.7,39.3,0,0.0,22.1,0
2,NH-13 Trans-Arunachal,Arunachal Pradesh,8.4,37.2,7.8,14.4,22.4,False,7,5,2,2,67.8,1827.1,30.6,3,45.0,45.0,0
10,NH-08 Tripura Central,Tripura,1.0,4.5,1.6,3.1,6.2,False,0,0,0,0,21.8,73.3,5.7,0,0.0,5.3,0
6,NH-02 Imphal Lifeline,Manipur,2.0,13.2,5.3,10.7,21.4,False,3,2,1,0,52.0,1138.7,20.1,0,0.0,18.5,1
1,NH-27 Assam Arterial,Assam,6.5,46.7,45.3,75.9,119.4,True,4,1,3,0,14.2,365.3,3.2,3,75.0,32.9,0
12,NH-27S Haflong Hill,Assam,0.7,4.5,3.6,7.2,14.3,False,4,2,2,1,62.7,846.1,26.9,0,0.0,19.7,1
8,NH-29 Kohima Mountain,Nagaland,30.9,87.6,7.8,17.6,33.3,True,2,2,0,2,41.0,1199.6,34.8,4,45.0,45.9,1
2,NH-13 Trans-Arunachal,Arunachal Pradesh,18.0,73.8,15.8,25.8,39.3,False,3,3,0,3,31.5,1932.6,32.8,4,75.0,50.8,1
4,NH-06 Meghalaya Corridor,Meghalaya,9.9,37.5,3.4,6.8,13.7,False,5,4,1,2,64.3,1495.9,26.9,2,75.0,49.3,1
11,NH-10 Teesta River Canyon,Sikkim,16.8,54.1,8.4,12.2,19.0,False,11,3,8,2,28.8,1832.2,45.9,0,0.0,30.3,0
9,NH-54 Aizawl Ridge,Mizoram,0.5,4.7,5.6,11.1,22.3,False,12,3,9,1,45.7,1012.1,41.8,2,95.0,45.9,0
8,NH-29 Kohima Mountain,Nagaland,2.7,14.0,1.2,2.5,4.9,False,5,3,2,2,80.6,1541.5,27.5,0,0.0,26.4,0
11,NH-10 Teesta River Canyon,Sikkim,1.3,6.5,8.7,15.7,35.2,False,4,4,0,3,63.4,1503.0,30.2,2,75.0,43.6,0
8,NH-29 Kohima Mountain,Nagaland,41.6,114.0,5.6,11.2,16.8,True,3,3,0,2,73.0,1417.4,21.0,2,75.0,62.7,1
1,NH-27 Assam Arterial,Assam,24.9,72.4,32.0,60.1,99.4,True,2,0,2,1,18.1,50.0,3.3,0,0.0,17.8,1
5,SH-05 Cherrapunjee Highland,Meghalaya,11.8,59.4,24.2,58.9,136.3,True,3,3,0,1,71.8,1525.9,38.0,4,75.0,55.0,0
8,NH-29 Kohima Mountain,Nagaland,34.9,121.7,80.2,194.2,300.6,True,6,2,4,1,79.7,1693.4,26.4,0,0.0,45.6,1
10,NH-08 Tripura Central,Tripura,21.4,61.2,30.7,56.2,124.5,True,3,0,3,0,49.6,50.0,15.8,3,45.0,34.1,1
9,NH-54 Aizawl Ridge,Mizoram,1.4,10.0,7.2,14.2,24.6,False,1,1,0,1,43.2,1165.4,26.7,0,0.0,15.8,0
7,NH-102 Moreh Border,Manipur,1.2,3.8,11.3,26.3,40.5,True,1,1,0,0,49.5,867.0,17.5,0,0.0,13.7,0
10,NH-08 Tripura Central,Tripura,0.2,0.8,0.4,0.8,1.7,False,2,2,0,0,28.3,399.8,8.7,0,0.0,10.1,0
5,SH-05 Cherrapunjee Highland,Meghalaya,28.4,106.9,1.4,2.2,3.1,True,7,5,2,3,41.9,1275.8,46.6,0,0.0,47.0,1
5,SH-05 Cherrapunjee Highland,Meghalaya,25.9,107.8,6.8,10.6,15.6,True,5,4,1,1,70.5,1091.5,42.5,4,75.0,67.4,1
10,NH-08 Tripura Central,Tripura,5.7,24.9,13.9,22.0,32.0,False,0,0,0,0,44.5,285.1,8.2,1,95.0,37.0,1
2,NH-13 Trans-Arunachal,Arunachal Pradesh,25.5,76.5,46.9,97.7,203.6,True,5,2,3,0,77.9,2087.1,25.4,4,45.0,47.3,1
4,NH-06 Meghalaya Corridor,Meghalaya,3.2,21.4,45.8,91.6,184.7,True,8,2,6,0,74.2,1456.2,27.3,2,75.0,43.6,1
5,SH-05 Cherrapunjee Highland,Meghalaya,0.0,0.1,3.3,6.6,13.2,False,5,3,2,4,75.6,1206.4,33.3,0,0.0,24.0,0
1,NH-27 Assam Arterial,Assam,13.1,52.9,105.7,152.1,222.1,True,2,2,0,0,34.9,367.4,13.2,0,0.0,22.4,0
1,NH-27 Assam Arterial,Assam,10.7,50.2,9.2,13.4,30.5,False,1,1,0,0,83.7,50.0,2.1,0,0.0,25.0,1
5,SH-05 Cherrapunjee Highland,Meghalaya,2.2,12.0,0.4,0.8,1.7,False,6,4,2,1,56.8,1402.0,29.1,2,45.0,36.0,0
8,NH-29 Kohima Mountain,Nagaland,25.7,90.1,3.1,4.8,9.5,True,4,4,0,2,83.4,1020.6,33.5,0,0.0,45.2,1
12,NH-27S Haflong Hill,Assam,0.7,5.0,0.9,1.8,3.6,False,6,3,3,0,40.8,694.3,36.9,0,0.0,20.5,0
11,NH-10 Teesta River Canyon,Sikkim,2.0,7.9,2.0,4.0,7.9,False,11,3,8,3,37.1,1950.3,44.5,1,75.0,40.8,0
9,NH-54 Aizawl Ridge,Mizoram,0.4,2.5,12.1,19.7,39.5,False,7,4,3,1,55.9,762.4,42.7,0,0.0,25.4,1
1,NH-27 Assam Arterial,Assam,2.6,9.2,3.8,7.6,15.2,False,1,1,0,1,66.2,50.0,12.4,4,75.0,35.0,1
3,NH-229 Sela Pass,Arunachal Pradesh,0.2,1.3,0.4,0.7,1.5,False,7,5,2,2,81.7,3780.1,38.4,0,0.0,30.2,1
1,NH-27 Assam Arterial,Assam,27.8,73.7,1.0,1.6,3.9,False,1,1,0,0,18.0,50.0,14.6,0,0.0,22.3,1
2,NH-13 Trans-Arunachal,Arunachal Pradesh,14.9,98.8,65.7,97.1,173.7,True,7,4,3,2,73.2,1912.3,35.4,3,75.0,64.6,1
11,NH-10 Teesta River Canyon,Sikkim,5.1,19.2,22.6,34.9,64.2,False,11,11,0,1,76.7,1590.0,57.6,1,95.0,69.1,1
4,NH-06 Meghalaya Corridor,Meghalaya,79.3,203.3,10.4,19.4,27.8,True,7,2,5,0,48.1,1497.8,20.7,3,45.0,56.6,1
8,NH-29 Kohima Mountain,Nagaland,1.5,6.4,2.9,5.8,11.5,True,6,4,2,1,51.2,1348.6,39.8,0,0.0,24.9,0
5,SH-05 Cherrapunjee Highland,Meghalaya,2.8,9.6,4.2,8.3,16.7,False,3,3,0,1,79.7,1280.9,34.9,0,0.0,26.9,1
12,NH-27S Haflong Hill,Assam,31.0,108.9,62.8,94.2,171.2,True,5,2,3,1,44.1,851.9,21.6,3,75.0,55.5,1
8,NH-29 Kohima Mountain,Nagaland,0.8,2.9,6.3,10.0,22.7,False,4,0,4,0,58.4,1240.8,27.4,0,0.0,14.8,0
2,NH-13 Trans-Arunachal,Arunachal Pradesh,10.9,54.1,29.6,51.2,78.4,False,9,1,8,3,29.0,1898.6,45.9,0,0.0,26.3,0
8,NH-29 Kohima Mountain,Nagaland,26.5,82.6,55.7,97.0,223.3,True,11,2,9,1,50.2,1517.9,27.3,0,0.0,33.5,1
3,NH-229 Sela Pass,Arunachal Pradesh,0.2,1.1,0.3,0.6,1.1,False,16,14,2,1,50.5,3795.0,49.8,0,0.0,37.7,0
6,NH-02 Imphal Lifeline,Manipur,0.4,1.4,0.9,1.9,3.8,False,3,2,1,0,73.7,921.5,21.7,0,0.0,19.7,0
9,NH-54 Aizawl Ridge,Mizoram,0.2,0.8,6.0,12.0,24.0,False,3,0,3,1,43.4,1098.1,35.7,3,75.0,32.6,1
11,NH-10 Teesta River Canyon,Sikkim,7.6,23.7,38.6,78.5,183.4,True,9,3,6,4,60.5,2085.4,36.0,1,45.0,38.3,1
3,NH-229 Sela Pass,Arunachal Pradesh,22.9,92.2,76.9,182.9,340.5,True,6,6,0,2,57.7,4141.3,45.8,1,75.0,67.0,1
2,NH-13 Trans-Arunachal,Arunachal Pradesh,27.2,232.5,26.0,47.2,82.2,True,8,4,4,1,24.2,1635.2,50.9,0,0.0,51.6,1
8,NH-29 Kohima Mountain,Nagaland,19.8,63.6,11.4,19.1,28.8,False,2,2,0,2,51.2,1521.5,26.7,3,45.0,41.0,1
12,NH-27S Haflong Hill,Assam,0.3,0.8,13.3,31.9,48.7,False,4,1,3,0,68.6,800.5,37.3,4,45.0,31.2,0
2,NH-13 Trans-Arunachal,Arunachal Pradesh,2.8,8.5,18.0,42.6,83.0,False,1,0,1,0,50.2,2022.1,28.1,4,45.0,26.1,0
12,NH-27S Haflong Hill,Assam,34.4,124.7,53.8,89.2,177.1,True,3,3,0,3,52.8,700.6,35.3,0,0.0,45.9,1
12,NH-27S Haflong Hill,Assam,5.5,38.7,4.0,7.7,14.7,False,2,2,0,0,64.7,649.6,29.3,0,0.0,27.3,0
2,NH-13 Trans-Arunachal,Arunachal Pradesh,37.6,101.9,7.3,16.0,38.6,True,2,1,1,1,63.8,1477.9,27.2,4,45.0,48.6,1
9,NH-54 Aizawl Ridge,Mizoram,0.2,0.8,1.8,3.5,7.1,False,5,3,2,1,26.2,1277.0,32.4,0,0.0,16.6,0
9,NH-54 Aizawl Ridge,Mizoram,5.1,16.9,15.7,26.3,60.9,True,5,1,4,3,42.0,915.6,34.4,0,0.0,18.6,1
8,NH-29 Kohima Mountain,Nagaland,0.4,2.6,2.0,4.1,8.1,False,2,2,0,0,81.0,1196.4,24.1,2,75.0,40.2,0
9,NH-54 Aizawl Ridge,Mizoram,5.7,20.0,5.9,8.7,21.0,True,6,2,4,3,46.2,1113.8,23.7,0,0.0,19.7,0
6,NH-02 Imphal Lifeline,Manipur,0.5,2.1,1.5,3.0,6.1,False,4,1,3,3,46.7,940.3,14.0,0,0.0,12.2,0
7,NH-102 Moreh Border,Manipur,0.8,3.7,0.1,0.3,0.5,False,3,3,0,1,62.5,654.1,17.9,0,0.0,19.7,0
10,NH-08 Tripura Central,Tripura,32.7,213.5,6.5,14.4,25.6,True,0,0,0,1,36.6,50.0,18.0,3,95.0,62.9,1
8,NH-29 Kohima Mountain,Nagaland,52.7,232.8,50.0,80.2,195.2,True,5,2,3,3,30.4,1521.7,24.4,1,75.0,62.2,0
10,NH-08 Tripura Central,Tripura,3.9,24.7,9.2,14.9,26.2,True,2,2,0,0,52.4,76.8,16.5,0,0.0,20.1,1
4,NH-06 Meghalaya Corridor,Meghalaya,5.6,28.8,9.1,18.0,40.4,False,2,1,1,1,49.4,1564.2,31.4,0,0.0,21.4,0
5,SH-05 Cherrapunjee Highland,Meghalaya,4.1,38.0,0.7,1.3,2.7,False,6,6,0,1,56.6,1537.0,52.2,0,0.0,38.1,0
2,NH-13 Trans-Arunachal,Arunachal Pradesh,7.7,22.0,40.3,57.6,93.4,True,5,4,1,2,52.2,1848.8,35.0,2,45.0,38.5,1
10,NH-08 Tripura Central,Tripura,5.4,14.0,0.2,0.5,0.9,False,1,1,0,1,77.8,145.7,15.2,4,75.0,38.3,1
4,NH-06 Meghalaya Corridor,Meghalaya,3.4,15.0,4.0,8.1,16.2,False,3,3,0,0,56.4,1423.8,19.6,0,0.0,21.4,1
12,NH-27S Haflong Hill,Assam,3.0,10.7,1.0,1.9,3.9,False,1,1,0,1,35.4,900.1,35.3,3,75.0,35.2,1
10,NH-08 Tripura Central,Tripura,14.0,42.1,17.0,27.5,56.5,False,1,1,0,0,47.2,50.0,2.0,0,0.0,17.9,0
7,NH-102 Moreh Border,Manipur,2.1,7.4,131.5,206.8,357.4,True,2,2,0,2,32.2,686.1,13.3,0,0.0,13.0,0
4,NH-06 Meghalaya Corridor,Meghalaya,1.0,5.7,2.1,4.2,8.4,False,2,2,0,1,68.9,1527.8,25.3,0,0.0,20.5,0
11,NH-10 Teesta River Canyon,Sikkim,1.8,7.3,8.5,16.0,39.7,False,9,6,3,3,36.0,1736.2,39.7,2,75.0,45.6,1
12,NH-27S Haflong Hill,Assam,6.9,31.9,10.8,25.5,54.1,True,1,1,0,3,23.6,941.3,25.9,0,0.0,17.1,0
8,NH-29 Kohima Mountain,Nagaland,0.5,4.2,9.3,18.5,37.1,False,3,1,2,2,38.5,1279.6,34.0,4,95.0,39.2,1
7,NH-102 Moreh Border,Manipur,2.7,14.5,58.3,105.3,232.1,True,4,1,3,2,81.7,500.4,18.8,4,45.0,32.2,1
1,NH-27 Assam Arterial,Assam,2.4,24.3,48.8,70.7,106.0,True,2,2,0,1,23.7,50.0,12.0,4,95.0,38.6,1
12,NH-27S Haflong Hill,Assam,14.2,63.6,11.3,18.1,29.2,True,6,1,5,1,35.4,724.5,33.8,4,45.0,38.0,1
10,NH-08 Tripura Central,Tripura,58.9,371.1,21.5,32.2,61.3,True,2,2,0,0,47.5,105.0,6.4,0,0.0,42.4,0
4,NH-06 Meghalaya Corridor,Meghalaya,15.1,75.2,5.4,12.3,28.1,False,3,1,2,1,54.9,1676.2,22.5,1,45.0,41.0,1
7,NH-102 Moreh Border,Manipur,3.9,23.5,28.2,45.1,82.5,False,1,1,0,0,10.2,448.9,14.2,1,95.0,34.8,0
3,NH-229 Sela Pass,Arunachal Pradesh,1.1,4.5,3.0,5.9,11.8,False,8,2,6,0,66.8,4053.7,37.7,0,0.0,22.5,0
3,NH-229 Sela Pass,Arunachal Pradesh,6.4,18.7,36.7,65.9,104.1,True,8,5,3,0,51.3,3675.4,33.6,0,0.0,28.2,1
11,NH-10 Teesta River Canyon,Sikkim,5.7,15.4,16.3,26.8,49.2,False,8,8,0,3,83.2,1712.5,43.7,0,0.0,40.3,1
1,NH-27 Assam Arterial,Assam,8.1,50.1,12.4,22.1,36.3,False,0,0,0,0,47.9,307.3,2.0,3,75.0,36.3,1
12,NH-27S Haflong Hill,Assam,2.5,14.4,0.2,0.3,0.7,False,1,1,0,1,15.0,1095.2,33.3,0,0.0,13.8,0
12,NH-27S Haflong Hill,Assam,20.9,53.1,10.1,18.7,36.2,False,3,1,2,1,57.6,787.0,17.5,3,75.0,43.5,1
10,NH-08 Tripura Central,Tripura,0.7,4.6,3.0,6.0,12.1,False,0,0,0,1,5.0,50.0,8.1,0,0.0,5.0,1
10,NH-08 Tripura Central,Tripura,0.8,4.0,1.9,3.8,7.5,False,2,1,1,0,41.9,62.3,14.9,0,0.0,12.1,1
4,NH-06 Meghalaya Corridor,Meghalaya,2.7,9.5,3.1,6.2,12.3,False,4,3,1,1,32.0,1621.4,18.1,1,45.0,27.6,1
11,NH-10 Teesta River Canyon,Sikkim,3.6,27.6,31.6,47.5,93.3,True,9,2,7,3,77.5,1539.5,45.5,0,0.0,30.2,0
2,NH-13 Trans-Arunachal,Arunachal Pradesh,1.7,6.8,10.9,18.7,44.7,False,6,5,1,2,73.2,1904.0,23.1,0,0.0,27.0,1
7,NH-102 Moreh Border,Manipur,30.4,146.5,30.4,58.5,106.5,True,4,2,2,1,46.8,543.2,18.8,0,0.0,44.1,0
8,NH-29 Kohima Mountain,Nagaland,0.4,3.1,1.8,3.6,7.2,False,8,1,7,0,22.4,1388.8,22.5,4,75.0,29.2,1
12,NH-27S Haflong Hill,Assam,0.2,0.4,76.7,123.7,201.2,True,8,2,6,1,48.1,884.7,26.6,3,45.0,27.9,1
7,NH-102 Moreh Border,Manipur,0.6,5.4,7.3,14.6,29.3,True,2,2,0,1,58.6,520.3,21.5,0,0.0,18.2,0
5,SH-05 Cherrapunjee Highland,Meghalaya,3.5,20.9,1.3,3.2,7.3,False,7,4,3,3,24.8,1332.5,42.1,1,75.0,43.1,0
7,NH-102 Moreh Border,Manipur,0.1,0.5,7.6,15.3,30.5,False,3,1,2,2,27.1,779.6,19.6,3,45.0,21.3,1
6,NH-02 Imphal Lifeline,Manipur,2.0,6.9,4.3,8.7,17.3,False,3,3,0,1,67.8,913.0,20.7,4,75.0,40.4,1
11,NH-10 Teesta River Canyon,Sikkim,0.8,5.9,2.9,5.8,11.7,False,9,4,5,0,83.3,1864.7,43.1,2,45.0,41.6,0
7,NH-102 Moreh Border,Manipur,0.9,3.3,1.4,2.8,5.5,False,3,1,2,0,42.3,633.5,15.5,0,0.0,12.1,0
4,NH-06 Meghalaya Corridor,Meghalaya,0.6,4.7,3.3,6.5,13.1,False,3,3,0,0,42.7,1383.0,23.5,0,0.0,18.0,1
3,NH-229 Sela Pass,Arunachal Pradesh,8.5,23.0,35.3,60.9,88.0,False,7,1,6,0,64.2,3727.5,40.1,2,75.0,43.0,1
3,NH-229 Sela Pass,Arunachal Pradesh,0.4,3.9,4.2,8.4,16.8,False,7,3,4,2,88.2,3910.9,50.9,1,95.0,53.8,0
12,NH-27S Haflong Hill,Assam,2.0,14.3,50.6,95.3,158.6,True,7,2,5,2,51.5,778.1,20.4,2,75.0,37.4,0
6,NH-02 Imphal Lifeline,Manipur,2.3,12.3,3.0,6.0,11.9,False,3,2,1,1,38.8,1132.8,27.2,0,0.0,17.7,0
11,NH-10 Teesta River Canyon,Sikkim,1.7,8.0,1.4,2.7,5.5,False,8,8,0,0,44.0,1955.4,52.3,0,0.0,34.2,1
3,NH-229 Sela Pass,Arunachal Pradesh,65.5,168.4,14.0,30.7,52.7,True,5,3,2,1,51.1,3743.5,48.6,0,0.0,53.4,1
10,NH-08 Tripura Central,Tripura,11.4,37.3,27.0,39.8,68.6,False,1,1,0,0,20.8,149.0,12.9,1,45.0,26.4,0
12,NH-27S Haflong Hill,Assam,0.3,1.7,2.4,4.8,9.5,False,6,3,3,2,34.6,704.9,26.2,0,0.0,16.8,0
11,NH-10 Teesta River Canyon,Sikkim,44.4,147.5,60.0,109.3,158.0,True,5,5,0,1,17.9,1635.2,42.3,0,0.0,50.6,1
3,NH-229 Sela Pass,Arunachal Pradesh,3.1,8.7,8.3,13.8,21.7,False,4,4,0,4,44.6,3888.9,42.1,1,95.0,48.6,0
7,NH-102 Moreh Border,Manipur,14.9,80.6,0.3,0.4,0.9,True,2,2,0,0,35.3,826.9,20.1,0,0.0,29.4,1
4,NH-06 Meghalaya Corridor,Meghalaya,9.4,26.9,10.1,20.2,31.2,False,2,2,0,0,13.9,1193.9,30.8,0,0.0,17.6,0
8,NH-29 Kohima Mountain,Nagaland,1.1,4.1,2.3,4.5,9.0,False,6,4,2,2,48.9,1457.5,39.1,0,0.0,24.0,0
1,NH-27 Assam Arterial,Assam,3.1,11.8,1.8,3.7,7.3,False,2,2,0,0,38.1,50.0,12.8,0,0.0,14.6,0
12,NH-27S Haflong Hill,Assam,16.3,51.7,7.8,13.9,29.9,False,5,0,5,2,54.8,866.6,28.2,0,0.0,24.2,0
1,NH-27 Assam Arterial,Assam,8.2,38.2,34.2,70.4,148.8,True,0,0,0,0,64.7,303.0,12.2,1,45.0,31.0,0
4,NH-06 Meghalaya Corridor,Meghalaya,8.6,78.1,25.0,36.0,52.1,False,2,2,0,2,34.7,1368.5,16.2,0,0.0,28.1,0
9,NH-54 Aizawl Ridge,Mizoram,2.1,7.4,4.9,9.7,19.4,False,6,4,2,0,76.6,1121.2,28.3,4,75.0,45.4,1
5,SH-05 Cherrapunjee Highland,Meghalaya,1.0,4.5,2.2,4.4,8.7,False,8,4,4,0,50.4,1240.8,40.0,3,45.0,35.7,0
1,NH-27 Assam Arterial,Assam,0.6,4.6,1.3,2.7,5.4,False,3,2,1,0,31.9,141.6,12.7,0,0.0,12.3,0
2,NH-13 Trans-Arunachal,Arunachal Pradesh,0.5,2.0,2.3,4.7,9.4,False,8,5,3,0,10.4,2100.5,29.0,0,0.0,17.8,0
12,NH-27S Haflong Hill,Assam,29.0,102.7,19.4,29.9,61.1,True,1,1,0,1,52.5,756.4,29.6,3,95.0,60.1,1
3,NH-229 Sela Pass,Arunachal Pradesh,42.2,108.0,24.2,41.2,68.3,True,7,3,4,2,55.1,3673.0,36.6,0,0.0,43.2,0
8,NH-29 Kohima Mountain,Nagaland,1.4,12.3,13.9,24.1,37.5,False,4,4,0,1,47.7,1542.8,27.9,0,0.0,23.2,0
3,NH-229 Sela Pass,Arunachal Pradesh,1.2,7.4,1.4,2.8,5.7,False,7,6,1,4,66.5,3839.4,39.1,4,75.0,50.0,1
2,NH-13 Trans-Arunachal,Arunachal Pradesh,12.9,94.0,116.0,170.3,244.8,True,5,2,3,0,55.1,1960.0,41.8,2,75.0,58.2,1
7,NH-102 Moreh Border,Manipur,9.4,85.3,59.1,104.0,154.0,True,1,1,0,0,51.4,599.9,12.1,3,45.0,40.4,1
11,NH-10 Teesta River Canyon,Sikkim,0.1,1.2,1.9,3.9,7.8,False,9,9,0,1,79.7,1671.7,48.8,1,75.0,58.7,0
5,SH-05 Cherrapunjee Highland,Meghalaya,1.7,6.1,1.7,3.4,6.7,False,8,4,4,0,76.8,1248.7,38.8,0,0.0,28.5,1
3,NH-229 Sela Pass,Arunachal Pradesh,0.7,3.6,5.9,11.8,23.6,True,9,5,4,5,76.0,3903.2,41.5,0,0.0,30.4,1
8,NH-29 Kohima Mountain,Nagaland,0.1,0.8,1.1,2.2,4.3,False,2,2,0,0,81.0,1465.9,37.5,4,75.0,42.6,1
10,NH-08 Tripura Central,Tripura,0.5,3.8,3.2,6.4,12.7,False,1,1,0,0,31.6,121.5,19.2,0,0.0,11.3,0
1,NH-27 Assam Arterial,Assam,66.3,187.0,43.5,74.1,137.8,True,1,1,0,0,47.1,50.0,7.0,0,0.0,40.5,0
9,NH-54 Aizawl Ridge,Mizoram,0.5,3.7,1.3,2.6,5.2,False,1,1,0,1,16.3,1388.7,26.9,1,95.0,34.3,0
1,NH-27 Assam Arterial,Assam,40.5,102.6,19.0,39.3,76.6,True,4,2,2,2,45.3,201.0,13.6,3,75.0,52.8,1
2,NH-13 Trans-Arunachal,Arunachal Pradesh,3.7,16.2,12.6,20.3,47.2,False,5,2,3,2,54.1,1850.2,36.1,3,75.0,41.3,1
12,NH-27S Haflong Hill,Assam,0.8,4.8,1.9,3.8,7.6,False,2,2,0,0,8.4,946.2,23.6,0,0.0,10.9,0
12,NH-27S Haflong Hill,Assam,33.3,124.1,7.7,14.0,22.5,True,6,3,3,3,38.8,715.6,29.6,0,0.0,42.6,1
5,SH-05 Cherrapunjee Highland,Meghalaya,26.1,68.4,27.4,60.9,145.9,True,7,7,0,1,26.0,981.5,37.9,0,0.0,39.2,0
7,NH-102 Moreh Border,Manipur,0.4,1.6,2.6,5.2,10.4,False,3,0,3,0,11.7,712.9,11.2,0,0.0,5.0,1
5,SH-05 Cherrapunjee Highland,Meghalaya,5.7,34.7,46.2,70.1,168.4,True,11,5,6,6,61.2,1269.7,26.9,2,45.0,42.7,1
10,NH-08 Tripura Central,Tripura,5.8,51.9,78.8,153.2,226.8,True,2,1,1,0,44.6,160.1,8.5,0,0.0,20.8,0
9,NH-54 Aizawl Ridge,Mizoram,1.8,8.6,0.2,0.4,0.7,False,1,1,0,1,81.0,1413.1,30.1,0,0.0,21.9,0
12,NH-27S Haflong Hill,Assam,13.2,117.6,50.7,76.2,166.0,True,5,2,3,0,54.8,1043.0,28.1,0,0.0,41.4,1
9,NH-54 Aizawl Ridge,Mizoram,24.5,68.3,67.5,113.3,178.2,True,5,5,0,2,47.9,1076.5,33.3,0,0.0,37.5,0
10,NH-08 Tripura Central,Tripura,26.6,120.2,0.5,1.1,2.5,True,3,0,3,0,47.8,50.0,6.5,4,95.0,56.3,1
3,NH-229 Sela Pass,Arunachal Pradesh,2.9,11.2,2.7,5.5,11.0,False,11,7,4,3,100.0,3755.1,42.5,0,0.0,39.7,1
2,NH-13 Trans-Arunachal,Arunachal Pradesh,57.8,187.8,6.2,12.7,18.8,True,4,4,0,3,44.3,1673.6,33.1,0,0.0,51.3,1
4,NH-06 Meghalaya Corridor,Meghalaya,0.9,4.8,3.7,7.4,14.8,False,3,2,1,0,31.8,1590.5,26.5,0,0.0,15.0,0
9,NH-54 Aizawl Ridge,Mizoram,1.1,4.1,0.2,0.4,0.7,False,4,4,0,2,31.9,1020.7,33.4,0,0.0,20.3,0
5,SH-05 Cherrapunjee Highland,Meghalaya,2.1,14.9,0.0,0.1,0.1,False,5,5,0,1,100.0,1466.4,27.5,0,0.0,33.5,0
1,NH-27 Assam Arterial,Assam,12.5,47.2,77.5,118.4,209.4,True,1,1,0,0,18.7,341.7,18.9,4,45.0,29.3,1
10,NH-08 Tripura Central,Tripura,1.0,7.6,0.7,1.5,2.9,False,0,0,0,0,47.2,273.8,6.0,0,0.0,9.8,0
11,NH-10 Teesta River Canyon,Sikkim,11.8,31.6,33.9,50.1,101.8,True,8,3,5,0,55.2,2054.7,41.9,1,75.0,47.7,0
8,NH-29 Kohima Mountain,Nagaland,5.8,48.2,3.1,5.7,9.4,False,3,2,1,0,47.9,1544.0,40.0,0,0.0,28.8,0
8,NH-29 Kohima Mountain,Nagaland,0.6,2.6,1.3,2.6,5.3,False,7,2,5,2,88.1,1353.9,34.3,0,0.0,24.6,0
5,SH-05 Cherrapunjee Highland,Meghalaya,13.9,63.9,32.2,66.9,96.6,True,9,1,8,1,77.0,1505.3,26.9,0,0.0,31.7,1
1,NH-27 Assam Arterial,Assam,5.5,33.6,51.4,75.3,130.7,True,1,0,1,2,28.8,50.0,17.9,0,0.0,14.6,0
6,NH-02 Imphal Lifeline,Manipur,12.0,100.8,4.9,10.9,22.2,True,1,1,0,1,59.3,909.5,18.9,1,95.0,58.6,1
7,NH-102 Moreh Border,Manipur,2.8,11.3,0.2,0.5,0.9,False,0,0,0,0,74.5,810.2,21.8,0,0.0,17.8,0
10,NH-08 Tripura Central,Tripura,23.1,67.3,16.1,26.6,61.3,False,4,2,2,1,79.4,50.0,4.0,3,45.0,41.4,0
5,SH-05 Cherrapunjee Highland,Meghalaya,25.2,74.2,23.5,38.7,84.0,False,3,1,2,3,66.1,1230.4,33.2,4,45.0,44.6,0
5,SH-05 Cherrapunjee Highland,Meghalaya,2.0,7.5,4.0,7.9,18.5,False,9,7,2,0,78.4,1221.3,49.3,1,45.0,48.4,0
2,NH-13 Trans-Arunachal,Arunachal Pradesh,2.3,12.8,30.8,47.0,80.8,True,5,3,2,1,18.6,1717.1,23.5,2,75.0,34.8,1
8,NH-29 Kohima Mountain,Nagaland,3.6,13.5,4.0,8.0,16.0,False,3,3,0,0,75.9,1299.4,27.6,0,0.0,25.6,1
2,NH-13 Trans-Arunachal,Arunachal Pradesh,0.2,1.2,1.1,2.2,4.4,False,9,4,5,0,68.8,1644.2,34.9,0,0.0,25.5,1
12,NH-27S Haflong Hill,Assam,9.2,48.5,30.1,43.1,66.4,False,6,2,4,0,70.7,1162.8,29.0,0,0.0,30.1,1
5,SH-05 Cherrapunjee Highland,Meghalaya,0.5,3.2,0.9,1.7,3.4,False,8,3,5,3,88.0,1257.3,37.0,0,0.0,27.2,1
8,NH-29 Kohima Mountain,Nagaland,1.1,3.9,0.0,0.0,0.0,False,3,3,0,3,37.7,1834.3,32.4,0,0.0,18.9,0
1,NH-27 Assam Arterial,Assam,7.4,18.9,53.3,78.4,126.5,True,2,2,0,0,33.0,137.7,2.0,2,75.0,31.9,1
4,NH-06 Meghalaya Corridor,Meghalaya,7.6,51.4,22.2,48.0,98.0,True,6,3,3,0,49.2,1539.3,19.4,4,75.0,46.3,1
5,SH-05 Cherrapunjee Highland,Meghalaya,10.0,40.2,6.7,15.6,23.2,False,7,7,0,2,50.9,1506.5,31.2,1,45.0,47.2,1
6,NH-02 Imphal Lifeline,Manipur,22.4,57.5,14.3,28.8,52.2,False,1,1,0,0,55.6,971.0,25.4,0,0.0,26.9,0
10,NH-08 Tripura Central,Tripura,43.3,151.9,0.9,2.2,3.5,True,5,0,5,1,46.7,50.0,12.7,3,45.0,50.8,1
1,NH-27 Assam Arterial,Assam,17.5,98.1,51.2,85.3,140.4,True,1,1,0,0,88.7,94.2,5.4,1,45.0,47.3,1
1,NH-27 Assam Arterial,Assam,1.1,8.3,36.7,52.9,129.2,True,0,0,0,0,36.0,147.1,3.6,4,45.0,19.0,1
5,SH-05 Cherrapunjee Highland,Meghalaya,4.0,10.7,2.8,5.0,7.6,True,6,6,0,1,44.1,1490.4,33.8,0,0.0,27.5,0
2,NH-13 Trans-Arunachal,Arunachal Pradesh,2.7,15.3,3.4,6.9,13.8,False,3,3,0,0,55.0,1781.4,34.9,0,0.0,24.3,1
12,NH-27S Haflong Hill,Assam,8.0,35.0,16.0,23.6,55.3,False,3,0,3,2,30.2,886.4,30.4,0,0.0,17.6,0
8,NH-29 Kohima Mountain,Nagaland,0.9,3.2,20.9,31.3,52.5,False,8,5,3,1,34.7,1570.6,34.5,3,45.0,34.0,0
7,NH-102 Moreh Border,Manipur,0.2,0.9,2.0,3.0,6.5,False,2,2,0,1,43.6,444.7,14.5,3,45.0,24.9,0
1,NH-27 Assam Arterial,Assam,3.5,9.5,7.1,12.3,17.8,True,1,0,1,2,48.4,124.7,8.4,2,75.0,29.6,1
6,NH-02 Imphal Lifeline,Manipur,0.5,2.0,0.2,0.5,0.9,False,1,1,0,0,61.8,890.9,15.6,1,45.0,26.0,0
11,NH-10 Teesta River Canyon,Sikkim,10.0,35.7,20.5,40.7,71.8,False,8,5,3,3,78.3,1864.4,44.3,4,45.0,49.0,1
4,NH-06 Meghalaya Corridor,Meghalaya,82.7,221.2,11.6,18.6,29.3,True,7,2,5,1,72.9,1392.1,40.6,0,0.0,53.1,1
6,NH-02 Imphal Lifeline,Manipur,3.4,22.2,27.3,49.5,95.1,True,3,3,0,1,17.8,862.2,12.6,0,0.0,15.6,0
7,NH-102 Moreh Border,Manipur,42.7,227.6,7.8,16.3,37.8,True,0,0,0,0,43.7,717.4,18.6,2,45.0,51.5,1
11,NH-10 Teesta River Canyon,Sikkim,8.5,41.1,28.6,40.9,58.9,False,7,4,3,6,94.1,1994.1,46.1,4,45.0,50.8,1
10,NH-08 Tripura Central,Tripura,6.0,17.0,35.0,85.5,152.2,True,3,1,2,1,36.0,50.0,3.9,0,0.0,11.6,0
3,NH-229 Sela Pass,Arunachal Pradesh,1.4,13.7,3.4,8.4,16.8,False,6,3,3,2,38.8,3725.0,46.9,4,45.0,35.2,1
11,NH-10 Teesta River Canyon,Sikkim,16.3,63.8,9.2,18.4,36.9,False,12,2,10,4,94.1,1555.6,44.7,0,0.0,39.8,0
11,NH-10 Teesta River Canyon,Sikkim,0.2,1.0,2.4,4.7,9.4,False,10,2,8,3,65.7,2092.6,51.2,0,0.0,24.0,0
5,SH-05 Cherrapunjee Highland,Meghalaya,2.0,8.6,27.8,42.2,69.1,False,7,1,6,0,62.4,1401.6,27.2,3,95.0,42.3,1
11,NH-10 Teesta River Canyon,Sikkim,10.0,32.5,16.1,34.1,68.8,False,11,4,7,1,79.6,1714.2,49.6,3,95.0,60.1,0
10,NH-08 Tripura Central,Tripura,0.0,0.0,24.0,43.8,94.7,True,0,0,0,1,24.9,50.0,16.9,0,0.0,7.1,0
3,NH-229 Sela Pass,Arunachal Pradesh,0.0,0.0,2.0,4.0,8.0,False,12,9,3,5,92.2,3808.9,40.1,0,0.0,39.8,0
1,NH-27 Assam Arterial,Assam,1.2,7.4,6.3,12.7,25.3,False,2,2,0,0,31.4,50.0,2.0,0,0.0,10.6,0
1,NH-27 Assam Arterial,Assam,10.3,33.7,28.6,55.8,88.1,False,1,1,0,0,68.5,228.2,9.5,3,95.0,44.7,1
7,NH-102 Moreh Border,Manipur,18.3,67.2,0.7,1.3,2.5,False,3,2,1,1,29.4,695.3,16.3,0,0.0,25.1,0
4,NH-06 Meghalaya Corridor,Meghalaya,14.0,41.4,54.0,93.5,224.4,True,6,5,1,0,38.9,1404.0,22.2,0,0.0,28.5,1
7,NH-102 Moreh Border,Manipur,13.0,34.8,12.9,26.5,57.3,False,4,1,3,1,52.8,754.8,18.8,0,0.0,20.6,1
2,NH-13 Trans-Arunachal,Arunachal Pradesh,2.7,20.3,0.9,1.8,3.6,False,2,2,0,3,69.5,1948.1,25.9,0,0.0,23.7,0
3,NH-229 Sela Pass,Arunachal Pradesh,9.4,37.2,11.8,22.3,35.0,False,7,3,4,1,65.6,3833.3,54.9,4,45.0,44.5,0
12,NH-27S Haflong Hill,Assam,1.1,3.7,1.5,2.9,5.8,False,8,3,5,0,72.2,850.1,31.4,4,45.0,35.1,0
8,NH-29 Kohima Mountain,Nagaland,6.3,29.7,6.4,13.8,28.0,False,5,5,0,3,83.8,1469.5,35.2,1,75.0,54.3,0
12,NH-27S Haflong Hill,Assam,14.4,65.9,2.7,4.8,8.8,False,4,3,1,0,45.1,942.6,35.3,3,95.0,56.8,1
1,NH-27 Assam Arterial,Assam,3.9,10.2,13.2,21.3,42.3,False,2,2,0,0,32.2,99.7,4.6,4,45.0,23.0,0
2,NH-13 Trans-Arunachal,Arunachal Pradesh,4.3,14.4,2.4,4.1,8.0,False,2,2,0,1,18.4,1963.4,49.5,0,0.0,19.5,0
5,SH-05 Cherrapunjee Highland,Meghalaya,2.6,8.2,39.3,94.1,137.7,True,7,5,2,1,63.2,1269.8,41.0,1,95.0,53.0,1
11,NH-10 Teesta River Canyon,Sikkim,1.7,12.6,4.3,8.5,17.0,False,8,4,4,0,66.7,1641.5,51.8,3,95.0,54.3,1
6,NH-02 Imphal Lifeline,Manipur,7.2,48.7,0.3,0.6,1.0,True,5,5,0,1,46.3,920.8,27.6,4,75.0,51.0,1
6,NH-02 Imphal Lifeline,Manipur,33.6,95.4,45.8,69.7,113.0,True,3,1,2,0,58.3,1105.4,28.0,0,0.0,35.4,0
5,SH-05 Cherrapunjee Highland,Meghalaya,6.1,18.2,13.9,27.0,43.6,False,7,6,1,2,92.0,1241.0,42.3,3,75.0,56.6,0
10,NH-08 Tripura Central,Tripura,13.2,52.5,0.5,0.7,1.1,False,0,0,0,3,81.1,50.0,2.0,0,0.0,23.1,0
11,NH-10 Teesta River Canyon,Sikkim,0.3,2.4,0.4,0.8,1.5,False,10,9,1,2,77.0,1640.6,43.9,0,0.0,38.8,0
2,NH-13 Trans-Arunachal,Arunachal Pradesh,39.9,111.6,21.8,46.0,109.9,True,7,3,4,0,53.6,1318.9,42.7,3,75.0,63.7,1
10,NH-08 Tripura Central,Tripura,12.5,121.6,63.6,142.8,243.2,True,0,0,0,0,21.5,50.0,13.4,0,0.0,30.2,1
2,NH-13 Trans-Arunachal,Arunachal Pradesh,0.7,6.5,1.9,3.7,7.5,False,5,4,1,2,18.9,2082.3,42.9,0,0.0,20.7,0
6,NH-02 Imphal Lifeline,Manipur,1.2,6.1,0.0,0.1,0.2,False,1,1,0,0,54.6,979.5,24.6,0,0.0,16.3,0
9,NH-54 Aizawl Ridge,Mizoram,0.3,2.1,3.0,6.0,11.9,False,8,8,0,2,61.5,1373.8,41.8,2,75.0,52.8,0
3,NH-229 Sela Pass,Arunachal Pradesh,2.2,13.5,0.6,1.3,2.6,False,6,6,0,2,54.1,3906.6,45.0,0,0.0,31.8,0
11,NH-10 Teesta River Canyon,Sikkim,7.0,24.6,20.6,45.2,71.3,False,12,4,8,3,89.5,1815.9,44.8,3,75.0,54.0,1
5,SH-05 Cherrapunjee Highland,Meghalaya,0.8,3.2,6.2,12.4,24.8,False,3,3,0,4,94.0,1527.7,30.2,4,75.0,45.5,1
8,NH-29 Kohima Mountain,Nagaland,2.9,13.6,5.4,10.8,21.7,False,4,2,2,3,49.5,1346.9,24.5,0,0.0,19.1,0
12,NH-27S Haflong Hill,Assam,11.1,40.1,25.7,40.7,95.2,True,6,4,2,4,77.4,1134.3,30.5,4,95.0,57.5,1
8,NH-29 Kohima Mountain,Nagaland,38.7,96.8,14.7,26.6,57.7,True,2,2,0,1,48.0,1598.7,31.0,1,45.0,48.0,1
9,NH-54 Aizawl Ridge,Mizoram,1.3,5.6,1.0,2.0,4.0,False,6,2,4,1,18.8,1218.2,42.8,0,0.0,16.5,0
5,SH-05 Cherrapunjee Highland,Meghalaya,1.4,13.0,23.2,33.5,82.6,False,5,3,2,1,88.6,1349.9,35.8,4,75.0,47.8,1
11,NH-10 Teesta River Canyon,Sikkim,2.2,15.2,3.5,7.0,14.0,False,10,8,2,1,59.1,1735.4,53.5,0,0.0,37.9,1
6,NH-02 Imphal Lifeline,Manipur,12.1,47.0,5.2,10.5,21.0,False,4,1,3,4,38.8,673.4,27.3,0,0.0,22.7,1
1,NH-27 Assam Arterial,Assam,0.4,2.0,5.9,11.8,23.7,True,1,0,1,0,39.6,50.0,5.6,1,45.0,18.7,0
6,NH-02 Imphal Lifeline,Manipur,13.3,48.7,15.6,25.6,51.0,False,3,1,2,0,27.5,754.6,20.8,1,45.0,31.3,0
1,NH-27 Assam Arterial,Assam,3.8,16.3,0.3,0.5,1.0,False,2,2,0,0,31.2,151.0,14.8,0,0.0,14.9,0
11,NH-10 Teesta River Canyon,Sikkim,48.5,136.5,44.0,72.3,103.9,True,10,2,8,3,76.3,1270.7,43.8,0,0.0,51.5,1
10,NH-08 Tripura Central,Tripura,2.9,21.9,4.3,8.8,20.0,False,1,1,0,0,35.8,229.2,14.4,0,0.0,14.6,0
3,NH-229 Sela Pass,Arunachal Pradesh,3.6,18.9,0.0,0.0,0.1,False,7,5,2,0,52.8,3480.4,30.6,4,45.0,39.1,0
2,NH-13 Trans-Arunachal,Arunachal Pradesh,1.6,5.7,0.4,0.9,1.7,False,8,4,4,1,35.0,2168.0,37.4,0,0.0,21.9,0
11,NH-10 Teesta River Canyon,Sikkim,0.2,0.8,5.1,10.1,20.3,False,9,6,3,2,64.1,1539.4,37.6,1,75.0,48.1,1
1,NH-27 Assam Arterial,Assam,16.4,47.1,2.7,4.7,8.9,False,4,3,1,1,67.8,50.0,11.2,3,45.0,39.1,1
2,NH-13 Trans-Arunachal,Arunachal Pradesh,22.3,71.4,25.3,42.5,97.1,True,5,5,0,3,74.3,1826.4,29.7,0,0.0,41.3,1
3,NH-229 Sela Pass,Arunachal Pradesh,1.0,4.2,2.3,4.6,9.2,False,10,5,5,3,64.1,3753.6,40.3,0,0.0,28.5,0
10,NH-08 Tripura Central,Tripura,0.7,4.2,2.2,4.4,8.8,False,1,0,1,1,37.7,50.0,2.3,0,0.0,7.0,1
2,NH-13 Trans-Arunachal,Arunachal Pradesh,12.4,42.2,7.4,13.6,27.8,False,2,2,0,0,75.0,2009.6,36.7,0,0.0,31.0,1
8,NH-29 Kohima Mountain,Nagaland,2.6,11.7,13.7,32.8,50.3,False,10,2,8,0,60.7,1701.5,29.8,0,0.0,21.4,0
5,SH-05 Cherrapunjee Highland,Meghalaya,0.0,0.2,7.8,11.9,28.1,False,8,8,0,2,37.6,1179.4,39.4,1,75.0,48.3,0
8,NH-29 Kohima Mountain,Nagaland,1.3,7.3,5.3,8.4,16.3,False,2,2,0,0,68.2,1409.7,31.1,0,0.0,21.9,0
2,NH-13 Trans-Arunachal,Arunachal Pradesh,6.0,47.0,45.6,99.0,143.5,True,9,3,6,2,35.0,1952.5,34.3,4,75.0,46.2,1
9,NH-54 Aizawl Ridge,Mizoram,0.7,3.3,0.2,0.4,0.7,False,2,2,0,2,78.1,1256.2,40.7,0,0.0,24.5,0
11,NH-10 Teesta River Canyon,Sikkim,1.7,7.5,3.9,7.8,15.6,False,9,3,6,3,76.7,1797.4,36.9,0,0.0,26.4,0
6,NH-02 Imphal Lifeline,Manipur,11.2,76.7,12.7,19.5,32.7,False,4,3,1,1,38.3,1118.8,30.1,0,0.0,33.1,0
3,NH-229 Sela Pass,Arunachal Pradesh,1.8,10.9,0.2,0.4,0.8,False,8,5,3,4,58.8,4037.5,44.0,0,0.0,29.8,0
7,NH-102 Moreh Border,Manipur,1.9,7.5,1.5,3.0,6.0,False,4,1,3,0,57.5,624.4,18.4,0,0.0,15.8,1
11,NH-10 Teesta River Canyon,Sikkim,32.8,86.1,19.1,42.5,63.5,True,13,4,9,0,56.6,1853.9,54.1,1,45.0,55.0,1
12,NH-27S Haflong Hill,Assam,0.4,2.5,1.3,2.5,5.1,False,4,4,0,0,36.5,847.0,33.6,0,0.0,20.7,0
11,NH-10 Teesta River Canyon,Sikkim,4.5,16.4,7.0,13.7,25.0,False,5,4,1,0,68.4,1785.0,36.4,0,0.0,28.8,0
1,NH-27 Assam Arterial,Assam,8.0,38.0,28.2,52.5,105.9,True,3,1,2,1,30.1,254.3,7.8,1,95.0,39.4,1
4,NH-06 Meghalaya Corridor,Meghalaya,0.2,2.3,0.4,0.7,1.5,False,4,2,2,0,52.7,1435.1,30.3,0,0.0,18.4,0
9,NH-54 Aizawl Ridge,Mizoram,4.6,39.4,15.1,34.4,53.9,False,2,2,0,1,50.4,1276.3,35.3,0,0.0,26.5,1
3,NH-229 Sela Pass,Arunachal Pradesh,36.8,163.2,35.3,61.7,129.4,True,5,3,2,4,53.6,3692.0,55.0,1,45.0,65.3,1
11,NH-10 Teesta River Canyon,Sikkim,9.0,69.4,3.0,4.4,9.8,True,8,8,0,5,65.1,1735.8,40.2,3,75.0,66.4,0
2,NH-13 Trans-Arunachal,Arunachal Pradesh,2.0,9.6,4.9,8.5,17.3,True,4,1,3,0,77.9,1887.0,35.7,0,0.0,22.7,0
2,NH-13 Trans-Arunachal,Arunachal Pradesh,1.6,14.9,0.3,0.8,1.4,False,5,4,1,3,40.3,1609.2,33.5,0,0.0,23.7,1
4,NH-06 Meghalaya Corridor,Meghalaya,25.1,71.4,25.0,48.1,99.7,True,3,3,0,2,57.1,1580.5,18.2,0,0.0,32.5,0
11,NH-10 Teesta River Canyon,Sikkim,8.6,23.0,55.1,90.2,157.5,True,10,5,5,0,54.9,1984.1,39.0,2,45.0,41.9,1
4,NH-06 Meghalaya Corridor,Meghalaya,2.5,8.4,4.4,8.8,17.5,False,7,0,7,1,31.0,1326.2,31.3,0,0.0,12.6,1
3,NH-229 Sela Pass,Arunachal Pradesh,2.0,13.6,3.7,7.4,14.7,False,4,4,0,3,50.7,3992.7,40.0,0,0.0,26.3,1
4,NH-06 Meghalaya Corridor,Meghalaya,1.2,4.7,0.1,0.2,0.3,False,5,5,0,1,82.5,1415.0,25.7,4,95.0,52.2,0
1,NH-27 Assam Arterial,Assam,1.3,5.2,6.7,13.3,26.6,False,2,0,2,2,43.7,54.3,7.2,1,45.0,20.3,0
10,NH-08 Tripura Central,Tripura,0.3,1.5,2.2,4.4,8.8,False,1,1,0,1,27.5,50.0,8.7,0,0.0,8.2,0
12,NH-27S Haflong Hill,Assam,11.1,48.8,6.1,15.2,25.7,True,4,2,2,3,73.2,1134.0,17.8,4,45.0,39.5,1
3,NH-229 Sela Pass,Arunachal Pradesh,0.5,3.7,0.6,1.2,2.3,False,12,8,4,2,88.2,3824.5,39.7,4,75.0,56.7,1
2,NH-13 Trans-Arunachal,Arunachal Pradesh,0.1,0.7,6.7,13.4,26.7,False,5,2,3,0,21.1,1760.8,27.1,0,0.0,12.7,1
4,NH-06 Meghalaya Corridor,Meghalaya,6.4,17.8,3.8,5.6,10.2,False,3,2,1,2,12.2,1504.5,11.4,0,0.0,11.7,0
9,NH-54 Aizawl Ridge,Mizoram,31.8,91.6,19.9,47.2,92.6,True,7,5,2,0,44.8,1196.1,28.1,2,75.0,59.4,1
4,NH-06 Meghalaya Corridor,Meghalaya,73.8,245.1,21.9,40.4,92.7,True,3,3,0,1,62.5,1444.1,9.4,4,45.0,58.5,1
3,NH-229 Sela Pass,Arunachal Pradesh,3.3,11.2,2.4,4.8,9.7,False,5,5,0,4,45.0,3746.2,41.8,0,0.0,27.3,0
7,NH-102 Moreh Border,Manipur,3.2,12.2,78.8,144.0,236.6,True,3,3,0,2,19.7,863.5,14.3,0,0.0,14.3,0
8,NH-29 Kohima Mountain,Nagaland,68.5,277.8,21.8,31.6,52.0,True,3,2,1,2,32.9,1414.0,31.0,0,0.0,45.1,1
3,NH-229 Sela Pass,Arunachal Pradesh,24.5,124.3,12.4,19.7,31.0,True,9,4,5,3,58.6,3587.7,40.9,1,45.0,61.1,1
4,NH-06 Meghalaya Corridor,Meghalaya,0.1,0.5,0.8,1.5,3.1,False,5,2,3,0,29.5,1210.8,31.9,0,0.0,14.9,1
11,NH-10 Teesta River Canyon,Sikkim,1.6,9.7,1.5,3.0,6.1,False,11,6,5,3,32.4,1832.1,48.8,2,45.0,39.8,1
12,NH-27S Haflong Hill,Assam,19.5,71.1,2.4,5.0,10.2,True,6,4,2,2,72.8,926.5,31.6,0,0.0,39.5,1
10,NH-08 Tripura Central,Tripura,49.0,213.6,1.0,2.4,4.5,True,1,0,1,1,40.8,193.1,14.3,0,0.0,39.0,1
10,NH-08 Tripura Central,Tripura,1.6,4.6,27.9,56.9,114.6,True,2,0,2,0,59.4,65.3,2.2,2,45.0,21.5,1
4,NH-06 Meghalaya Corridor,Meghalaya,2.0,12.5,0.4,0.7,1.5,False,2,2,0,1,70.6,1650.1,29.6,2,75.0,41.8,1
10,NH-08 Tripura Central,Tripura,16.1,52.9,9.4,20.8,31.6,True,2,1,1,1,35.1,50.0,15.5,0,0.0,20.9,0
3,NH-229 Sela Pass,Arunachal Pradesh,1.7,7.5,2.2,4.3,8.6,False,6,6,0,1,92.5,3657.3,54.9,0,0.0,37.4,1
11,NH-10 Teesta River Canyon,Sikkim,0.5,2.1,3.3,6.6,13.2,False,6,3,3,0,33.2,1821.1,33.4,0,0.0,18.1,0
4,NH-06 Meghalaya Corridor,Meghalaya,6.0,17.7,49.3,119.6,237.2,True,2,2,0,1,57.6,1350.2,16.8,0,0.0,19.5,1
4,NH-06 Meghalaya Corridor,Meghalaya,13.9,58.6,15.7,29.7,62.9,False,3,0,3,1,67.2,1452.8,25.6,4,45.0,38.2,0
4,NH-06 Meghalaya Corridor,Meghalaya,18.2,94.4,109.7,168.0,288.8,True,2,2,0,0,70.7,1257.6,14.5,2,45.0,47.6,0
10,NH-08 Tripura Central,Tripura,0.3,1.9,0.5,1.1,2.2,False,1,1,0,0,31.8,293.4,15.2,0,0.0,10.2,0
1,NH-27 Assam Arterial,Assam,54.3,137.9,11.5,21.4,36.7,True,1,1,0,0,50.7,112.6,6.4,1,45.0,49.7,0
7,NH-102 Moreh Border,Manipur,14.4,81.4,3.7,7.1,13.9,True,5,0,5,2,48.6,613.2,9.4,0,0.0,25.4,0
8,NH-29 Kohima Mountain,Nagaland,0.5,4.4,15.7,29.7,43.2,True,6,2,4,1,65.7,1457.3,32.4,0,0.0,21.2,0
7,NH-102 Moreh Border,Manipur,0.1,0.5,0.2,0.3,0.6,False,4,1,3,0,32.9,650.7,20.2,0,0.0,11.1,0
2,NH-13 Trans-Arunachal,Arunachal Pradesh,6.8,54.7,3.7,6.0,12.5,False,3,3,0,1,65.6,1844.4,28.7,4,75.0,51.3,0
12,NH-27S Haflong Hill,Assam,4.0,17.0,33.2,59.9,95.3,True,5,5,0,2,34.1,928.1,27.8,0,0.0,24.1,0
3,NH-229 Sela Pass,Arunachal Pradesh,0.4,1.9,7.5,15.0,29.9,False,8,6,2,2,83.9,3741.3,45.3,0,0.0,34.0,0
8,NH-29 Kohima Mountain,Nagaland,2.0,7.2,1.5,3.0,6.0,True,4,1,3,1,40.6,1568.7,25.0,0,0.0,14.5,0
12,NH-27S Haflong Hill,Assam,6.1,47.5,62.3,89.1,177.9,True,3,3,0,1,10.3,1024.2,24.2,4,75.0,40.6,1
12,NH-27S Haflong Hill,Assam,4.7,21.6,4.9,9.7,19.5,False,5,2,3,3,85.8,762.2,38.3,0,0.0,28.9,0
2,NH-13 Trans-Arunachal,Arunachal Pradesh,0.7,6.1,7.6,15.3,30.5,False,6,2,4,3,71.2,1734.7,35.1,0,0.0,22.9,0
11,NH-10 Teesta River Canyon,Sikkim,7.7,51.3,54.5,86.1,126.8,True,8,3,5,3,31.0,1741.1,46.6,4,75.0,49.0,1
10,NH-08 Tripura Central,Tripura,3.2,14.6,17.1,27.2,48.8,False,2,2,0,1,48.4,50.0,5.1,0,0.0,15.2,0
9,NH-54 Aizawl Ridge,Mizoram,2.9,24.0,2.1,4.1,8.3,False,7,2,5,1,29.7,1485.3,27.5,0,0.0,18.8,1
2,NH-13 Trans-Arunachal,Arunachal Pradesh,0.4,2.3,0.2,0.4,0.7,False,4,3,1,1,97.1,1827.3,34.7,0,0.0,28.0,0
12,NH-27S Haflong Hill,Assam,6.4,20.0,17.0,28.3,52.1,False,4,2,2,2,20.7,831.2,40.4,3,45.0,30.4,0
9,NH-54 Aizawl Ridge,Mizoram,0.8,3.4,0.3,0.6,1.2,False,4,4,0,1,41.1,1171.7,24.0,3,75.0,38.4,1
9,NH-54 Aizawl Ridge,Mizoram,16.3,57.5,18.0,33.8,71.7,True,7,4,3,0,34.6,1180.4,32.4,0,0.0,31.2,0
9,NH-54 Aizawl Ridge,Mizoram,1.5,7.2,4.7,9.3,18.6,False,4,1,3,0,56.9,1376.6,37.0,0,0.0,19.4,0
12,NH-27S Haflong Hill,Assam,0.4,3.8,3.1,6.3,12.5,False,4,4,0,6,46.6,999.7,35.5,4,45.0,34.1,1
7,NH-102 Moreh Border,Manipur,0.2,1.2,0.4,0.8,1.6,False,2,1,1,4,31.6,572.5,21.0,0,0.0,11.2,1
5,SH-05 Cherrapunjee Highland,Meghalaya,6.7,19.6,15.3,31.7,49.6,True,10,5,5,1,48.1,1288.8,30.5,2,75.0,46.0,1
11,NH-10 Teesta River Canyon,Sikkim,1.8,16.4,1.8,3.9,8.7,False,7,4,3,0,79.7,1736.5,51.2,0,0.0,33.2,0
8,NH-29 Kohima Mountain,Nagaland,11.0,54.5,15.4,25.3,49.0,False,7,7,0,1,64.3,1589.5,29.9,0,0.0,40.5,1
2,NH-13 Trans-Arunachal,Arunachal Pradesh,5.4,13.9,18.6,39.9,65.7,False,6,5,1,1,53.6,1749.4,37.6,0,0.0,28.3,0
6,NH-02 Imphal Lifeline,Manipur,38.5,100.7,34.8,54.0,106.7,True,4,2,2,2,59.3,1279.7,16.2,3,45.0,47.5,1
11,NH-10 Teesta River Canyon,Sikkim,1.6,13.6,2.8,5.7,11.4,False,6,4,2,1,84.8,1623.6,43.5,0,0.0,32.1,1
3,NH-229 Sela Pass,Arunachal Pradesh,1.9,7.1,0.9,1.8,3.7,False,8,6,2,0,75.4,3743.1,42.0,0,0.0,33.1,1
6,NH-02 Imphal Lifeline,Manipur,0.5,2.2,0.9,1.8,3.6,False,2,2,0,2,49.7,945.3,15.5,3,75.0,33.7,1
3,NH-229 Sela Pass,Arunachal Pradesh,1.1,5.4,5.3,10.6,21.1,False,12,2,10,0,59.5,3771.0,48.4,0,0.0,23.7,1
3,NH-229 Sela Pass,Arunachal Pradesh,0.5,1.7,0.0,0.1,0.1,False,6,4,2,2,73.9,3746.1,44.9,0,0.0,28.4,1
4,NH-06 Meghalaya Corridor,Meghalaya,1.7,5.8,1.7,3.7,7.8,False,3,2,1,0,60.9,1499.1,24.3,0,0.0,19.2,0
6,NH-02 Imphal Lifeline,Manipur,7.5,32.3,14.0,27.4,45.1,False,2,2,0,1,65.4,994.6,26.5,3,45.0,36.8,0
3,NH-229 Sela Pass,Arunachal Pradesh,120.0,412.9,4.4,9.0,19.6,True,9,9,0,4,57.0,3602.3,44.5,2,45.0,76.7,1
2,NH-13 Trans-Arunachal,Arunachal Pradesh,2.8,13.2,0.0,0.0,0.1,False,5,5,0,1,87.2,1843.9,51.6,0,0.0,35.7,1
8,NH-29 Kohima Mountain,Nagaland,6.6,28.5,0.8,1.7,3.4,False,5,5,0,2,30.9,1497.9,33.4,0,0.0,27.0,0
9,NH-54 Aizawl Ridge,Mizoram,9.2,29.4,36.6,60.4,132.9,True,3,2,1,2,87.5,1113.3,32.6,0,0.0,29.5,1
5,SH-05 Cherrapunjee Highland,Meghalaya,1.7,7.9,2.7,5.5,11.0,False,6,5,1,8,43.9,1334.4,45.0,0,0.0,27.2,0
10,NH-08 Tripura Central,Tripura,2.0,18.0,2.2,4.5,9.0,False,1,1,0,0,24.3,50.0,2.0,0,0.0,9.6,1
8,NH-29 Kohima Mountain,Nagaland,0.2,0.9,0.9,1.8,3.6,False,3,2,1,4,70.8,1698.8,36.2,0,0.0,22.0,0
7,NH-102 Moreh Border,Manipur,0.4,2.6,5.1,10.2,20.4,False,1,1,0,0,41.7,675.8,18.7,0,0.0,12.5,0
10,NH-08 Tripura Central,Tripura,3.8,18.5,2.0,4.0,8.1,False,1,1,0,0,91.3,50.0,10.6,0,0.0,21.5,0
5,SH-05 Cherrapunjee Highland,Meghalaya,12.7,74.6,9.0,12.9,22.6,True,6,4,2,1,42.8,1399.6,33.8,0,0.0,36.1,0
2,NH-13 Trans-Arunachal,Arunachal Pradesh,1.4,11.8,0.7,1.3,2.6,False,2,2,0,1,46.9,1698.8,34.9,0,0.0,20.4,0
9,NH-54 Aizawl Ridge,Mizoram,0.3,1.1,3.7,7.3,14.7,False,5,1,4,2,62.0,1282.1,32.1,0,0.0,17.9,1
7,NH-102 Moreh Border,Manipur,13.5,34.1,12.0,17.2,39.6,False,0,0,0,0,74.2,417.8,18.1,3,45.0,32.8,1
8,NH-29 Kohima Mountain,Nagaland,0.6,3.9,4.3,8.6,17.2,False,4,3,1,1,19.3,1572.2,31.5,0,0.0,16.0,0
7,NH-102 Moreh Border,Manipur,0.9,3.8,9.2,18.4,36.8,False,2,2,0,1,26.8,542.4,7.6,0,0.0,10.3,0
7,NH-102 Moreh Border,Manipur,0.1,0.4,0.2,0.3,0.7,False,2,2,0,1,84.1,522.8,16.2,0,0.0,19.9,0
3,NH-229 Sela Pass,Arunachal Pradesh,7.8,22.4,28.7,43.8,84.6,False,6,5,1,3,53.9,3742.8,37.3,0,0.0,30.0,0
2,NH-13 Trans-Arunachal,Arunachal Pradesh,3.8,18.8,2.8,5.6,11.1,False,1,1,0,0,89.4,1832.1,29.8,0,0.0,25.1,1
11,NH-10 Teesta River Canyon,Sikkim,0.5,2.7,1.5,2.9,5.9,False,10,5,5,0,72.2,1468.4,37.9,0,0.0,28.9,0
3,NH-229 Sela Pass,Arunachal Pradesh,12.0,49.8,6.2,14.5,21.1,False,5,5,0,1,81.0,4175.9,39.0,4,95.0,63.7,1
5,SH-05 Cherrapunjee Highland,Meghalaya,0.6,3.7,2.5,5.1,10.1,False,13,6,7,2,60.7,1370.8,36.8,0,0.0,29.2,0
1,NH-27 Assam Arterial,Assam,2.0,19.8,2.5,5.0,10.0,False,1,1,0,1,8.9,50.0,8.2,0,0.0,8.9,0
11,NH-10 Teesta River Canyon,Sikkim,5.0,26.0,52.0,78.6,115.5,True,10,5,5,3,62.7,1634.8,40.2,0,0.0,32.7,0
7,NH-102 Moreh Border,Manipur,14.6,41.4,73.7,108.5,193.3,True,4,2,2,2,22.3,568.6,26.3,0,0.0,20.9,0
1,NH-27 Assam Arterial,Assam,46.8,117.8,35.8,58.0,107.3,True,3,1,2,1,32.1,262.7,2.0,1,75.0,49.5,0
6,NH-02 Imphal Lifeline,Manipur,3.2,29.5,11.4,17.8,27.7,False,4,0,4,1,75.4,891.7,28.7,0,0.0,22.9,0
8,NH-29 Kohima Mountain,Nagaland,0.4,3.8,0.7,1.5,2.9,False,2,2,0,3,80.1,1627.7,36.4,0,0.0,24.1,0
1,NH-27 Assam Arterial,Assam,0.3,2.4,1.4,2.8,5.5,False,3,0,3,0,22.7,118.1,6.1,3,45.0,16.4,0
12,NH-27S Haflong Hill,Assam,3.3,15.3,11.1,23.7,50.6,True,8,3,5,2,58.1,664.9,29.5,4,45.0,34.9,0
6,NH-02 Imphal Lifeline,Manipur,6.7,32.0,25.3,36.8,67.9,False,4,2,2,0,32.3,831.4,26.2,0,0.0,20.5,1
4,NH-06 Meghalaya Corridor,Meghalaya,1.8,11.8,1.3,2.6,5.2,False,1,1,0,1,23.0,1634.3,16.6,2,95.0,34.9,0
6,NH-02 Imphal Lifeline,Manipur,0.5,2.0,0.4,0.9,1.7,False,5,3,2,0,44.9,1331.0,19.2,0,0.0,17.0,0
12,NH-27S Haflong Hill,Assam,4.8,39.6,4.7,8.7,16.4,False,3,1,2,0,51.6,727.2,32.4,2,75.0,42.9,1
9,NH-54 Aizawl Ridge,Mizoram,26.2,83.4,21.8,41.3,60.8,True,6,2,4,3,62.9,1357.8,18.5,0,0.0,33.8,1
3,NH-229 Sela Pass,Arunachal Pradesh,3.3,13.7,23.6,36.8,71.4,True,10,5,5,2,55.8,3550.1,51.4,2,75.0,49.9,0
9,NH-54 Aizawl Ridge,Mizoram,2.1,15.4,1.0,2.0,4.0,False,8,1,7,2,35.9,1575.0,41.2,0,0.0,18.7,0
9,NH-54 Aizawl Ridge,Mizoram,0.0,0.3,4.2,8.5,17.0,False,5,4,1,1,45.7,1432.6,20.9,0,0.0,19.1,0
2,NH-13 Trans-Arunachal,Arunachal Pradesh,1.0,5.2,3.5,7.1,14.1,False,3,3,0,1,69.8,1839.2,37.4,0,0.0,25.0,0
6,NH-02 Imphal Lifeline,Manipur,0.1,0.3,29.0,55.5,91.8,True,2,2,0,0,61.4,720.5,11.5,3,45.0,26.8,1
5,SH-05 Cherrapunjee Highland,Meghalaya,15.0,45.5,24.8,44.6,100.3,True,7,2,5,1,71.4,1373.2,36.2,0,0.0,31.1,1
12,NH-27S Haflong Hill,Assam,7.8,33.9,18.0,41.1,76.7,False,4,4,0,1,17.6,588.4,32.3,2,75.0,42.6,0
7,NH-102 Moreh Border,Manipur,1.4,9.7,0.5,1.0,2.1,False,4,1,3,0,42.2,531.5,17.8,4,45.0,25.1,0
1,NH-27 Assam Arterial,Assam,9.0,54.6,13.4,31.2,60.5,True,3,1,2,0,23.6,279.8,15.9,0,0.0,19.6,0
8,NH-29 Kohima Mountain,Nagaland,2.3,13.0,58.2,102.9,163.9,True,4,4,0,1,16.6,1563.0,32.2,1,45.0,30.8,1
1,NH-27 Assam Arterial,Assam,0.8,4.7,3.3,6.6,13.3,False,2,0,2,0,46.8,73.5,4.9,0,0.0,8.9,1
4,NH-06 Meghalaya Corridor,Meghalaya,45.0,345.5,29.3,48.8,111.9,True,3,1,2,3,68.1,1351.8,23.2,1,45.0,58.1,1
12,NH-27S Haflong Hill,Assam,2.3,14.5,0.1,0.3,0.6,False,4,4,0,1,83.0,813.7,16.7,0,0.0,26.7,1
9,NH-54 Aizawl Ridge,Mizoram,3.0,14.4,1.6,3.2,6.4,False,2,2,0,1,10.5,1208.9,37.7,0,0.0,16.0,1
10,NH-08 Tripura Central,Tripura,8.4,32.2,5.9,11.7,23.4,False,0,0,0,0,44.2,50.0,2.0,0,0.0,13.5,0
3,NH-229 Sela Pass,Arunachal Pradesh,5.4,18.7,0.4,0.9,1.8,False,10,2,8,4,26.6,4186.5,26.6,0,0.0,17.1,1
4,NH-06 Meghalaya Corridor,Meghalaya,1.1,5.4,0.1,0.2,0.3,False,5,3,2,0,83.3,1303.4,16.8,0,0.0,22.9,0
3,NH-229 Sela Pass,Arunachal Pradesh,2.0,17.5,11.0,19.9,30.4,False,9,6,3,1,40.8,3714.1,39.6,3,95.0,53.3,0
7,NH-102 Moreh Border,Manipur,2.9,12.7,6.4,15.4,24.3,False,1,1,0,0,19.8,646.9,24.7,3,75.0,31.2,1
2,NH-13 Trans-Arunachal,Arunachal Pradesh,3.2,16.4,17.9,30.6,68.7,False,4,3,1,1,70.9,2019.8,34.8,3,95.0,50.6,1
1,NH-27 Assam Arterial,Assam,3.6,10.7,1.6,2.7,4.0,False,1,1,0,0,15.5,50.0,14.1,4,45.0,20.5,0
5,SH-05 Cherrapunjee Highland,Meghalaya,2.6,18.2,2.5,5.1,10.1,False,7,2,5,1,50.9,1123.5,43.1,4,45.0,35.1,1
7,NH-102 Moreh Border,Manipur,27.5,110.4,8.9,17.7,29.6,True,2,0,2,2,5.0,936.2,17.6,4,95.0,50.1,0
6,NH-02 Imphal Lifeline,Manipur,2.4,8.8,56.8,85.5,141.1,True,4,2,2,0,49.0,1024.6,33.6,0,0.0,19.8,0
2,NH-13 Trans-Arunachal,Arunachal Pradesh,0.2,0.7,14.8,23.6,50.7,False,5,1,4,2,66.3,1984.6,31.2,0,0.0,18.3,1
7,NH-102 Moreh Border,Manipur,1.1,4.5,22.3,54.8,94.5,True,2,2,0,0,5.0,658.0,24.5,0,0.0,10.5,1
3,NH-229 Sela Pass,Arunachal Pradesh,10.3,27.6,26.6,66.4,123.9,True,6,6,0,4,37.4,3838.9,37.5,0,0.0,30.6,1
10,NH-08 Tripura Central,Tripura,0.4,3.0,1.4,2.7,5.4,False,2,1,1,1,28.5,231.2,6.4,0,0.0,8.2,0
8,NH-29 Kohima Mountain,Nagaland,8.3,23.3,0.2,0.4,0.7,False,6,6,0,0,33.5,1405.9,33.5,3,75.0,47.1,0
11,NH-10 Teesta River Canyon,Sikkim,5.5,38.3,1.2,2.4,4.7,False,8,8,0,2,41.8,1436.5,36.3,0,0.0,37.2,0
8,NH-29 Kohima Mountain,Nagaland,3.4,16.7,19.2,30.9,47.0,True,6,5,1,1,48.6,1520.6,32.7,1,45.0,38.4,1
8,NH-29 Kohima Mountain,Nagaland,4.6,11.7,63.5,130.0,208.2,True,4,3,1,4,28.0,1727.7,31.7,0,0.0,18.9,1
12,NH-27S Haflong Hill,Assam,5.6,25.3,23.9,40.0,98.8,True,0,0,0,1,53.3,1134.7,31.5,1,95.0,43.1,0
7,NH-102 Moreh Border,Manipur,0.8,5.7,2.5,4.9,9.9,False,1,0,1,0,34.9,415.3,13.6,0,0.0,9.1,0
2,NH-13 Trans-Arunachal,Arunachal Pradesh,0.8,4.8,5.5,11.1,22.1,False,6,1,5,1,36.5,1790.4,30.5,0,0.0,14.5,0
5,SH-05 Cherrapunjee Highland,Meghalaya,1.7,8.0,2.0,4.0,8.0,False,4,2,2,0,20.0,1533.6,32.6,3,75.0,33.9,0
9,NH-54 Aizawl Ridge,Mizoram,22.1,57.5,55.4,80.8,126.7,True,5,4,1,2,61.6,1297.7,33.4,0,0.0,35.4,1
7,NH-102 Moreh Border,Manipur,0.2,1.0,3.8,7.6,15.1,False,4,2,2,0,67.3,728.7,16.0,0,0.0,17.5,0
8,NH-29 Kohima Mountain,Nagaland,6.3,24.1,1.8,3.7,9.3,True,7,2,5,1,32.6,1642.8,19.9,3,45.0,28.9,0
3,NH-229 Sela Pass,Arunachal Pradesh,1.7,14.8,20.1,40.0,62.7,True,8,5,3,1,24.6,3802.8,44.5,0,0.0,25.6,0
2,NH-13 Trans-Arunachal,Arunachal Pradesh,44.0,200.1,3.3,7.3,16.2,True,4,4,0,1,41.9,1770.5,23.6,4,45.0,60.2,1
3,NH-229 Sela Pass,Arunachal Pradesh,3.6,11.6,13.2,21.5,33.9,False,8,8,0,4,31.0,3813.5,42.5,4,75.0,50.2,1
6,NH-02 Imphal Lifeline,Manipur,1.1,4.7,1.5,3.0,6.0,False,5,1,4,1,84.2,773.4,14.8,1,75.0,37.3,1
6,NH-02 Imphal Lifeline,Manipur,8.2,27.4,17.4,40.5,82.9,False,3,3,0,1,63.2,978.2,19.2,3,75.0,43.6,1
7,NH-102 Moreh Border,Manipur,0.7,2.1,2.6,4.0,7.7,False,1,1,0,2,9.1,554.0,8.7,2,75.0,24.3,1
11,NH-10 Teesta River Canyon,Sikkim,22.5,111.1,19.2,39.6,70.2,True,5,5,0,2,46.9,1910.1,28.7,1,45.0,56.2,0
2,NH-13 Trans-Arunachal,Arunachal Pradesh,24.8,124.0,16.9,26.5,56.2,True,7,4,3,1,57.5,1731.2,36.0,3,45.0,59.9,1
11,NH-10 Teesta River Canyon,Sikkim,4.5,15.1,2.2,4.4,8.9,False,9,5,4,0,63.6,1726.1,52.1,0,0.0,32.6,1
12,NH-27S Haflong Hill,Assam,17.9,104.8,20.4,39.1,59.5,True,4,3,1,2,50.3,926.0,28.9,3,45.0,51.5,1
7,NH-102 Moreh Border,Manipur,7.8,31.0,23.8,47.7,92.2,True,3,1,2,0,42.0,601.6,8.0,4,45.0,27.4,1
11,NH-10 Teesta River Canyon,Sikkim,9.9,30.4,34.9,82.7,119.2,True,7,7,0,3,10.7,1329.9,36.6,3,75.0,47.8,1
5,SH-05 Cherrapunjee Highland,Meghalaya,34.9,120.4,28.6,48.3,83.4,True,3,2,1,3,42.8,1288.7,30.8,4,75.0,59.4,1
2,NH-13 Trans-Arunachal,Arunachal Pradesh,2.6,13.5,1.2,2.4,4.8,False,4,1,3,3,76.0,2090.8,38.8,0,0.0,23.9,1
10,NH-08 Tripura Central,Tripura,68.9,174.8,13.2,30.3,66.1,True,2,1,1,1,32.3,50.0,7.5,1,45.0,49.6,0
10,NH-08 Tripura Central,Tripura,12.4,51.0,0.1,0.2,0.3,False,1,0,1,1,20.2,230.0,7.5,4,95.0,38.5,1
6,NH-02 Imphal Lifeline,Manipur,1.6,11.1,2.6,5.2,10.3,False,5,2,3,2,83.9,1194.6,23.4,0,0.0,23.5,0
7,NH-102 Moreh Border,Manipur,0.4,3.9,2.3,4.5,9.1,False,3,3,0,0,47.1,838.8,16.1,0,0.0,17.0,0
9,NH-54 Aizawl Ridge,Mizoram,2.7,13.3,15.9,27.4,67.2,False,7,0,7,2,34.2,1123.1,31.3,1,95.0,37.8,0
9,NH-54 Aizawl Ridge,Mizoram,2.5,19.0,1.2,2.4,4.9,False,4,1,3,1,59.3,1420.0,25.0,4,45.0,30.9,1
11,NH-10 Teesta River Canyon,Sikkim,9.5,39.8,70.0,107.7,170.8,True,4,4,0,2,67.6,1754.3,49.6,4,75.0,54.8,0
12,NH-27S Haflong Hill,Assam,3.4,13.2,1.3,2.7,5.4,False,2,2,0,1,39.4,811.1,37.4,0,0.0,20.0,1
3,NH-229 Sela Pass,Arunachal Pradesh,0.3,2.5,5.0,10.0,20.0,False,9,6,3,3,64.7,3922.1,35.5,0,0.0,29.3,0
2,NH-13 Trans-Arunachal,Arunachal Pradesh,0.6,2.8,3.2,6.5,13.0,False,3,2,1,3,60.8,1656.1,31.5,0,0.0,20.0,0
3,NH-229 Sela Pass,Arunachal Pradesh,0.1,1.4,5.8,9.9,22.4,False,6,6,0,3,57.7,3953.7,33.4,1,95.0,51.4,1
1,NH-27 Assam Arterial,Assam,9.4,62.3,32.9,49.4,79.3,False,0,0,0,0,61.8,50.0,18.9,4,75.0,44.2,1
1,NH-27 Assam Arterial,Assam,5.2,37.8,0.1,0.2,0.5,False,2,1,1,1,28.2,110.6,8.9,3,45.0,26.8,0
3,NH-229 Sela Pass,Arunachal Pradesh,2.0,8.6,3.1,6.1,12.2,False,7,2,5,0,50.0,3837.3,38.1,0,0.0,20.8,0
1,NH-27 Assam Arterial,Assam,1.2,8.6,0.0,0.1,0.2,False,1,0,1,0,72.0,65.0,14.4,0,0.0,15.4,0
7,NH-102 Moreh Border,Manipur,4.5,22.2,1.6,3.2,6.4,False,2,1,1,3,5.0,767.4,12.4,0,0.0,9.7,0
12,NH-27S Haflong Hill,Assam,2.2,9.9,8.8,17.7,35.3,False,8,2,6,2,78.7,1014.8,26.4,0,0.0,23.1,0
2,NH-13 Trans-Arunachal,Arunachal Pradesh,42.3,225.2,1.9,3.3,6.3,True,7,5,2,0,30.8,1994.1,22.1,0,0.0,49.0,0
9,NH-54 Aizawl Ridge,Mizoram,23.1,60.6,17.6,30.7,68.6,False,7,2,5,1,33.1,1429.9,36.7,1,75.0,47.2,0
6,NH-02 Imphal Lifeline,Manipur,1.4,5.2,2.6,4.9,10.4,False,2,2,0,1,60.7,1166.3,33.1,2,45.0,32.0,0
4,NH-06 Meghalaya Corridor,Meghalaya,9.7,90.3,14.0,29.5,69.5,True,4,1,3,0,60.6,1361.6,31.6,3,45.0,46.7,1
5,SH-05 Cherrapunjee Highland,Meghalaya,0.3,1.4,3.7,7.4,14.8,False,5,3,2,0,90.1,1016.1,34.9,0,0.0,26.8,0
2,NH-13 Trans-Arunachal,Arunachal Pradesh,2.7,13.0,29.3,58.8,99.2,True,4,4,0,2,59.8,1715.6,41.3,2,45.0,39.1,0
3,NH-229 Sela Pass,Arunachal Pradesh,14.6,50.0,21.0,35.7,59.9,False,3,3,0,3,73.4,3753.7,49.2,0,0.0,36.8,1
10,NH-08 Tripura Central,Tripura,1.8,10.2,10.5,18.3,36.6,False,1,1,0,0,49.2,50.0,17.6,0,0.0,15.0,1
11,NH-10 Teesta River Canyon,Sikkim,5.9,44.0,43.8,67.7,107.8,True,6,3,3,1,76.2,1757.0,41.0,3,75.0,53.2,1
12,NH-27S Haflong Hill,Assam,16.2,108.1,5.3,8.2,18.7,True,3,0,3,0,57.5,938.6,19.5,0,0.0,34.1,1
4,NH-06 Meghalaya Corridor,Meghalaya,0.6,2.1,1.7,3.5,7.0,False,5,2,3,2,57.6,1636.1,19.8,0,0.0,17.0,0
5,SH-05 Cherrapunjee Highland,Meghalaya,19.6,66.2,33.6,48.8,79.7,False,4,4,0,3,70.0,1099.1,38.6,0,0.0,39.5,1
3,NH-229 Sela Pass,Arunachal Pradesh,0.6,3.8,1.6,3.3,6.5,False,4,4,0,2,88.7,3822.3,46.1,0,0.0,31.3,0
7,NH-102 Moreh Border,Manipur,0.5,2.8,0.1,0.1,0.3,False,2,2,0,0,51.6,568.3,11.7,4,75.0,33.4,1
7,NH-102 Moreh Border,Manipur,0.7,4.7,0.9,1.8,3.6,False,2,2,0,0,49.7,853.9,12.8,0,0.0,15.0,0
2,NH-13 Trans-Arunachal,Arunachal Pradesh,0.1,0.4,0.2,0.4,0.8,False,3,3,0,1,25.7,1973.5,41.3,0,0.0,18.2,0
10,NH-08 Tripura Central,Tripura,1.3,5.4,2.1,4.1,8.2,False,2,1,1,0,80.6,50.0,9.5,0,0.0,17.1,0
1,NH-27 Assam Arterial,Assam,7.5,27.4,0.8,1.6,3.3,False,1,0,1,1,54.6,50.0,11.1,0,0.0,15.9,0
1,NH-27 Assam Arterial,Assam,35.7,110.0,2.5,4.6,8.4,True,2,0,2,0,58.6,177.8,6.4,0,0.0,32.1,0
2,NH-13 Trans-Arunachal,Arunachal Pradesh,11.5,38.9,35.3,51.8,91.4,True,11,4,7,4,41.8,2146.9,29.0,2,95.0,51.6,0
11,NH-10 Teesta River Canyon,Sikkim,19.6,65.0,11.9,21.0,40.9,False,10,7,3,2,13.9,1839.6,40.4,2,75.0,55.9,1
11,NH-10 Teesta River Canyon,Sikkim,8.6,34.2,6.2,9.9,14.8,False,9,8,1,3,51.9,1885.0,54.7,1,75.0,59.4,1
3,NH-229 Sela Pass,Arunachal Pradesh,1.0,3.3,10.7,18.3,45.5,False,5,5,0,2,50.5,3703.4,44.0,0,0.0,27.0,0
1,NH-27 Assam Arterial,Assam,3.9,13.0,0.2,0.3,0.6,False,1,0,1,0,41.3,87.3,11.7,0,0.0,11.1,0
2,NH-13 Trans-Arunachal,Arunachal Pradesh,0.8,4.0,0.7,1.4,2.8,False,0,0,0,2,52.2,2063.3,31.7,0,0.0,15.0,1
7,NH-102 Moreh Border,Manipur,0.4,1.4,0.5,1.0,2.0,False,0,0,0,0,36.7,625.8,18.0,3,75.0,28.1,1
10,NH-08 Tripura Central,Tripura,3.8,24.9,18.3,37.1,58.5,False,0,0,0,2,28.6,50.0,8.0,4,95.0,34.6,0
8,NH-29 Kohima Mountain,Nagaland,1.5,4.6,11.7,21.1,32.7,False,2,2,0,3,72.7,1268.8,38.4,3,75.0,42.3,1
8,NH-29 Kohima Mountain,Nagaland,13.4,105.9,3.0,4.4,7.5,True,8,1,7,0,53.0,1331.3,38.6,2,45.0,50.1,1
5,SH-05 Cherrapunjee Highland,Meghalaya,2.9,17.3,3.0,6.0,12.0,False,6,5,1,3,57.5,1518.7,41.0,2,75.0,49.0,1
5,SH-05 Cherrapunjee Highland,Meghalaya,14.1,70.3,3.6,6.5,13.6,False,7,3,4,0,60.8,1332.0,46.5,4,75.0,57.2,1
8,NH-29 Kohima Mountain,Nagaland,5.1,18.3,2.2,5.2,10.1,False,4,4,0,2,26.6,1606.5,29.6,0,0.0,21.6,0
12,NH-27S Haflong Hill,Assam,39.8,113.4,46.9,90.8,184.4,True,2,2,0,2,54.1,973.2,16.9,3,75.0,56.9,1
9,NH-54 Aizawl Ridge,Mizoram,9.1,84.1,28.1,54.9,98.7,True,5,2,3,1,28.1,1177.9,35.9,2,45.0,43.5,1
6,NH-02 Imphal Lifeline,Manipur,1.0,9.1,1.0,2.0,4.1,False,9,2,7,0,58.7,931.2,17.8,0,0.0,18.2,0
12,NH-27S Haflong Hill,Assam,0.4,1.5,1.8,3.5,7.0,True,4,3,1,0,72.9,1006.3,35.6,0,0.0,24.3,0
7,NH-102 Moreh Border,Manipur,1.0,3.6,9.6,19.1,38.3,False,2,2,0,2,68.2,634.2,14.2,0,0.0,17.8,1
3,NH-229 Sela Pass,Arunachal Pradesh,11.9,43.4,34.1,58.4,104.6,True,7,6,1,2,62.8,3929.3,49.9,3,45.0,51.3,0
3,NH-229 Sela Pass,Arunachal Pradesh,4.8,23.9,36.9,69.1,166.7,True,7,6,1,4,47.5,3822.3,45.2,0,0.0,33.0,1
5,SH-05 Cherrapunjee Highland,Meghalaya,22.0,69.7,9.7,23.6,42.5,True,8,5,3,0,34.3,963.4,39.3,3,95.0,60.7,1
7,NH-102 Moreh Border,Manipur,4.7,26.4,14.7,27.9,47.5,False,2,0,2,0,39.1,499.5,20.2,0,0.0,15.2,0
5,SH-05 Cherrapunjee Highland,Meghalaya,40.0,118.9,4.8,9.6,14.1,True,11,4,7,2,42.1,1303.9,36.7,2,75.0,64.2,1
8,NH-29 Kohima Mountain,Nagaland,0.6,2.6,3.1,6.3,12.6,False,5,1,4,1,64.0,1429.3,33.3,0,0.0,18.8,0
8,NH-29 Kohima Mountain,Nagaland,4.8,21.1,15.8,32.7,81.1,True,4,2,2,3,72.2,1264.3,27.2,1,45.0,35.7,1
3,NH-229 Sela Pass,Arunachal Pradesh,0.4,2.4,0.1,0.3,0.5,False,6,2,4,3,72.3,3707.4,40.1,0,0.0,23.3,0
1,NH-27 Assam Arterial,Assam,0.5,2.9,4.2,7.0,15.2,False,4,0,4,0,10.9,50.0,2.0,0,0.0,5.0,0
2,NH-13 Trans-Arunachal,Arunachal Pradesh,0.2,1.8,1.8,3.6,7.1,False,4,4,0,1,42.5,1815.3,34.4,1,95.0,45.4,1
5,SH-05 Cherrapunjee Highland,Meghalaya,14.2,94.0,20.6,45.2,82.8,True,5,4,1,0,39.6,1595.7,36.4,3,75.0,58.8,1
11,NH-10 Teesta River Canyon,Sikkim,5.3,28.4,21.9,45.3,107.7,True,2,2,0,2,54.0,1869.7,45.1,1,95.0,50.6,1
10,NH-08 Tripura Central,Tripura,28.2,109.1,2.0,3.2,7.2,True,1,0,1,0,41.6,50.0,22.4,0,0.0,32.5,1
8,NH-29 Kohima Mountain,Nagaland,0.7,4.2,0.6,1.3,2.5,False,4,2,2,2,59.4,1355.8,29.8,1,45.0,31.0,0
10,NH-08 Tripura Central,Tripura,1.5,8.4,4.2,8.3,16.7,False,3,2,1,0,32.9,268.4,10.8,0,0.0,12.8,1
8,NH-29 Kohima Mountain,Nagaland,3.7,13.8,2.6,5.1,10.3,False,5,3,2,1,58.4,1754.3,31.1,0,0.0,23.7,0
10,NH-08 Tripura Central,Tripura,1.1,4.3,0.8,1.7,3.4,False,0,0,0,0,40.9,121.0,10.1,4,75.0,27.8,1
12,NH-27S Haflong Hill,Assam,3.4,13.2,0.9,1.8,3.5,False,2,2,0,1,47.7,890.3,26.0,0,0.0,19.0,1
1,NH-27 Assam Arterial,Assam,1.3,9.8,2.9,5.9,11.7,False,0,0,0,1,83.8,221.6,5.9,0,0.0,15.7,0
9,NH-54 Aizawl Ridge,Mizoram,2.3,9.0,8.5,17.0,34.0,False,5,4,1,1,52.9,1366.8,29.8,0,0.0,23.7,1
7,NH-102 Moreh Border,Manipur,10.0,25.2,47.9,68.4,128.7,True,1,1,0,2,27.1,502.0,10.4,0,0.0,13.2,1
7,NH-102 Moreh Border,Manipur,0.7,3.9,2.1,3.5,6.3,False,1,1,0,0,61.5,440.0,10.2,0,0.0,14.1,1
8,NH-29 Kohima Mountain,Nagaland,1.2,4.9,0.4,0.8,1.6,False,3,3,0,3,68.7,1565.3,39.1,0,0.0,25.1,0
10,NH-08 Tripura Central,Tripura,1.3,7.9,26.0,49.7,75.8,False,1,1,0,1,64.8,50.0,8.2,0,0.0,14.9,0
8,NH-29 Kohima Mountain,Nagaland,6.8,19.9,41.6,66.4,157.5,True,5,4,1,1,55.6,1530.3,23.2,3,75.0,43.7,1
7,NH-102 Moreh Border,Manipur,5.4,19.5,5.0,10.9,20.6,False,2,0,2,0,77.3,700.5,8.5,2,95.0,40.9,1
7,NH-102 Moreh Border,Manipur,13.9,41.4,28.5,61.5,90.9,True,3,3,0,0,22.7,494.9,17.1,4,75.0,39.8,1
11,NH-10 Teesta River Canyon,Sikkim,2.7,14.0,4.2,8.4,16.9,False,8,5,3,3,84.1,1648.3,37.2,0,0.0,32.9,0
9,NH-54 Aizawl Ridge,Mizoram,51.7,141.8,7.4,11.9,22.1,True,8,5,3,0,80.0,1408.0,24.8,1,75.0,74.1,0
8,NH-29 Kohima Mountain,Nagaland,12.5,51.3,46.9,76.4,187.8,True,3,2,1,1,83.4,1274.5,31.0,0,0.0,33.0,1
5,SH-05 Cherrapunjee Highland,Meghalaya,0.7,3.2,4.4,8.7,17.4,False,5,2,3,3,57.9,1389.2,45.7,0,0.0,22.5,1
2,NH-13 Trans-Arunachal,Arunachal Pradesh,0.7,6.0,1.0,2.0,3.9,False,4,3,1,3,22.9,1914.9,31.9,0,0.0,17.0,0
8,NH-29 Kohima Mountain,Nagaland,0.4,2.0,1.2,2.3,4.7,False,4,3,1,0,70.2,1570.6,29.3,0,0.0,22.8,1
2,NH-13 Trans-Arunachal,Arunachal Pradesh,2.6,9.1,2.1,4.2,8.3,True,8,2,6,1,48.5,1533.9,34.8,0,0.0,20.1,0
3,NH-229 Sela Pass,Arunachal Pradesh,8.5,46.5,0.5,1.0,2.0,False,4,4,0,2,52.7,3532.6,31.5,0,0.0,31.5,0
6,NH-02 Imphal Lifeline,Manipur,17.6,71.7,2.5,4.0,9.2,False,2,2,0,1,34.8,1052.6,22.7,0,0.0,28.1,0
5,SH-05 Cherrapunjee Highland,Meghalaya,64.9,163.9,6.8,10.5,17.4,True,2,2,0,3,61.5,1236.4,30.9,0,0.0,49.4,0
4,NH-06 Meghalaya Corridor,Meghalaya,14.2,35.7,1.6,3.3,6.0,False,6,3,3,0,43.6,1344.7,22.1,0,0.0,24.1,0
2,NH-13 Trans-Arunachal,Arunachal Pradesh,0.5,2.1,3.8,8.7,15.6,True,4,4,0,1,92.4,1742.4,21.7,1,45.0,37.9,1
8,NH-29 Kohima Mountain,Nagaland,10.9,84.8,65.8,104.2,239.5,True,4,4,0,0,48.6,1516.2,33.6,4,45.0,50.2,1
10,NH-08 Tripura Central,Tripura,7.9,39.3,8.8,17.8,39.5,False,0,0,0,1,39.9,50.0,2.0,0,0.0,14.3,0
5,SH-05 Cherrapunjee Highland,Meghalaya,23.2,65.6,6.3,10.4,21.9,True,5,4,1,0,74.4,1316.8,37.9,1,45.0,51.1,0
4,NH-06 Meghalaya Corridor,Meghalaya,2.6,10.6,2.0,4.0,8.0,False,2,1,1,2,41.0,1199.4,27.7,0,0.0,15.8,0
7,NH-102 Moreh Border,Manipur,3.2,17.7,0.1,0.1,0.3,False,2,2,0,1,56.9,679.4,28.2,0,0.0,21.7,1
8,NH-29 Kohima Mountain,Nagaland,28.8,73.4,9.1,13.0,31.1,False,4,4,0,2,24.7,1305.2,27.1,2,45.0,43.1,0
8,NH-29 Kohima Mountain,Nagaland,1.4,7.5,6.3,12.6,25.2,False,4,4,0,1,83.9,1409.0,28.4,0,0.0,27.8,0
4,NH-06 Meghalaya Corridor,Meghalaya,28.7,169.7,0.1,0.2,0.4,True,2,1,1,0,25.7,1634.6,16.9,0,0.0,39.2,1
6,NH-02 Imphal Lifeline,Manipur,8.0,20.3,69.7,100.4,175.4,True,5,2,3,0,53.2,925.8,26.0,0,0.0,21.2,0
7,NH-102 Moreh Border,Manipur,0.2,1.3,1.4,2.9,5.8,False,2,1,1,1,35.4,653.0,20.1,0,0.0,11.6,0
5,SH-05 Cherrapunjee Highland,Meghalaya,13.2,98.8,69.3,143.9,236.6,True,6,6,0,1,61.2,1228.2,26.6,4,95.0,70.0,1
1,NH-27 Assam Arterial,Assam,1.4,6.0,13.2,20.5,35.3,False,4,3,1,0,23.3,262.2,9.7,1,45.0,23.9,1
11,NH-10 Teesta River Canyon,Sikkim,12.2,33.6,1.4,2.4,5.8,False,4,4,0,4,49.9,2038.5,41.0,3,45.0,41.7,1
7,NH-102 Moreh Border,Manipur,26.9,184.8,7.5,14.3,22.7,True,1,1,0,1,34.3,675.6,24.8,2,45.0,53.3,1
8,NH-29 Kohima Mountain,Nagaland,7.2,49.0,2.4,3.9,7.0,False,3,2,1,2,44.6,1499.0,34.9,0,0.0,27.5,1
10,NH-08 Tripura Central,Tripura,0.4,2.2,0.9,1.7,3.4,False,3,0,3,0,47.5,50.0,2.0,0,0.0,8.0,0
12,NH-27S Haflong Hill,Assam,0.1,0.7,1.0,2.0,4.0,False,4,4,0,1,56.7,828.3,30.1,0,0.0,22.7,0
12,NH-27S Haflong Hill,Assam,28.4,83.0,28.8,63.7,112.6,True,4,1,3,0,63.1,1011.7,22.9,2,75.0,51.4,1
5,SH-05 Cherrapunjee Highland,Meghalaya,1.9,6.3,4.5,9.0,18.0,False,7,5,2,3,96.7,1620.0,33.1,0,0.0,32.4,1
3,NH-229 Sela Pass,Arunachal Pradesh,0.8,2.9,3.0,6.1,12.1,False,9,4,5,2,63.5,3774.7,50.2,0,0.0,28.1,0
5,SH-05 Cherrapunjee Highland,Meghalaya,6.6,17.8,3.3,7.4,17.5,False,10,5,5,0,78.3,1374.9,40.0,0,0.0,33.3,0
5,SH-05 Cherrapunjee Highland,Meghalaya,1.3,4.6,43.9,85.8,131.7,True,10,4,6,1,65.9,1239.3,38.3,1,75.0,45.2,0
6,NH-02 Imphal Lifeline,Manipur,4.5,20.3,59.5,103.7,225.1,True,1,1,0,0,82.5,634.7,27.1,0,0.0,23.9,1
4,NH-06 Meghalaya Corridor,Meghalaya,8.7,59.7,15.3,28.7,45.0,False,2,1,1,1,24.4,1290.2,25.3,0,0.0,22.6,0
9,NH-54 Aizawl Ridge,Mizoram,3.8,10.8,39.4,61.2,97.6,True,4,2,2,0,68.2,1221.9,23.9,1,75.0,39.9,0
8,NH-29 Kohima Mountain,Nagaland,1.3,5.3,1.1,2.2,4.5,False,3,2,1,1,62.5,1427.9,29.3,0,0.0,20.3,0
10,NH-08 Tripura Central,Tripura,1.1,6.6,1.8,3.5,7.0,False,2,0,2,0,46.8,50.0,6.9,1,45.0,21.0,0
3,NH-229 Sela Pass,Arunachal Pradesh,8.6,47.7,0.6,1.2,2.4,False,10,3,7,1,54.2,3700.2,38.6,0,0.0,31.4,1
5,SH-05 Cherrapunjee Highland,Meghalaya,0.6,2.4,2.4,4.8,9.5,False,11,7,4,1,79.9,929.0,29.6,0,0.0,32.4,0
3,NH-229 Sela Pass,Arunachal Pradesh,3.1,10.9,1.3,2.5,5.0,False,10,6,4,2,46.7,3759.3,46.2,2,45.0,41.7,0
7,NH-102 Moreh Border,Manipur,0.3,1.5,2.6,5.3,10.6,True,0,0,0,0,55.1,781.0,7.8,0,0.0,10.1,0
5,SH-05 Cherrapunjee Highland,Meghalaya,15.0,62.1,39.1,83.2,160.7,True,8,3,5,1,62.7,1230.4,45.1,3,45.0,48.1,1
7,NH-102 Moreh Border,Manipur,55.5,159.3,105.5,180.4,272.1,True,1,1,0,1,57.7,284.5,19.4,0,0.0,44.5,1
9,NH-54 Aizawl Ridge,Mizoram,33.9,101.1,0.3,0.6,0.9,True,6,3,3,1,71.6,1306.0,16.8,4,45.0,51.6,1
7,NH-102 Moreh Border,Manipur,1.3,5.8,8.4,16.8,33.6,False,4,2,2,0,48.9,509.5,10.3,0,0.0,14.6,0
1,NH-27 Assam Arterial,Assam,9.2,32.7,20.6,32.9,51.5,False,2,1,1,0,20.5,50.0,19.1,0,0.0,15.4,0
2,NH-13 Trans-Arunachal,Arunachal Pradesh,0.1,0.5,15.3,29.0,53.2,False,3,3,0,0,47.8,1882.8,39.2,0,0.0,21.1,1
1,NH-27 Assam Arterial,Assam,21.4,77.7,1.2,2.4,3.6,True,0,0,0,1,48.4,401.8,11.1,0,0.0,25.0,1
10,NH-08 Tripura Central,Tripura,6.3,23.6,21.5,43.6,62.8,False,1,1,0,0,58.7,102.6,4.8,0,0.0,16.5,0
9,NH-54 Aizawl Ridge,Mizoram,0.6,5.0,0.6,1.2,2.4,False,0,0,0,0,53.7,1281.0,32.9,0,0.0,15.6,0
5,SH-05 Cherrapunjee Highland,Meghalaya,0.1,0.9,3.0,6.0,12.1,False,6,5,1,1,37.3,1286.2,31.4,0,0.0,22.0,0
9,NH-54 Aizawl Ridge,Mizoram,1.4,6.9,0.6,1.2,2.3,False,3,3,0,2,44.3,1325.2,42.7,0,0.0,22.6,0
9,NH-54 Aizawl Ridge,Mizoram,1.4,6.2,2.0,4.0,7.9,False,5,2,3,1,42.0,1187.5,30.7,0,0.0,17.7,0
11,NH-10 Teesta River Canyon,Sikkim,22.9,63.2,27.0,47.3,104.1,True,5,5,0,1,84.3,1589.6,34.6,3,45.0,53.5,1
9,NH-54 Aizawl Ridge,Mizoram,10.4,32.3,61.1,108.6,212.0,True,4,2,2,4,79.1,1045.6,30.3,0,0.0,28.4,0
3,NH-229 Sela Pass,Arunachal Pradesh,34.7,96.5,20.0,36.2,54.8,True,7,3,4,0,68.7,3840.4,47.0,2,45.0,56.2,1
9,NH-54 Aizawl Ridge,Mizoram,5.6,14.6,10.4,21.6,31.6,False,2,2,0,4,47.8,1579.8,32.1,0,0.0,20.5,1
9,NH-54 Aizawl Ridge,Mizoram,7.7,29.8,0.3,0.7,1.3,False,7,1,6,1,76.9,1396.5,23.0,0,0.0,24.1,0
9,NH-54 Aizawl Ridge,Mizoram,9.1,34.3,25.3,48.8,105.2,True,1,1,0,2,34.7,1556.4,27.9,3,75.0,38.4,1
9,NH-54 Aizawl Ridge,Mizoram,6.8,28.5,23.3,52.5,105.1,True,6,1,5,1,39.9,1307.3,29.4,1,95.0,43.3,1
10,NH-08 Tripura Central,Tripura,5.3,17.7,1.3,2.7,5.4,False,0,0,0,1,17.7,50.0,8.2,0,0.0,7.8,0
10,NH-08 Tripura Central,Tripura,1.2,5.3,9.9,15.8,28.1,False,0,0,0,0,45.8,61.2,12.2,0,0.0,10.4,0
10,NH-08 Tripura Central,Tripura,6.9,46.9,13.4,24.6,47.4,False,0,0,0,1,46.4,50.0,14.9,0,0.0,19.3,0
10,NH-08 Tripura Central,Tripura,1.1,3.7,0.1,0.2,0.4,False,0,0,0,1,51.2,50.0,13.4,0,0.0,11.1,0
6,NH-02 Imphal Lifeline,Manipur,1.0,5.8,0.3,0.7,1.6,True,5,0,5,1,70.5,863.3,27.1,0,0.0,17.2,0
3,NH-229 Sela Pass,Arunachal Pradesh,1.2,7.7,0.8,1.6,3.1,False,5,5,0,2,65.1,4053.9,36.4,1,45.0,39.8,0
3,NH-229 Sela Pass,Arunachal Pradesh,3.5,16.7,12.7,22.4,44.1,False,9,2,7,3,77.8,3653.0,37.7,4,75.0,45.3,1
9,NH-54 Aizawl Ridge,Mizoram,1.5,8.7,1.2,2.5,4.9,False,4,4,0,0,40.3,1278.3,31.5,0,0.0,22.1,0
8,NH-29 Kohima Mountain,Nagaland,1.7,7.3,2.9,5.8,11.7,False,6,4,2,1,61.9,1388.0,31.0,0,0.0,25.0,0
3,NH-229 Sela Pass,Arunachal Pradesh,4.8,16.6,0.7,1.5,2.8,True,11,6,5,2,13.4,3890.4,44.3,0,0.0,26.2,1
12,NH-27S Haflong Hill,Assam,0.9,3.7,80.7,144.3,208.0,True,5,1,4,2,64.2,979.8,24.5,2,45.0,28.5,1
1,NH-27 Assam Arterial,Assam,1.3,6.2,5.2,10.4,20.7,False,0,0,0,0,49.7,159.8,3.2,0,0.0,9.4,0
10,NH-08 Tripura Central,Tripura,1.1,7.0,1.2,2.4,4.8,False,1,1,0,2,15.4,73.8,7.4,0,0.0,7.2,0
9,NH-54 Aizawl Ridge,Mizoram,5.0,16.5,17.9,26.9,59.8,False,4,1,3,1,71.9,1347.2,38.6,0,0.0,23.8,1
8,NH-29 Kohima Mountain,Nagaland,1.0,8.9,20.6,41.0,102.3,True,7,2,5,0,30.2,1589.5,34.2,4,95.0,40.9,1
5,SH-05 Cherrapunjee Highland,Meghalaya,2.3,10.4,1.0,1.9,3.9,False,5,5,0,5,66.2,1590.7,45.2,0,0.0,31.0,0
2,NH-13 Trans-Arunachal,Arunachal Pradesh,7.3,39.5,41.3,72.0,124.3,True,10,5,5,2,29.3,1984.6,32.8,1,45.0,40.1,1
10,NH-08 Tripura Central,Tripura,3.5,13.3,3.1,6.7,10.4,False,1,1,0,1,59.9,50.0,2.1,4,75.0,32.8,1
12,NH-27S Haflong Hill,Assam,7.0,25.1,0.3,0.6,1.2,False,3,3,0,2,77.5,886.1,28.0,4,45.0,39.5,0
11,NH-10 Teesta River Canyon,Sikkim,3.0,8.4,5.9,11.4,23.2,False,8,4,4,0,37.2,1464.8,54.6,4,75.0,44.0,1
7,NH-102 Moreh Border,Manipur,19.5,76.1,16.7,27.4,46.4,True,2,1,1,0,48.3,822.8,14.1,0,0.0,27.3,0
5,SH-05 Cherrapunjee Highland,Meghalaya,1.2,6.9,1.4,2.7,5.5,False,11,5,6,1,27.4,1187.7,35.6,0,0.0,22.6,0
12,NH-27S Haflong Hill,Assam,34.8,160.7,14.5,35.1,66.4,True,4,3,1,1,74.0,873.4,17.7,0,0.0,50.6,0
2,NH-13 Trans-Arunachal,Arunachal Pradesh,24.9,139.8,27.9,55.4,115.3,True,5,3,2,4,74.4,1758.0,42.3,0,0.0,53.6,1
1,NH-27 Assam Arterial,Assam,1.6,10.2,2.2,4.4,8.7,False,3,1,2,0,44.4,110.2,15.5,0,0.0,13.8,0
1,NH-27 Assam Arterial,Assam,23.7,59.4,2.8,6.4,10.3,False,4,0,4,0,45.3,260.6,2.0,1,45.0,30.3,1
4,NH-06 Meghalaya Corridor,Meghalaya,5.2,45.7,54.9,86.4,134.5,True,0,0,0,2,70.5,1317.8,21.7,0,0.0,24.1,0
8,NH-29 Kohima Mountain,Nagaland,1.4,5.9,23.6,39.2,71.5,False,8,1,7,3,66.5,1723.5,31.6,1,75.0,38.2,0
1,NH-27 Assam Arterial,Assam,23.2,64.0,24.8,40.4,71.1,True,1,0,1,0,52.3,114.4,2.0,3,45.0,32.3,1
2,NH-13 Trans-Arunachal,Arunachal Pradesh,20.4,78.7,6.5,9.4,16.2,True,2,2,0,4,34.1,1867.5,37.9,2,75.0,51.2,1
2,NH-13 Trans-Arunachal,Arunachal Pradesh,18.7,74.6,0.2,0.4,0.7,False,6,4,2,1,33.0,1922.4,32.0,0,0.0,34.3,1
6,NH-02 Imphal Lifeline,Manipur,1.6,15.2,7.5,15.4,27.7,False,4,2,2,0,42.6,1122.5,26.6,1,75.0,37.5,1
7,NH-102 Moreh Border,Manipur,1.7,9.1,1.8,3.5,7.1,False,1,1,0,0,22.6,616.2,13.6,0,0.0,10.0,0
1,NH-27 Assam Arterial,Assam,1.2,6.9,4.1,8.3,19.7,False,0,0,0,0,35.9,50.0,6.0,0,0.0,8.0,0
9,NH-54 Aizawl Ridge,Mizoram,5.8,14.6,27.8,47.4,117.3,True,3,3,0,0,44.2,1280.8,29.8,1,45.0,32.7,1
9,NH-54 Aizawl Ridge,Mizoram,12.0,35.5,10.2,18.2,27.1,False,4,4,0,0,73.9,1135.3,28.2,2,45.0,43.1,0
1,NH-27 Assam Arterial,Assam,4.1,23.7,3.7,8.2,16.9,False,3,1,2,0,63.1,152.6,2.0,0,0.0,16.6,1
9,NH-54 Aizawl Ridge,Mizoram,4.4,17.8,0.5,1.0,1.9,False,8,4,4,5,65.3,1153.3,29.7,0,0.0,27.3,0
11,NH-10 Teesta River Canyon,Sikkim,0.7,3.7,11.2,18.1,28.1,False,5,1,4,2,58.9,1835.4,41.2,2,75.0,38.6,0
9,NH-54 Aizawl Ridge,Mizoram,2.2,14.8,14.6,29.3,58.6,False,4,3,1,1,76.2,1213.8,39.6,0,0.0,28.3,1
8,NH-29 Kohima Mountain,Nagaland,0.1,0.8,0.8,1.5,3.0,False,4,2,2,1,84.0,1425.4,44.8,0,0.0,25.7,1
1,NH-27 Assam Arterial,Assam,2.5,14.0,2.9,5.8,11.6,False,1,1,0,1,30.9,229.6,9.8,0,0.0,11.4,0
7,NH-102 Moreh Border,Manipur,0.8,2.8,1.4,2.9,5.7,False,4,2,2,1,30.9,661.8,17.7,0,0.0,12.7,0
5,SH-05 Cherrapunjee Highland,Meghalaya,7.8,39.5,7.0,15.7,26.6,False,10,5,5,1,45.8,1289.4,33.5,3,75.0,50.2,1
12,NH-27S Haflong Hill,Assam,27.9,206.0,3.3,5.1,10.0,True,4,4,0,0,66.0,937.0,36.9,3,45.0,66.5,1
4,NH-06 Meghalaya Corridor,Meghalaya,2.5,8.8,6.3,12.5,25.1,False,3,1,2,0,5.5,1614.1,21.5,0,0.0,8.9,0
6,NH-02 Imphal Lifeline,Manipur,0.2,1.5,0.5,1.0,2.1,False,3,1,2,0,71.1,907.9,15.8,0,0.0,16.1,0
11,NH-10 Teesta River Canyon,Sikkim,0.2,0.6,4.2,8.5,16.9,False,5,5,0,3,63.2,1599.8,37.7,0,0.0,27.1,0
1,NH-27 Assam Arterial,Assam,0.4,2.8,4.6,9.1,18.3,False,0,0,0,0,44.3,90.5,2.0,0,0.0,7.6,0
1,NH-27 Assam Arterial,Assam,3.2,24.4,2.1,4.3,8.5,False,4,3,1,0,32.5,82.4,2.0,0,0.0,16.2,0
12,NH-27S Haflong Hill,Assam,14.2,53.0,11.1,17.3,40.4,False,3,1,2,2,57.5,924.6,21.0,1,95.0,49.2,0
11,NH-10 Teesta River Canyon,Sikkim,12.8,40.5,62.6,93.1,147.3,True,10,4,6,0,47.2,1841.8,38.7,4,75.0,49.7,1
6,NH-02 Imphal Lifeline,Manipur,15.4,46.8,1.3,2.6,4.7,False,4,4,0,1,44.4,961.9,24.1,0,0.0,28.8,0
2,NH-13 Trans-Arunachal,Arunachal Pradesh,2.6,9.0,11.3,18.7,43.5,False,7,4,3,0,47.5,1938.0,39.1,2,75.0,43.5,0
5,SH-05 Cherrapunjee Highland,Meghalaya,0.4,2.2,0.3,0.6,1.1,False,7,5,2,3,57.2,1127.3,33.9,3,95.0,49.6,0
4,NH-06 Meghalaya Corridor,Meghalaya,7.0,29.5,24.3,52.2,115.2,True,5,3,2,1,53.3,1482.5,13.9,3,45.0,33.9,1
8,NH-29 Kohima Mountain,Nagaland,1.4,5.0,3.1,6.2,12.4,False,2,2,0,1,90.4,1345.8,27.1,2,45.0,35.2,0
11,NH-10 Teesta River Canyon,Sikkim,1.4,4.6,12.1,22.6,39.9,False,13,6,7,0,42.7,1599.5,41.7,4,45.0,38.9,1
4,NH-06 Meghalaya Corridor,Meghalaya,0.4,1.8,3.7,7.3,14.7,False,7,2,5,0,41.0,1305.7,19.7,0,0.0,14.5,0
2,NH-13 Trans-Arunachal,Arunachal Pradesh,42.6,141.8,50.8,83.7,147.8,True,8,2,6,0,28.9,1933.1,37.1,0,0.0,44.1,1
10,NH-08 Tripura Central,Tripura,1.1,6.9,0.6,1.2,2.3,False,2,0,2,0,54.7,165.8,12.6,0,0.0,12.1,0
11,NH-10 Teesta River Canyon,Sikkim,1.8,13.5,23.1,40.2,62.1,False,7,5,2,2,50.1,1770.3,37.5,0,0.0,27.7,0
11,NH-10 Teesta River Canyon,Sikkim,111.2,369.0,8.3,14.3,33.8,True,11,5,6,3,88.2,1598.0,41.7,4,95.0,85.3,1
11,NH-10 Teesta River Canyon,Sikkim,5.8,38.3,19.7,46.8,74.7,False,7,7,0,3,69.5,1699.9,40.8,4,45.0,51.5,1
11,NH-10 Teesta River Canyon,Sikkim,5.8,20.3,16.1,30.1,62.3,False,6,0,6,0,58.9,1994.8,42.0,1,45.0,32.5,0
4,NH-06 Meghalaya Corridor,Meghalaya,4.3,20.4,17.5,27.7,61.5,False,4,2,2,0,60.6,1854.0,25.2,3,95.0,46.0,1
4,NH-06 Meghalaya Corridor,Meghalaya,7.7,22.0,9.9,14.7,30.9,False,4,1,3,1,19.1,1370.1,26.6,0,0.0,14.6,0
4,NH-06 Meghalaya Corridor,Meghalaya,0.2,0.9,4.1,8.2,16.5,False,3,3,0,2,79.3,1192.3,20.0,2,95.0,45.8,1
6,NH-02 Imphal Lifeline,Manipur,31.2,80.0,58.7,93.8,172.2,True,4,4,0,1,39.5,976.2,18.1,0,0.0,33.5,1
8,NH-29 Kohima Mountain,Nagaland,19.5,55.7,16.4,37.5,71.1,True,8,2,6,1,100.0,1493.1,41.9,0,0.0,38.5,0
5,SH-05 Cherrapunjee Highland,Meghalaya,10.1,50.9,43.7,71.7,134.4,True,7,2,5,3,60.7,1244.1,27.2,3,45.0,40.0,0
6,NH-02 Imphal Lifeline,Manipur,3.7,19.1,3.6,7.9,15.1,False,3,3,0,0,35.4,855.0,17.0,4,45.0,29.8,0
11,NH-10 Teesta River Canyon,Sikkim,5.1,47.1,8.6,14.8,31.3,True,12,6,6,2,95.4,1866.7,46.4,0,0.0,45.0,0
7,NH-102 Moreh Border,Manipur,12.7,32.1,1.1,2.4,4.0,False,2,2,0,0,38.9,944.4,24.7,2,95.0,45.0,1
8,NH-29 Kohima Mountain,Nagaland,4.6,15.4,1.5,2.6,6.5,False,4,4,0,0,64.7,1534.7,40.1,1,95.0,52.6,0
9,NH-54 Aizawl Ridge,Mizoram,0.6,4.7,21.5,52.2,120.7,True,8,1,7,1,41.3,1055.3,21.6,0,0.0,13.5,1
10,NH-08 Tripura Central,Tripura,0.4,2.1,0.5,0.9,1.9,False,2,1,1,0,29.2,177.9,11.1,0,0.0,9.0,0
1,NH-27 Assam Arterial,Assam,12.2,78.6,0.8,1.6,2.7,False,0,0,0,1,68.1,50.0,8.1,1,45.0,38.8,1
11,NH-10 Teesta River Canyon,Sikkim,2.9,10.6,0.4,0.9,1.8,False,8,3,5,2,78.8,1792.9,39.5,0,0.0,27.8,1
2,NH-13 Trans-Arunachal,Arunachal Pradesh,2.3,14.2,19.5,32.5,71.3,False,9,5,4,1,59.3,2021.8,31.3,0,0.0,28.0,0
10,NH-08 Tripura Central,Tripura,24.7,135.2,11.7,24.2,55.7,True,1,0,1,1,17.7,55.2,18.2,3,75.0,52.1,1
12,NH-27S Haflong Hill,Assam,0.8,6.2,0.7,1.4,2.7,False,1,0,1,0,72.5,867.9,21.0,1,45.0,27.6,1
5,SH-05 Cherrapunjee Highland,Meghalaya,2.1,7.8,10.2,16.4,27.2,False,10,8,2,3,73.3,1243.8,42.7,0,0.0,37.1,0
10,NH-08 Tripura Central,Tripura,5.0,19.4,0.6,1.2,2.4,False,1,1,0,0,53.6,106.4,17.0,3,75.0,36.1,0
5,SH-05 Cherrapunjee Highland,Meghalaya,1.1,3.4,10.9,15.6,31.4,True,13,2,11,2,76.7,1214.7,40.9,2,75.0,43.1,1
9,NH-54 Aizawl Ridge,Mizoram,1.4,12.2,0.2,0.4,0.8,False,1,1,0,1,31.9,1326.3,33.3,3,75.0,34.6,1
4,NH-06 Meghalaya Corridor,Meghalaya,3.9,14.1,3.0,6.1,12.2,False,2,2,0,0,43.6,1539.1,20.1,2,45.0,28.6,0
12,NH-27S Haflong Hill,Assam,2.2,9.1,1.1,2.2,4.5,False,6,1,5,0,20.3,601.2,22.5,0,0.0,11.4,0
10,NH-08 Tripura Central,Tripura,2.6,18.7,8.9,17.8,35.7,False,5,2,3,0,19.3,142.6,18.0,0,0.0,14.2,1
8,NH-29 Kohima Mountain,Nagaland,2.3,18.7,4.6,9.3,18.5,False,1,1,0,1,28.2,1619.0,39.8,0,0.0,17.9,0
11,NH-10 Teesta River Canyon,Sikkim,48.4,134.4,40.1,61.4,146.6,True,13,5,8,2,48.1,1789.6,43.1,2,95.0,76.4,1
12,NH-27S Haflong Hill,Assam,0.7,2.9,0.7,1.3,2.6,False,7,4,3,0,92.1,777.5,36.6,0,0.0,29.7,0
7,NH-102 Moreh Border,Manipur,3.0,11.5,78.6,144.4,235.0,True,2,1,1,2,62.4,358.8,6.3,0,0.0,14.9,1
2,NH-13 Trans-Arunachal,Arunachal Pradesh,6.3,52.9,37.5,54.1,118.6,True,4,4,0,3,73.1,1750.4,29.5,2,95.0,59.2,1
4,NH-06 Meghalaya Corridor,Meghalaya,0.9,5.7,7.6,15.3,30.5,False,6,4,2,3,38.6,1464.9,29.3,0,0.0,20.8,0
4,NH-06 Meghalaya Corridor,Meghalaya,20.0,54.9,3.2,7.9,12.8,True,4,0,4,1,49.6,1492.3,21.7,0,0.0,22.8,0
6,NH-02 Imphal Lifeline,Manipur,0.0,0.4,2.4,4.8,9.7,False,4,2,2,1,35.9,841.9,28.0,2,45.0,26.3,0
2,NH-13 Trans-Arunachal,Arunachal Pradesh,9.1,36.8,27.0,58.6,94.9,True,2,2,0,1,60.9,1813.0,41.2,0,0.0,28.7,1
2,NH-13 Trans-Arunachal,Arunachal Pradesh,18.4,54.7,32.9,68.5,104.6,True,9,4,5,0,33.5,1644.8,23.5,4,45.0,39.9,1
6,NH-02 Imphal Lifeline,Manipur,0.3,1.4,5.9,11.7,23.5,False,2,2,0,2,59.0,852.7,20.9,0,0.0,17.3,0
7,NH-102 Moreh Border,Manipur,0.1,0.4,1.0,2.0,4.1,False,0,0,0,1,37.8,840.5,21.6,2,45.0,21.3,0
4,NH-06 Meghalaya Corridor,Meghalaya,13.9,61.6,13.7,20.8,50.2,False,2,2,0,2,57.6,1355.8,6.1,4,45.0,37.4,0
4,NH-06 Meghalaya Corridor,Meghalaya,0.2,0.8,0.9,1.9,3.8,False,6,3,3,2,24.8,1520.3,21.6,0,0.0,14.2,0
5,SH-05 Cherrapunjee Highland,Meghalaya,1.7,6.3,8.5,17.1,34.1,False,2,1,1,1,66.8,1241.4,43.5,3,45.0,33.2,0
9,NH-54 Aizawl Ridge,Mizoram,0.7,4.2,1.4,2.9,5.8,False,9,1,8,0,55.1,1212.5,23.3,1,75.0,34.5,0
11,NH-10 Teesta River Canyon,Sikkim,0.4,3.7,2.2,4.5,8.9,False,8,4,4,2,46.6,1695.3,41.6,0,0.0,24.1,0
9,NH-54 Aizawl Ridge,Mizoram,5.8,18.1,33.4,54.0,78.7,False,6,4,2,3,46.2,1266.8,19.7,3,45.0,33.7,0
8,NH-29 Kohima Mountain,Nagaland,0.1,0.6,5.4,10.8,21.6,False,3,3,0,3,55.8,1573.6,33.6,0,0.0,21.2,0
10,NH-08 Tripura Central,Tripura,2.5,9.6,1.4,2.7,5.5,False,0,0,0,1,27.2,268.9,9.0,0,0.0,7.8,0
4,NH-06 Meghalaya Corridor,Meghalaya,21.0,52.6,0.7,1.5,2.3,False,6,1,5,1,69.2,1467.0,24.0,0,0.0,27.7,0
6,NH-02 Imphal Lifeline,Manipur,4.7,13.8,7.3,15.4,22.7,True,2,0,2,1,54.2,617.0,18.9,0,0.0,14.7,0
9,NH-54 Aizawl Ridge,Mizoram,20.6,68.1,7.9,14.4,32.5,False,3,3,0,2,68.7,1091.4,30.3,3,95.0,59.8,1
8,NH-29 Kohima Mountain,Nagaland,17.1,44.6,42.1,84.9,155.9,True,7,7,0,1,46.5,1610.6,24.1,4,45.0,46.0,1
7,NH-102 Moreh Border,Manipur,22.5,91.6,2.6,5.5,10.3,True,2,0,2,2,41.3,651.4,22.3,3,45.0,40.2,0
6,NH-02 Imphal Lifeline,Manipur,1.4,6.7,1.3,2.6,5.1,False,2,2,0,2,68.6,887.6,24.4,0,0.0,20.5,0
2,NH-13 Trans-Arunachal,Arunachal Pradesh,3.8,17.6,0.9,1.9,3.8,False,5,1,4,1,65.4,1923.0,19.1,1,45.0,30.4,0
9,NH-54 Aizawl Ridge,Mizoram,20.9,52.5,8.3,16.7,29.5,True,5,4,1,0,43.7,994.1,28.3,3,75.0,49.5,0
11,NH-10 Teesta River Canyon,Sikkim,3.9,24.7,4.8,9.7,19.3,False,14,11,3,3,48.7,1624.6,50.3,0,0.0,42.2,1
12,NH-27S Haflong Hill,Assam,4.7,16.8,1.2,2.4,4.8,False,5,2,3,1,89.2,589.4,25.8,3,95.0,49.6,1
6,NH-02 Imphal Lifeline,Manipur,0.5,3.7,0.8,1.7,3.3,False,2,1,1,4,61.7,1079.6,16.4,0,0.0,15.3,0
11,NH-10 Teesta River Canyon,Sikkim,24.4,125.1,7.0,17.4,25.7,True,11,2,9,1,56.8,1798.9,40.4,0,0.0,45.6,0
3,NH-229 Sela Pass,Arunachal Pradesh,1.7,5.7,1.9,3.8,7.7,False,7,4,3,2,51.9,3995.2,33.4,0,0.0,23.6,1
4,NH-06 Meghalaya Corridor,Meghalaya,10.0,63.2,29.8,57.6,120.0,True,2,2,0,1,9.3,1457.6,18.3,0,0.0,21.7,0
12,NH-27S Haflong Hill,Assam,0.6,3.3,5.6,11.3,22.5,False,2,2,0,0,40.1,734.4,25.9,2,95.0,39.6,1
12,NH-27S Haflong Hill,Assam,2.6,8.0,7.8,14.7,22.2,False,4,4,0,1,47.3,838.8,19.7,0,0.0,20.6,1
3,NH-229 Sela Pass,Arunachal Pradesh,2.9,8.1,54.4,110.7,227.1,True,4,4,0,1,76.4,4018.7,48.1,1,75.0,49.5,1
11,NH-10 Teesta River Canyon,Sikkim,0.3,1.5,0.5,1.0,2.0,False,9,5,4,3,60.2,1762.7,42.5,0,0.0,27.8,0
7,NH-102 Moreh Border,Manipur,0.2,0.9,1.7,3.3,6.7,False,2,2,0,1,58.1,810.6,5.7,0,0.0,14.0,0
10,NH-08 Tripura Central,Tripura,1.3,11.2,0.5,1.0,2.1,False,1,1,0,0,67.7,224.1,5.8,3,75.0,34.3,0
10,NH-08 Tripura Central,Tripura,1.4,5.6,1.0,1.9,3.8,False,2,0,2,0,82.9,50.0,8.4,0,0.0,15.2,0
7,NH-102 Moreh Border,Manipur,21.4,87.3,42.5,86.0,138.5,True,3,1,2,0,58.7,572.2,17.4,4,95.0,55.5,1
10,NH-08 Tripura Central,Tripura,0.5,2.0,6.5,13.0,26.1,False,0,0,0,1,27.4,122.9,8.3,0,0.0,6.2,1
11,NH-10 Teesta River Canyon,Sikkim,4.0,21.7,15.0,27.6,50.7,True,6,4,2,0,52.3,1582.4,44.4,0,0.0,29.1,0
3,NH-229 Sela Pass,Arunachal Pradesh,4.6,21.6,11.0,19.2,42.6,False,9,6,3,3,51.5,3877.7,41.7,2,45.0,43.6,1
11,NH-10 Teesta River Canyon,Sikkim,1.8,8.5,1.9,4.7,6.8,False,8,7,1,4,65.0,1479.6,48.0,1,45.0,46.3,1
7,NH-102 Moreh Border,Manipur,12.9,48.1,11.8,22.2,50.8,False,3,2,1,2,42.2,505.6,25.6,4,75.0,43.8,1
2,NH-13 Trans-Arunachal,Arunachal Pradesh,26.7,73.4,50.7,77.1,143.8,True,3,2,1,3,13.2,1932.2,40.1,0,0.0,28.7,1
4,NH-06 Meghalaya Corridor,Meghalaya,17.5,63.0,17.2,32.4,64.5,False,4,0,4,0,38.9,1499.6,28.0,0,0.0,24.0,1
10,NH-08 Tripura Central,Tripura,3.4,18.8,2.1,4.1,8.3,False,3,0,3,0,58.7,304.5,14.0,0,0.0,15.4,0
5,SH-05 Cherrapunjee Highland,Meghalaya,13.2,33.2,0.0,0.0,0.0,False,2,2,0,5,74.7,1233.4,32.2,4,45.0,39.5,0
4,NH-06 Meghalaya Corridor,Meghalaya,12.8,58.8,2.5,4.0,9.5,False,8,2,6,1,46.7,1464.0,21.1,0,0.0,27.0,0
10,NH-08 Tripura Central,Tripura,9.1,60.3,1.4,2.1,3.8,True,0,0,0,0,34.9,50.0,6.8,0,0.0,18.7,0
6,NH-02 Imphal Lifeline,Manipur,1.8,6.1,0.8,1.7,3.4,False,3,3,0,0,44.1,1202.1,25.8,0,0.0,19.0,0
3,NH-229 Sela Pass,Arunachal Pradesh,26.0,69.4,59.6,100.8,164.8,True,5,3,2,0,42.6,4037.0,34.2,4,45.0,44.4,1
11,NH-10 Teesta River Canyon,Sikkim,16.4,55.5,5.4,8.5,12.5,False,8,4,4,0,38.1,1505.7,41.8,1,45.0,44.4,1
3,NH-229 Sela Pass,Arunachal Pradesh,4.9,45.2,67.4,110.8,220.5,True,7,7,0,3,14.4,3734.9,46.5,0,0.0,34.5,1
2,NH-13 Trans-Arunachal,Arunachal Pradesh,4.9,24.4,0.7,1.5,2.9,False,4,1,3,2,68.5,1567.9,34.9,4,75.0,42.9,1
9,NH-54 Aizawl Ridge,Mizoram,8.5,56.7,20.1,37.3,72.1,False,4,3,1,1,41.3,1465.7,35.4,0,0.0,30.6,0
6,NH-02 Imphal Lifeline,Manipur,31.2,139.3,30.6,65.6,142.8,True,3,1,2,2,54.8,1119.2,23.2,2,95.0,66.5,1
8,NH-29 Kohima Mountain,Nagaland,4.6,13.2,14.8,31.5,77.8,False,6,2,4,0,51.4,1435.4,30.9,0,0.0,20.5,0
6,NH-02 Imphal Lifeline,Manipur,0.4,1.9,3.3,6.6,13.2,False,2,2,0,0,60.4,1206.9,31.1,0,0.0,19.6,1
2,NH-13 Trans-Arunachal,Arunachal Pradesh,0.2,1.2,2.5,5.1,10.2,False,2,2,0,3,77.9,1964.9,45.8,0,0.0,25.1,0
8,NH-29 Kohima Mountain,Nagaland,31.5,189.0,3.9,6.5,15.7,True,3,3,0,1,79.2,1481.4,42.9,2,75.0,75.2,1
8,NH-29 Kohima Mountain,Nagaland,4.0,15.4,12.8,28.3,52.8,False,2,2,0,3,46.6,1532.4,27.6,0,0.0,19.6,1
1,NH-27 Assam Arterial,Assam,1.0,4.8,0.7,1.5,3.0,False,1,1,0,0,62.0,328.3,17.7,4,95.0,39.6,1
11,NH-10 Teesta River Canyon,Sikkim,1.8,6.3,4.7,9.4,18.9,False,11,6,5,0,72.3,1759.8,53.1,3,45.0,45.4,1
12,NH-27S Haflong Hill,Assam,9.2,25.6,42.6,100.6,187.6,True,3,3,0,4,24.1,865.4,18.3,0,0.0,18.4,1
12,NH-27S Haflong Hill,Assam,7.2,66.2,24.9,41.0,76.3,False,4,4,0,1,49.4,857.3,38.2,1,45.0,47.5,1
5,SH-05 Cherrapunjee Highland,Meghalaya,1.9,6.6,94.6,155.7,268.4,True,11,9,2,3,64.5,1155.8,30.0,1,95.0,58.7,1
4,NH-06 Meghalaya Corridor,Meghalaya,0.3,2.1,0.1,0.2,0.4,False,4,1,3,3,36.5,1461.6,19.0,0,0.0,11.7,1
7,NH-102 Moreh Border,Manipur,0.2,0.5,32.5,77.0,122.1,True,1,0,1,0,30.1,851.9,15.4,2,45.0,18.9,0
2,NH-13 Trans-Arunachal,Arunachal Pradesh,2.5,18.5,6.4,13.6,22.0,False,6,3,3,2,58.2,1918.6,36.0,0,0.0,25.6,0
3,NH-229 Sela Pass,Arunachal Pradesh,1.0,6.0,0.2,0.3,0.6,False,5,2,3,2,45.6,3872.7,51.6,0,0.0,22.0,0
6,NH-02 Imphal Lifeline,Manipur,0.4,1.2,10.7,18.2,29.6,True,5,4,1,1,26.9,732.1,31.2,4,45.0,29.8,0
2,NH-13 Trans-Arunachal,Arunachal Pradesh,13.5,33.8,25.9,46.2,81.9,True,4,2,2,0,62.5,1914.5,45.2,1,45.0,40.4,1
6,NH-02 Imphal Lifeline,Manipur,2.4,22.7,87.9,166.9,286.0,True,2,2,0,0,48.0,912.5,20.9,2,95.0,43.7,1
5,SH-05 Cherrapunjee Highland,Meghalaya,0.1,0.5,3.7,7.3,14.6,False,2,2,0,0,75.4,1210.5,42.4,2,95.0,47.6,1
10,NH-08 Tripura Central,Tripura,19.1,135.6,13.4,19.5,45.5,True,0,0,0,2,25.1,50.0,8.8,0,0.0,32.6,0
10,NH-08 Tripura Central,Tripura,25.3,93.3,2.8,4.2,9.2,True,2,2,0,1,52.2,122.6,6.7,0,0.0,31.8,0
11,NH-10 Teesta River Canyon,Sikkim,0.2,1.4,6.1,12.1,24.2,False,8,5,3,5,98.5,1859.1,45.5,0,0.0,34.1,0
6,NH-02 Imphal Lifeline,Manipur,12.7,64.3,3.0,6.3,10.5,False,4,3,1,0,39.4,798.8,28.8,0,0.0,30.5,0
11,NH-10 Teesta River Canyon,Sikkim,14.9,49.4,20.7,44.4,67.3,False,7,7,0,0,32.4,1521.4,38.4,4,95.0,60.2,1
11,NH-10 Teesta River Canyon,Sikkim,1.3,4.4,14.2,28.4,56.9,False,9,6,3,2,48.3,1791.8,34.4,0,0.0,27.0,1
1,NH-27 Assam Arterial,Assam,1.0,7.9,2.3,4.7,9.3,False,2,1,1,0,71.0,95.7,17.9,0,0.0,17.8,0
4,NH-06 Meghalaya Corridor,Meghalaya,0.0,0.1,0.7,1.3,2.7,False,7,2,5,2,47.1,1289.5,28.8,0,0.0,16.9,0
3,NH-229 Sela Pass,Arunachal Pradesh,12.2,60.1,45.6,71.6,107.0,True,8,8,0,6,50.2,3929.9,54.9,0,0.0,45.5,1
12,NH-27S Haflong Hill,Assam,7.5,25.7,27.0,48.6,82.8,False,3,1,2,4,40.4,774.5,30.6,0,0.0,19.3,1
5,SH-05 Cherrapunjee Highland,Meghalaya,4.1,19.5,1.2,2.4,5.3,False,5,4,1,2,37.7,958.6,35.7,4,45.0,35.9,0
5,SH-05 Cherrapunjee Highland,Meghalaya,2.8,13.0,2.4,4.7,9.5,False,8,2,6,1,72.2,1319.8,34.5,0,0.0,24.3,0
4,NH-06 Meghalaya Corridor,Meghalaya,10.4,40.3,16.3,39.7,79.8,False,2,2,0,2,50.3,1492.2,17.3,0,0.0,23.1,1
11,NH-10 Teesta River Canyon,Sikkim,0.8,4.4,1.1,2.2,4.3,False,5,5,0,1,73.6,1769.2,39.7,0,0.0,29.9,0
3,NH-229 Sela Pass,Arunachal Pradesh,32.2,108.9,2.4,4.7,8.3,True,9,5,4,3,61.5,3683.8,53.3,4,75.0,69.7,1
4,NH-06 Meghalaya Corridor,Meghalaya,1.0,6.8,4.7,7.7,18.4,False,3,2,1,2,34.1,1527.8,24.5,0,0.0,15.4,1
3,NH-229 Sela Pass,Arunachal Pradesh,24.1,69.3,21.3,38.4,58.0,False,12,8,4,4,62.3,4151.8,46.2,0,0.0,48.4,1
2,NH-13 Trans-Arunachal,Arunachal Pradesh,45.2,131.3,15.0,30.1,53.9,True,6,1,5,2,30.0,2061.2,44.7,2,45.0,53.0,1
4,NH-06 Meghalaya Corridor,Meghalaya,13.8,40.9,7.2,17.0,36.8,False,4,3,1,2,69.5,1466.1,15.8,4,45.0,39.0,0
4,NH-06 Meghalaya Corridor,Meghalaya,20.4,54.3,13.4,23.0,39.2,False,4,3,1,0,13.5,1635.8,28.2,3,95.0,48.3,1
3,NH-229 Sela Pass,Arunachal Pradesh,2.5,8.0,31.5,46.2,76.2,False,6,6,0,2,72.2,3780.1,37.3,4,45.0,43.1,0
8,NH-29 Kohima Mountain,Nagaland,4.9,19.9,15.9,26.6,50.3,False,6,2,4,1,78.1,1192.3,23.6,0,0.0,24.4,0
5,SH-05 Cherrapunjee Highland,Meghalaya,19.7,155.8,1.9,3.4,8.2,True,6,1,5,2,43.6,1443.5,29.3,2,45.0,55.7,1
8,NH-29 Kohima Mountain,Nagaland,6.0,21.2,73.5,131.4,231.5,True,2,2,0,1,56.5,1399.9,33.1,4,95.0,47.1,1
3,NH-229 Sela Pass,Arunachal Pradesh,0.2,0.9,0.3,0.5,1.0,False,7,7,0,3,58.0,3863.5,43.2,0,0.0,31.5,1
9,NH-54 Aizawl Ridge,Mizoram,0.5,2.7,0.5,1.0,2.1,False,4,4,0,1,43.2,1299.0,38.7,0,0.0,22.8,0
7,NH-102 Moreh Border,Manipur,5.8,22.2,0.1,0.1,0.2,False,3,1,2,1,29.9,599.1,11.3,0,0.0,13.2,0
10,NH-08 Tripura Central,Tripura,2.3,9.4,8.7,15.1,21.7,False,1,1,0,1,46.5,50.0,17.1,0,0.0,14.3,1
10,NH-08 Tripura Central,Tripura,1.3,4.9,28.2,62.8,156.1,True,4,2,2,2,36.6,143.0,8.3,0,0.0,12.1,0
12,NH-27S Haflong Hill,Assam,10.0,61.2,20.3,50.3,107.9,True,5,2,3,2,80.0,717.6,25.8,0,0.0,33.4,0
6,NH-02 Imphal Lifeline,Manipur,1.8,12.9,0.9,1.7,3.4,False,2,2,0,0,22.2,1245.9,25.2,0,0.0,14.9,0
4,NH-06 Meghalaya Corridor,Meghalaya,8.2,23.0,89.4,146.1,290.5,True,3,3,0,1,52.7,1430.5,20.4,0,0.0,22.6,1
12,NH-27S Haflong Hill,Assam,3.1,11.4,3.4,6.8,13.6,False,8,3,5,0,63.0,797.7,29.5,0,0.0,23.6,1
8,NH-29 Kohima Mountain,Nagaland,3.8,20.2,6.9,13.8,27.6,False,4,1,3,2,76.5,1619.9,33.3,0,0.0,24.2,0
11,NH-10 Teesta River Canyon,Sikkim,0.9,3.1,0.2,0.4,0.8,True,9,2,7,4,82.2,1727.1,50.8,0,0.0,27.0,0
7,NH-102 Moreh Border,Manipur,9.2,85.8,42.7,78.7,187.0,True,2,1,1,0,30.5,378.5,11.1,0,0.0,26.0,0
9,NH-54 Aizawl Ridge,Mizoram,1.0,7.1,2.4,4.7,9.4,False,4,2,2,2,60.7,1502.1,31.2,4,45.0,32.0,1
5,SH-05 Cherrapunjee Highland,Meghalaya,1.4,4.4,13.5,23.0,52.6,False,9,3,6,3,75.9,1500.7,41.2,0,0.0,26.5,0
12,NH-27S Haflong Hill,Assam,2.0,10.2,39.1,80.9,120.8,True,2,2,0,1,66.6,994.0,30.1,0,0.0,22.0,0
2,NH-13 Trans-Arunachal,Arunachal Pradesh,1.6,13.7,1.9,3.4,6.8,False,7,5,2,5,36.0,2119.1,29.4,0,0.0,24.0,0
5,SH-05 Cherrapunjee Highland,Meghalaya,2.7,12.7,4.0,7.9,15.9,False,9,2,7,0,30.4,1308.4,38.6,0,0.0,18.8,0
3,NH-229 Sela Pass,Arunachal Pradesh,3.1,17.0,2.0,4.0,7.9,True,5,3,2,2,54.3,3963.1,40.9,4,45.0,37.0,1
11,NH-10 Teesta River Canyon,Sikkim,2.4,12.2,13.9,28.1,43.1,False,4,4,0,1,84.4,1736.5,47.9,2,75.0,51.4,0
4,NH-06 Meghalaya Corridor,Meghalaya,13.1,35.2,11.6,19.0,34.2,False,3,2,1,2,38.3,1497.7,22.6,2,75.0,40.1,1
1,NH-27 Assam Arterial,Assam,1.9,9.0,2.4,4.8,9.6,False,2,2,0,1,41.3,167.4,9.8,0,0.0,13.9,0
7,NH-102 Moreh Border,Manipur,0.2,1.4,13.1,22.3,42.9,False,1,1,0,1,41.7,410.9,17.8,2,45.0,23.4,1
2,NH-13 Trans-Arunachal,Arunachal Pradesh,13.6,74.0,12.2,22.0,44.2,False,10,3,7,1,83.1,1873.3,30.3,2,75.0,58.1,1
11,NH-10 Teesta River Canyon,Sikkim,1.1,7.9,1.8,3.6,7.2,True,9,4,5,2,51.9,1800.8,44.7,1,45.0,37.6,0
1,NH-27 Assam Arterial,Assam,9.3,32.4,31.6,58.0,123.6,True,2,0,2,1,47.1,209.2,2.0,1,75.0,32.7,1
9,NH-54 Aizawl Ridge,Mizoram,0.3,2.4,0.8,1.6,3.2,False,0,0,0,0,74.9,1321.1,33.0,0,0.0,18.3,0
6,NH-02 Imphal Lifeline,Manipur,1.6,5.7,0.1,0.3,0.6,False,3,3,0,1,39.1,798.8,32.4,0,0.0,19.5,0
6,NH-02 Imphal Lifeline,Manipur,2.3,9.4,0.9,1.8,3.7,False,7,2,5,2,49.7,1118.3,22.8,0,0.0,17.9,0
1,NH-27 Assam Arterial,Assam,4.5,16.0,1.8,3.6,7.2,False,0,0,0,0,58.5,50.0,12.5,0,0.0,14.5,1
12,NH-27S Haflong Hill,Assam,13.4,101.8,5.7,9.3,14.4,True,8,2,6,2,37.9,664.7,28.4,0,0.0,35.7,0
1,NH-27 Assam Arterial,Assam,0.6,2.9,2.2,4.4,8.9,False,1,0,1,0,28.6,207.9,10.9,0,0.0,7.1,0
4,NH-06 Meghalaya Corridor,Meghalaya,15.2,47.1,1.2,2.9,4.3,False,2,1,1,2,56.5,1202.2,30.7,0,0.0,26.0,0
7,NH-102 Moreh Border,Manipur,0.9,3.6,1.1,2.2,4.3,True,1,1,0,0,45.5,671.0,17.0,0,0.0,13.0,0
6,NH-02 Imphal Lifeline,Manipur,5.3,25.4,26.5,56.4,114.3,True,2,2,0,1,37.2,995.1,36.9,1,45.0,33.3,0
12,NH-27S Haflong Hill,Assam,0.9,3.2,19.1,32.7,72.6,False,4,4,0,0,51.8,721.2,23.3,0,0.0,21.1,0
10,NH-08 Tripura Central,Tripura,0.6,5.9,3.3,6.5,13.0,False,2,0,2,0,17.5,50.0,12.8,0,0.0,6.4,0
8,NH-29 Kohima Mountain,Nagaland,1.8,8.6,1.4,2.8,5.5,False,8,6,2,0,33.0,1637.1,35.0,0,0.0,25.7,0
5,SH-05 Cherrapunjee Highland,Meghalaya,1.1,4.2,0.3,0.7,1.3,False,5,1,4,2,63.3,1136.9,33.8,0,0.0,19.1,0
12,NH-27S Haflong Hill,Assam,57.2,188.5,96.6,144.3,272.2,True,3,3,0,0,70.6,733.2,23.9,1,75.0,70.1,1
11,NH-10 Teesta River Canyon,Sikkim,0.0,0.2,2.4,4.8,9.7,False,8,3,5,1,53.7,2008.6,49.5,0,0.0,24.0,0
2,NH-13 Trans-Arunachal,Arunachal Pradesh,7.6,22.0,5.0,7.9,14.1,False,6,1,5,4,71.8,1708.3,41.1,2,75.0,44.1,0
11,NH-10 Teesta River Canyon,Sikkim,4.1,23.5,0.1,0.2,0.4,False,10,9,1,1,74.6,1829.9,42.8,0,0.0,42.4,1
6,NH-02 Imphal Lifeline,Manipur,1.2,4.4,1.8,3.7,7.4,False,3,1,2,0,77.8,946.9,13.6,0,0.0,17.3,1
8,NH-29 Kohima Mountain,Nagaland,3.0,10.0,1.2,2.4,4.7,False,4,4,0,0,33.9,1600.5,17.3,0,0.0,18.5,0
11,NH-10 Teesta River Canyon,Sikkim,0.1,1.1,4.8,9.5,19.0,False,7,7,0,5,47.9,1727.1,50.7,0,0.0,31.4,0
10,NH-08 Tripura Central,Tripura,2.5,12.3,1.9,3.8,7.7,False,2,2,0,1,44.5,103.5,3.9,0,0.0,13.9,0
12,NH-27S Haflong Hill,Assam,4.2,15.8,5.2,10.4,20.8,False,4,2,2,3,38.9,1045.8,18.7,0,0.0,16.7,0
7,NH-102 Moreh Border,Manipur,0.0,0.1,1.2,2.4,4.8,False,0,0,0,0,45.0,806.6,21.6,1,95.0,34.8,1
6,NH-02 Imphal Lifeline,Manipur,4.1,19.6,1.5,2.9,5.9,False,0,0,0,0,61.4,1169.8,25.7,0,0.0,18.3,1
6,NH-02 Imphal Lifeline,Manipur,4.3,13.1,13.5,24.5,56.7,False,3,3,0,1,100.0,812.3,20.1,1,95.0,51.4,1
10,NH-08 Tripura Central,Tripura,7.9,29.3,42.1,69.9,140.7,True,2,1,1,0,52.4,50.0,9.0,0,0.0,17.5,0
6,NH-02 Imphal Lifeline,Manipur,2.2,15.5,7.0,14.0,28.0,False,7,4,3,2,62.1,1009.9,17.4,0,0.0,23.9,1
11,NH-10 Teesta River Canyon,Sikkim,0.4,2.8,5.7,11.4,22.7,False,8,6,2,1,53.3,1716.2,41.4,0,0.0,28.8,0
8,NH-29 Kohima Mountain,Nagaland,8.6,30.0,17.4,25.8,64.4,False,6,4,2,3,42.5,1376.8,33.1,2,75.0,45.7,1
8,NH-29 Kohima Mountain,Nagaland,17.2,72.3,2.1,4.7,8.8,False,5,2,3,2,68.0,1403.8,31.7,0,0.0,35.0,0
12,NH-27S Haflong Hill,Assam,45.9,311.9,31.6,47.8,80.2,True,2,2,0,0,65.4,1016.5,29.9,1,45.0,61.0,1
12,NH-27S Haflong Hill,Assam,20.9,65.0,4.3,8.5,20.8,False,5,2,3,2,44.2,819.1,30.2,3,75.0,48.4,1
7,NH-102 Moreh Border,Manipur,22.3,96.5,4.5,7.2,15.9,True,3,1,2,0,39.2,651.9,2.0,0,0.0,27.6,1
12,NH-27S Haflong Hill,Assam,5.0,26.8,105.7,178.3,422.5,True,5,1,4,1,20.1,675.3,20.6,0,0.0,14.5,1
12,NH-27S Haflong Hill,Assam,1.5,9.9,0.0,0.1,0.2,False,3,3,0,0,26.5,894.5,27.8,0,0.0,17.5,0
12,NH-27S Haflong Hill,Assam,0.2,0.9,5.1,8.9,15.0,False,3,3,0,0,60.9,1045.1,34.2,0,0.0,22.2,0
1,NH-27 Assam Arterial,Assam,7.2,21.3,24.6,37.1,73.6,False,2,2,0,0,23.6,123.1,8.1,0,0.0,13.4,0
7,NH-102 Moreh Border,Manipur,7.7,61.9,8.8,15.3,35.8,False,0,0,0,0,34.4,577.7,14.2,2,75.0,39.1,0
9,NH-54 Aizawl Ridge,Mizoram,5.7,56.5,26.4,49.5,80.7,True,6,4,2,3,82.5,1069.5,40.7,0,0.0,39.8,1
1,NH-27 Assam Arterial,Assam,0.3,2.1,3.0,6.1,12.1,False,1,1,0,1,70.0,125.3,18.6,0,0.0,16.6,1
3,NH-229 Sela Pass,Arunachal Pradesh,27.6,75.3,8.2,19.0,37.7,False,6,6,0,1,64.4,4017.2,34.6,0,0.0,43.6,1
12,NH-27S Haflong Hill,Assam,3.7,18.7,3.2,7.6,16.0,False,5,4,1,1,32.5,822.2,22.3,1,75.0,39.8,0
3,NH-229 Sela Pass,Arunachal Pradesh,9.5,28.5,2.6,4.4,9.9,False,8,6,2,2,84.7,3852.4,48.0,0,0.0,40.0,1
1,NH-27 Assam Arterial,Assam,2.4,8.2,10.7,26.2,42.0,False,3,2,1,0,49.7,115.6,13.5,1,45.0,27.0,1
9,NH-54 Aizawl Ridge,Mizoram,0.8,6.5,0.1,0.1,0.3,False,5,5,0,0,27.6,1357.6,27.5,0,0.0,20.9,0
7,NH-102 Moreh Border,Manipur,12.5,40.8,3.9,9.6,16.0,True,2,0,2,2,25.6,737.9,12.3,3,75.0,33.2,0
3,NH-229 Sela Pass,Arunachal Pradesh,0.3,1.4,1.3,2.6,5.3,False,8,8,0,1,34.3,3710.8,51.3,0,0.0,31.4,0
11,NH-10 Teesta River Canyon,Sikkim,10.9,101.8,3.6,5.9,9.0,True,9,3,6,3,61.3,2062.1,45.0,4,45.0,55.8,1
11,NH-10 Teesta River Canyon,Sikkim,18.8,47.4,19.4,47.5,76.3,True,4,4,0,6,63.7,1864.7,37.0,1,95.0,58.2,1
11,NH-10 Teesta River Canyon,Sikkim,0.0,0.1,4.8,9.6,19.2,False,10,3,7,1,78.6,1797.9,53.4,0,0.0,27.8,0
8,NH-29 Kohima Mountain,Nagaland,17.3,66.8,90.7,131.9,198.6,True,6,6,0,3,48.7,1145.5,24.9,0,0.0,37.6,0
3,NH-229 Sela Pass,Arunachal Pradesh,24.8,67.3,9.8,19.1,44.2,False,9,8,1,3,45.2,3545.4,45.4,0,0.0,45.3,1
3,NH-229 Sela Pass,Arunachal Pradesh,1.6,10.6,16.5,34.3,52.7,True,7,6,1,1,19.3,3854.6,50.9,0,0.0,27.0,0
3,NH-229 Sela Pass,Arunachal Pradesh,5.9,25.8,0.2,0.4,1.1,False,5,1,4,1,67.2,3820.6,44.7,4,45.0,37.4,1
10,NH-08 Tripura Central,Tripura,2.1,7.3,29.4,73.1,106.1,True,3,1,2,0,60.1,50.0,8.8,0,0.0,14.2,0
4,NH-06 Meghalaya Corridor,Meghalaya,2.6,14.8,0.0,0.1,0.1,False,4,2,2,1,56.0,1581.5,19.9,2,75.0,38.1,1
8,NH-29 Kohima Mountain,Nagaland,1.1,9.7,3.9,7.9,15.7,False,5,3,2,2,16.4,1673.9,47.4,2,95.0,43.6,0
2,NH-13 Trans-Arunachal,Arunachal Pradesh,8.5,33.0,18.5,29.2,69.5,False,8,0,8,0,72.6,1806.9,25.3,1,75.0,41.3,0
6,NH-02 Imphal Lifeline,Manipur,0.1,0.4,1.3,2.6,5.2,False,3,3,0,1,31.3,981.3,20.4,0,0.0,14.9,0
4,NH-06 Meghalaya Corridor,Meghalaya,4.9,14.7,0.7,1.3,2.4,False,2,0,2,0,50.0,1460.2,29.3,3,45.0,27.6,0
8,NH-29 Kohima Mountain,Nagaland,3.1,10.2,12.5,17.9,30.5,False,6,6,0,1,40.2,1557.0,22.3,3,95.0,48.3,1
9,NH-54 Aizawl Ridge,Mizoram,36.9,126.9,59.2,98.3,144.4,True,5,5,0,2,65.0,1182.0,26.7,1,75.0,69.2,1
4,NH-06 Meghalaya Corridor,Meghalaya,3.3,12.4,9.2,20.9,36.9,False,7,2,5,0,26.7,1340.6,19.7,2,45.0,25.7,0
4,NH-06 Meghalaya Corridor,Meghalaya,43.5,120.2,27.8,66.7,129.0,True,2,2,0,0,66.1,1682.5,13.4,4,95.0,64.4,1
5,SH-05 Cherrapunjee Highland,Meghalaya,15.8,52.0,0.1,0.2,0.4,False,11,7,4,2,51.9,1596.1,37.8,4,95.0,63.5,1
5,SH-05 Cherrapunjee Highland,Meghalaya,0.4,2.2,2.5,5.0,10.0,False,13,6,7,0,23.3,1169.5,34.4,2,75.0,41.6,1
12,NH-27S Haflong Hill,Assam,18.5,74.8,1.9,3.9,8.1,False,12,5,7,2,45.2,959.0,22.4,0,0.0,36.2,0
10,NH-08 Tripura Central,Tripura,0.4,2.8,2.2,4.3,8.7,False,1,0,1,1,29.9,50.0,2.0,0,0.0,5.4,0
3,NH-229 Sela Pass,Arunachal Pradesh,7.5,31.3,22.7,33.8,49.0,False,5,5,0,2,94.1,4132.7,46.1,2,45.0,50.9,1
2,NH-13 Trans-Arunachal,Arunachal Pradesh,7.4,35.5,47.9,97.8,235.7,True,7,2,5,3,23.2,1976.1,33.6,0,0.0,21.3,1
6,NH-02 Imphal Lifeline,Manipur,0.1,0.5,1.3,2.5,5.1,False,4,1,3,0,67.3,1104.6,32.6,0,0.0,18.7,0
4,NH-06 Meghalaya Corridor,Meghalaya,20.3,82.3,2.7,4.5,6.6,True,4,3,1,0,18.2,1342.0,20.2,2,45.0,40.5,1
2,NH-13 Trans-Arunachal,Arunachal Pradesh,1.2,8.4,3.0,6.1,12.2,False,7,2,5,3,25.9,1826.7,33.0,0,0.0,16.2,0
10,NH-08 Tripura Central,Tripura,3.1,16.0,14.1,28.2,56.4,False,2,0,2,0,38.7,50.0,19.7,0,0.0,12.9,0
5,SH-05 Cherrapunjee Highland,Meghalaya,1.4,10.2,15.8,29.1,62.0,False,5,5,0,1,36.2,1311.2,36.2,0,0.0,24.7,1
7,NH-102 Moreh Border,Manipur,4.6,12.5,21.7,44.8,89.1,False,4,3,1,1,53.8,876.3,19.8,0,0.0,20.5,0
9,NH-54 Aizawl Ridge,Mizoram,11.2,38.9,31.4,58.9,125.3,True,2,2,0,0,28.7,1391.1,31.3,0,0.0,22.4,1
3,NH-229 Sela Pass,Arunachal Pradesh,31.8,109.6,5.2,8.2,16.1,True,8,2,6,4,63.4,3952.9,41.3,0,0.0,43.7,0
11,NH-10 Teesta River Canyon,Sikkim,6.0,48.7,2.7,5.0,8.3,False,6,6,0,3,61.2,1810.1,32.8,0,0.0,37.5,1
12,NH-27S Haflong Hill,Assam,1.5,11.3,0.2,0.3,0.7,False,6,3,3,1,48.9,799.7,28.3,0,0.0,21.3,0
7,NH-102 Moreh Border,Manipur,1.1,8.0,0.4,0.8,1.6,False,2,1,1,0,48.3,747.4,24.2,0,0.0,15.7,0
9,NH-54 Aizawl Ridge,Mizoram,2.7,16.4,9.2,21.8,51.8,False,3,3,0,1,53.8,1645.1,27.5,2,75.0,41.6,1
2,NH-13 Trans-Arunachal,Arunachal Pradesh,1.2,10.0,5.9,11.9,23.7,False,5,5,0,1,69.2,1843.2,33.2,0,0.0,29.0,1
2,NH-13 Trans-Arunachal,Arunachal Pradesh,8.2,25.7,0.2,0.4,1.1,False,5,4,1,0,32.7,1747.1,37.5,1,75.0,44.3,1
5,SH-05 Cherrapunjee Highland,Meghalaya,6.9,43.2,18.9,27.1,65.6,False,2,2,0,0,76.1,1113.8,38.6,0,0.0,31.8,0
7,NH-102 Moreh Border,Manipur,1.9,15.2,1.5,3.0,6.1,False,2,2,0,1,59.9,752.7,17.8,4,75.0,38.3,1
11,NH-10 Teesta River Canyon,Sikkim,1.4,7.8,0.6,1.2,2.4,False,11,8,3,2,60.3,1665.1,45.8,0,0.0,35.8,0
12,NH-27S Haflong Hill,Assam,6.8,27.7,53.2,109.2,182.9,True,4,2,2,1,72.6,653.0,30.4,3,75.0,45.3,1
12,NH-27S Haflong Hill,Assam,1.6,5.5,3.0,5.9,11.8,False,2,2,0,2,59.2,964.1,29.0,0,0.0,19.8,0
11,NH-10 Teesta River Canyon,Sikkim,0.5,2.0,9.6,19.2,38.3,False,9,8,1,2,91.5,1859.5,40.5,0,0.0,38.2,0
9,NH-54 Aizawl Ridge,Mizoram,2.0,10.9,0.3,0.6,1.1,False,3,3,0,0,63.6,1470.9,33.3,0,0.0,24.4,1
6,NH-02 Imphal Lifeline,Manipur,0.1,0.9,8.8,17.6,35.2,False,3,3,0,0,60.4,921.3,14.8,0,0.0,18.2,0
2,NH-13 Trans-Arunachal,Arunachal Pradesh,1.8,4.4,5.5,9.0,20.4,False,3,2,1,3,46.3,1845.7,39.0,0,0.0,19.6,0
2,NH-13 Trans-Arunachal,Arunachal Pradesh,11.1,31.4,2.6,4.2,7.4,False,7,3,4,0,40.7,2050.9,30.7,1,45.0,35.8,0
10,NH-08 Tripura Central,Tripura,4.1,12.5,12.4,18.0,34.5,False,2,1,1,0,43.7,50.0,12.0,0,0.0,13.5,0
9,NH-54 Aizawl Ridge,Mizoram,0.0,0.1,4.0,8.0,16.0,False,1,1,0,4,38.6,1468.9,30.3,0,0.0,13.9,0
8,NH-29 Kohima Mountain,Nagaland,1.8,7.6,53.7,98.2,201.0,True,7,3,4,1,23.6,1287.3,27.0,4,75.0,35.2,1
6,NH-02 Imphal Lifeline,Manipur,14.8,39.5,2.3,3.8,6.2,False,3,3,0,0,44.8,1161.3,19.0,0,0.0,24.4,0
1,NH-27 Assam Arterial,Assam,52.0,143.7,7.6,11.4,24.0,True,0,0,0,0,53.3,113.2,6.7,1,75.0,56.8,0
3,NH-229 Sela Pass,Arunachal Pradesh,4.1,14.6,6.1,9.5,19.9,False,2,2,0,0,30.7,3916.5,37.5,3,75.0,37.8,1
7,NH-102 Moreh Border,Manipur,11.6,36.7,14.4,28.0,41.7,False,1,1,0,0,11.9,528.4,16.5,0,0.0,14.4,0
5,SH-05 Cherrapunjee Highland,Meghalaya,9.0,26.6,21.6,37.6,70.5,False,6,6,0,1,78.8,1345.8,25.8,0,0.0,34.3,1
6,NH-02 Imphal Lifeline,Manipur,0.8,4.5,2.5,5.0,10.0,True,2,2,0,0,48.3,745.0,23.4,0,0.0,16.8,0
2,NH-13 Trans-Arunachal,Arunachal Pradesh,3.3,18.7,41.2,93.8,199.0,True,4,4,0,2,40.9,1784.3,40.8,4,45.0,37.3,1
6,NH-02 Imphal Lifeline,Manipur,0.4,3.8,4.4,8.8,17.5,False,5,2,3,2,50.3,994.2,26.2,4,45.0,28.8,0
5,SH-05 Cherrapunjee Highland,Meghalaya,5.9,19.4,13.9,21.5,36.5,False,9,4,5,3,40.8,1024.6,41.3,2,45.0,37.5,1
7,NH-102 Moreh Border,Manipur,10.9,78.6,29.7,43.3,77.3,False,0,0,0,1,5.0,486.3,16.6,0,0.0,19.8,0
2,NH-13 Trans-Arunachal,Arunachal Pradesh,0.8,3.0,0.2,0.3,0.6,False,7,3,4,1,63.2,1809.3,26.2,3,45.0,32.6,0
11,NH-10 Teesta River Canyon,Sikkim,15.6,43.4,23.3,48.5,75.1,False,9,2,7,3,71.1,1688.5,47.2,1,45.0,44.0,1
5,SH-05 Cherrapunjee Highland,Meghalaya,1.3,4.5,0.6,1.0,1.7,True,14,1,13,2,65.7,1533.1,32.2,2,95.0,42.9,0
3,NH-229 Sela Pass,Arunachal Pradesh,34.1,86.9,3.6,7.1,10.6,True,12,2,10,3,66.0,3710.0,42.2,0,0.0,39.7,0
12,NH-27S Haflong Hill,Assam,4.7,14.5,12.0,21.8,46.9,False,0,0,0,0,53.4,691.5,29.9,1,95.0,40.6,0
9,NH-54 Aizawl Ridge,Mizoram,0.3,2.3,2.5,4.9,9.8,False,4,2,2,0,66.1,1161.6,29.6,0,0.0,20.3,0
3,NH-229 Sela Pass,Arunachal Pradesh,0.4,1.4,25.5,58.0,117.5,True,7,4,3,1,61.8,3849.9,40.8,1,45.0,37.0,1
4,NH-06 Meghalaya Corridor,Meghalaya,0.2,1.6,3.4,6.8,13.7,False,3,1,2,2,74.9,1430.5,23.2,0,0.0,18.2,1
1,NH-27 Assam Arterial,Assam,0.6,1.8,82.9,123.0,184.6,True,0,0,0,1,42.8,50.0,4.5,2,45.0,18.9,1
7,NH-102 Moreh Border,Manipur,54.2,157.8,17.1,27.4,49.1,True,3,2,1,3,56.0,467.8,11.6,1,95.0,68.5,1
5,SH-05 Cherrapunjee Highland,Meghalaya,16.7,165.0,9.1,16.1,24.8,True,13,3,10,4,58.3,1092.5,37.1,0,0.0,52.2,1
4,NH-06 Meghalaya Corridor,Meghalaya,4.6,45.8,50.2,82.7,175.8,True,5,1,4,0,49.0,1159.6,25.3,1,75.0,42.3,1
11,NH-10 Teesta River Canyon,Sikkim,3.9,17.8,3.2,6.4,12.8,False,13,4,9,3,41.0,1633.9,39.3,0,0.0,25.6,0
2,NH-13 Trans-Arunachal,Arunachal Pradesh,6.6,37.9,29.2,60.8,99.3,True,1,1,0,2,13.0,1841.5,34.8,4,75.0,37.2,1
5,SH-05 Cherrapunjee Highland,Meghalaya,5.3,20.4,106.3,187.9,352.4,True,9,6,3,4,47.4,1168.9,37.6,0,0.0,30.7,1
3,NH-229 Sela Pass,Arunachal Pradesh,4.0,10.8,39.1,58.7,119.3,True,6,3,3,2,53.9,3765.0,45.3,0,0.0,25.3,1
10,NH-08 Tripura Central,Tripura,9.7,38.2,5.0,9.2,16.6,False,0,0,0,0,42.2,50.0,2.0,0,0.0,14.4,1
7,NH-102 Moreh Border,Manipur,2.8,13.1,80.6,164.6,266.8,True,2,2,0,0,55.6,790.7,19.5,1,95.0,42.6,1
11,NH-10 Teesta River Canyon,Sikkim,0.5,2.6,2.1,4.2,8.3,False,5,5,0,2,39.5,1812.6,34.7,0,0.0,23.4,1
9,NH-54 Aizawl Ridge,Mizoram,0.4,1.4,1.2,2.4,4.9,False,8,5,3,2,40.7,1265.1,24.0,0,0.0,21.2,0
9,NH-54 Aizawl Ridge,Mizoram,0.2,1.2,1.0,2.1,4.1,False,7,5,2,2,79.3,1455.9,34.6,3,75.0,47.8,0
9,NH-54 Aizawl Ridge,Mizoram,0.6,2.4,1.3,2.6,5.3,False,5,4,1,2,51.0,1214.0,27.9,0,0.0,21.7,0
7,NH-102 Moreh Border,Manipur,3.1,29.8,1.2,2.0,3.4,False,1,1,0,1,23.0,750.0,15.5,0,0.0,14.5,0
1,NH-27 Assam Arterial,Assam,31.8,159.8,17.9,40.2,69.8,True,2,2,0,0,49.9,50.0,3.8,2,75.0,61.0,1
10,NH-08 Tripura Central,Tripura,23.4,62.1,2.6,5.1,10.2,False,1,1,0,2,37.1,50.0,2.0,4,45.0,31.6,0
9,NH-54 Aizawl Ridge,Mizoram,5.0,32.9,0.1,0.1,0.2,False,5,0,5,1,35.9,1354.3,24.5,4,75.0,35.6,1
7,NH-102 Moreh Border,Manipur,2.4,13.3,24.4,39.3,63.1,False,3,0,3,1,61.6,575.7,10.0,2,45.0,25.1,0
10,NH-08 Tripura Central,Tripura,3.3,18.2,2.2,4.5,8.9,False,0,0,0,0,49.8,110.5,8.8,0,0.0,12.9,0
12,NH-27S Haflong Hill,Assam,3.5,15.8,1.2,2.3,4.6,False,3,2,1,0,58.1,985.9,18.3,0,0.0,19.5,0
5,SH-05 Cherrapunjee Highland,Meghalaya,7.3,38.5,15.4,22.2,45.9,True,8,1,7,0,56.3,1532.0,31.4,2,45.0,35.7,1
11,NH-10 Teesta River Canyon,Sikkim,3.9,17.4,6.5,14.9,29.5,False,8,6,2,4,56.5,1922.6,36.5,0,0.0,31.3,1
1,NH-27 Assam Arterial,Assam,3.9,15.5,2.1,4.3,8.5,False,1,1,0,1,18.1,272.1,13.2,0,0.0,10.5,0
1,NH-27 Assam Arterial,Assam,1.2,6.2,1.6,3.2,6.5,False,1,0,1,0,28.1,164.5,3.1,0,0.0,6.1,0
12,NH-27S Haflong Hill,Assam,0.3,2.2,3.3,6.6,13.3,False,6,5,1,1,34.6,1049.0,31.9,3,45.0,33.3,1
1,NH-27 Assam Arterial,Assam,2.5,9.1,1.4,2.7,5.5,True,1,1,0,0,20.5,109.8,10.0,0,0.0,8.9,0
5,SH-05 Cherrapunjee Highland,Meghalaya,0.7,3.8,3.7,6.2,12.3,False,7,3,4,1,69.6,1287.4,38.9,1,45.0,36.2,0
12,NH-27S Haflong Hill,Assam,1.4,4.1,9.0,20.0,35.9,False,3,2,1,0,41.6,642.0,30.8,0,0.0,17.2,0
9,NH-54 Aizawl Ridge,Mizoram,11.2,78.3,0.8,1.2,2.0,False,5,4,1,0,44.8,1110.7,35.2,2,75.0,56.2,1
7,NH-102 Moreh Border,Manipur,1.5,5.6,0.5,0.7,1.0,False,2,2,0,0,21.2,482.6,9.6,0,0.0,10.2,0
8,NH-29 Kohima Mountain,Nagaland,11.0,28.6,7.3,10.7,19.5,True,4,3,1,1,57.0,1384.9,34.3,2,95.0,50.9,1
8,NH-29 Kohima Mountain,Nagaland,0.6,4.4,1.1,2.1,4.2,False,6,2,4,4,38.0,1713.7,26.7,0,0.0,15.9,0
3,NH-229 Sela Pass,Arunachal Pradesh,3.7,17.1,3.9,7.8,15.6,False,6,6,0,1,77.0,3777.7,42.0,2,75.0,54.1,1
4,NH-06 Meghalaya Corridor,Meghalaya,26.6,158.5,13.4,24.4,49.2,True,1,1,0,0,46.4,1440.3,19.0,0,0.0,42.8,1
12,NH-27S Haflong Hill,Assam,60.7,168.4,1.1,2.0,4.4,True,4,4,0,2,34.9,885.5,21.6,0,0.0,47.6,0
10,NH-08 Tripura Central,Tripura,11.3,73.1,10.0,16.7,26.9,False,1,0,1,1,36.1,228.6,7.2,1,75.0,40.2,0
11,NH-10 Teesta River Canyon,Sikkim,1.9,12.5,2.0,3.9,7.8,False,7,6,1,3,95.4,1673.3,43.0,0,0.0,37.4,1
11,NH-10 Teesta River Canyon,Sikkim,29.3,85.5,74.2,135.4,317.6,True,9,7,2,2,38.9,1531.9,39.4,0,0.0,44.8,1
2,NH-13 Trans-Arunachal,Arunachal Pradesh,2.8,8.5,3.9,7.4,17.6,False,4,1,3,1,75.3,1628.6,28.8,0,0.0,20.7,1
3,NH-229 Sela Pass,Arunachal Pradesh,29.1,83.3,5.4,12.3,20.3,True,5,4,1,1,62.3,4005.4,48.1,4,75.0,62.4,1
5,SH-05 Cherrapunjee Highland,Meghalaya,4.1,40.2,0.6,0.9,2.2,True,7,5,2,1,61.9,1437.6,43.4,3,95.0,59.8,1
2,NH-13 Trans-Arunachal,Arunachal Pradesh,1.0,4.3,23.9,51.0,85.0,True,9,2,7,1,59.1,1764.4,38.1,1,95.0,45.1,0
7,NH-102 Moreh Border,Manipur,4.8,27.4,4.3,7.3,13.2,False,2,1,1,1,33.1,527.8,14.5,4,45.0,26.6,1
6,NH-02 Imphal Lifeline,Manipur,1.7,6.1,6.0,12.0,23.9,False,2,1,1,0,17.1,1138.3,33.4,0,0.0,12.5,0
12,NH-27S Haflong Hill,Assam,5.5,19.8,2.5,5.1,10.1,False,4,2,2,3,44.4,921.2,26.2,1,95.0,43.6,1
5,SH-05 Cherrapunjee Highland,Meghalaya,57.6,197.9,6.3,12.5,21.5,True,8,2,6,2,88.2,1357.9,24.6,0,0.0,52.2,1
2,NH-13 Trans-Arunachal,Arunachal Pradesh,5.6,28.2,2.7,5.4,10.7,False,1,1,0,1,55.9,1711.2,24.2,3,75.0,39.6,1
11,NH-10 Teesta River Canyon,Sikkim,30.0,76.5,11.6,27.2,62.8,False,12,9,3,2,100.0,1586.1,47.7,0,0.0,57.8,1
5,SH-05 Cherrapunjee Highland,Meghalaya,6.2,16.2,15.2,29.4,62.8,True,6,3,3,2,15.7,1487.2,44.7,0,0.0,20.5,0
5,SH-05 Cherrapunjee Highland,Meghalaya,2.2,12.8,0.7,1.3,2.6,False,9,4,5,1,35.0,1351.5,35.5,1,95.0,46.7,0
3,NH-229 Sela Pass,Arunachal Pradesh,0.9,3.5,2.8,5.6,11.3,False,9,3,6,0,71.7,3886.1,43.0,4,75.0,44.8,0
8,NH-29 Kohima Mountain,Nagaland,3.5,17.5,11.1,22.3,44.5,False,7,1,6,0,36.7,1599.5,37.4,0,0.0,18.5,0
3,NH-229 Sela Pass,Arunachal Pradesh,11.6,35.5,10.6,24.6,43.3,False,9,1,8,1,98.3,3546.1,46.8,4,75.0,52.0,1
8,NH-29 Kohima Mountain,Nagaland,10.2,57.5,36.0,72.8,107.8,True,3,0,3,1,47.5,1333.0,29.0,0,0.0,24.4,1
11,NH-10 Teesta River Canyon,Sikkim,14.5,107.0,2.0,3.3,6.7,True,13,9,4,5,29.4,1915.4,40.4,0,0.0,51.9,0
4,NH-06 Meghalaya Corridor,Meghalaya,17.8,55.6,0.3,0.6,1.5,False,4,4,0,0,82.2,1672.4,24.1,4,75.0,55.0,1
4,NH-06 Meghalaya Corridor,Meghalaya,19.2,109.6,28.6,43.5,74.6,True,1,1,0,0,29.7,1612.9,19.5,0,0.0,32.3,1
10,NH-08 Tripura Central,Tripura,0.9,8.4,0.5,0.9,1.9,False,1,0,1,0,34.1,50.0,16.0,0,0.0,10.0,1
6,NH-02 Imphal Lifeline,Manipur,8.1,29.4,3.2,4.9,11.6,False,6,4,2,1,21.1,820.2,22.7,4,75.0,40.3,0
2,NH-13 Trans-Arunachal,Arunachal Pradesh,22.0,60.6,4.1,7.8,11.7,False,9,4,5,2,29.3,1884.0,40.0,0,0.0,32.5,0
3,NH-229 Sela Pass,Arunachal Pradesh,18.6,49.5,36.0,53.1,94.5,True,10,4,6,1,92.6,3655.3,34.2,4,75.0,57.4,1
4,NH-06 Meghalaya Corridor,Meghalaya,34.5,166.7,15.5,22.5,37.4,True,4,0,4,0,55.2,1673.9,29.2,2,75.0,62.9,1
1,NH-27 Assam Arterial,Assam,1.1,8.7,2.7,5.5,10.9,False,2,1,1,0,69.1,73.0,2.0,1,75.0,33.3,0
2,NH-13 Trans-Arunachal,Arunachal Pradesh,38.2,131.7,8.6,15.6,24.5,True,3,3,0,0,74.1,1738.7,40.0,0,0.0,51.5,1
3,NH-229 Sela Pass,Arunachal Pradesh,6.6,20.6,15.1,29.5,52.0,True,4,4,0,5,58.7,3711.6,34.8,4,45.0,39.1,1
3,NH-229 Sela Pass,Arunachal Pradesh,22.7,61.7,15.8,22.8,37.5,True,6,6,0,1,50.1,3955.3,46.8,3,75.0,60.0,1
12,NH-27S Haflong Hill,Assam,11.0,28.9,1.8,3.6,6.1,False,2,0,2,3,58.4,833.7,21.3,0,0.0,18.8,1
3,NH-229 Sela Pass,Arunachal Pradesh,56.4,252.6,4.5,7.0,10.5,True,6,3,3,2,55.6,3837.9,39.2,0,0.0,52.2,1
3,NH-229 Sela Pass,Arunachal Pradesh,10.4,38.7,12.1,21.0,39.2,True,6,5,1,5,52.9,3533.6,46.6,0,0.0,35.0,0
8,NH-29 Kohima Mountain,Nagaland,2.7,9.2,0.9,1.5,2.8,False,11,5,6,1,55.0,1643.0,32.9,0,0.0,26.7,0
12,NH-27S Haflong Hill,Assam,6.1,52.1,13.1,25.7,53.3,False,6,3,3,1,38.9,781.9,37.4,1,75.0,48.5,1
3,NH-229 Sela Pass,Arunachal Pradesh,1.3,5.7,0.7,1.4,2.7,False,5,2,3,0,37.1,3790.8,34.2,4,95.0,41.3,1
12,NH-27S Haflong Hill,Assam,0.2,2.0,2.3,4.6,9.3,False,6,0,6,1,71.3,939.0,37.5,4,75.0,37.4,1
11,NH-10 Teesta River Canyon,Sikkim,0.1,0.6,0.9,1.7,3.5,False,8,8,0,3,41.6,1872.7,49.9,3,45.0,43.6,0
4,NH-06 Meghalaya Corridor,Meghalaya,7.1,29.0,31.6,63.0,94.3,True,6,2,4,0,58.4,1488.3,30.0,3,45.0,35.8,1
6,NH-02 Imphal Lifeline,Manipur,8.2,22.5,16.6,24.7,47.5,False,3,3,0,1,72.4,1059.2,20.9,1,95.0,49.3,1
1,NH-27 Assam Arterial,Assam,0.0,0.2,0.5,1.0,2.0,False,1,1,0,0,17.9,70.9,13.3,0,0.0,7.4,0
1,NH-27 Assam Arterial,Assam,5.2,30.5,24.9,39.2,71.3,True,1,0,1,1,29.9,68.9,4.7,0,0.0,11.5,1
8,NH-29 Kohima Mountain,Nagaland,0.5,4.8,16.8,24.3,48.5,False,6,4,2,3,48.8,1531.4,36.0,0,0.0,23.5,1
6,NH-02 Imphal Lifeline,Manipur,5.5,25.9,2.1,4.1,8.3,False,5,2,3,1,54.7,993.9,23.6,0,0.0,22.1,0
7,NH-102 Moreh Border,Manipur,2.3,8.1,4.2,8.4,16.8,False,3,1,2,0,49.9,753.6,19.9,0,0.0,15.1,1
7,NH-102 Moreh Border,Manipur,2.0,8.4,1.7,3.4,6.8,False,3,0,3,1,44.3,907.6,7.2,0,0.0,9.8,0
1,NH-27 Assam Arterial,Assam,0.3,1.3,8.8,19.0,36.0,False,1,1,0,0,69.3,101.8,2.0,0,0.0,13.1,0
5,SH-05 Cherrapunjee Highland,Meghalaya,17.0,136.3,8.4,12.0,24.5,True,10,2,8,0,33.9,1277.9,35.1,0,0.0,43.4,1
11,NH-10 Teesta River Canyon,Sikkim,5.4,23.1,8.1,17.7,40.2,False,8,5,3,3,54.8,1695.9,55.3,0,0.0,32.8,0
11,NH-10 Teesta River Canyon,Sikkim,0.5,2.5,5.7,9.9,19.2,False,10,4,6,2,49.9,1626.0,53.5,0,0.0,26.0,0
12,NH-27S Haflong Hill,Assam,0.4,1.8,0.0,0.1,0.1,False,2,2,0,0,52.7,1087.0,34.8,0,0.0,19.2,0
3,NH-229 Sela Pass,Arunachal Pradesh,10.2,84.5,11.6,17.3,34.6,True,5,4,1,2,65.9,3783.4,48.8,4,45.0,55.8,1
12,NH-27S Haflong Hill,Assam,1.8,6.9,1.7,3.4,6.7,False,5,2,3,0,53.8,953.0,31.2,1,75.0,38.4,0
10,NH-08 Tripura Central,Tripura,3.0,16.7,2.7,5.3,10.7,False,2,0,2,0,42.6,213.1,16.9,0,0.0,13.1,1
5,SH-05 Cherrapunjee Highland,Meghalaya,5.4,29.4,8.1,19.0,40.3,False,2,2,0,2,44.5,1323.7,32.3,0,0.0,23.0,1
2,NH-13 Trans-Arunachal,Arunachal Pradesh,5.3,14.0,13.9,29.4,55.2,True,3,3,0,2,71.1,1860.5,20.4,1,75.0,42.3,1
6,NH-02 Imphal Lifeline,Manipur,0.4,1.4,2.7,4.2,7.9,True,4,4,0,1,58.8,702.9,25.9,0,0.0,22.3,0
8,NH-29 Kohima Mountain,Nagaland,0.0,0.0,5.0,10.0,20.0,False,5,2,3,0,43.0,1418.8,31.7,0,0.0,16.8,0
2,NH-13 Trans-Arunachal,Arunachal Pradesh,0.8,7.1,0.2,0.5,0.9,False,7,5,2,5,84.9,1568.5,19.9,0,0.0,28.1,0
7,NH-102 Moreh Border,Manipur,0.5,4.2,0.3,0.6,1.1,False,1,0,1,0,18.6,448.8,12.4,3,45.0,17.3,0
10,NH-08 Tripura Central,Tripura,0.3,1.1,3.6,7.1,14.2,False,0,0,0,0,21.3,211.5,2.0,0,0.0,5.0,0
5,SH-05 Cherrapunjee Highland,Meghalaya,1.1,4.2,1.6,3.2,6.5,False,7,3,4,2,50.7,1213.4,29.1,1,75.0,39.0,0
4,NH-06 Meghalaya Corridor,Meghalaya,1.1,4.9,0.7,1.5,2.9,False,4,4,0,0,22.0,1432.1,20.2,1,75.0,35.1,1
3,NH-229 Sela Pass,Arunachal Pradesh,43.0,119.4,52.1,99.6,182.7,True,5,2,3,3,61.9,3882.0,36.9,0,0.0,44.5,1
8,NH-29 Kohima Mountain,Nagaland,0.2,0.8,0.9,1.7,3.4,False,4,3,1,0,72.4,1794.5,31.2,0,0.0,23.3,0
8,NH-29 Kohima Mountain,Nagaland,21.3,55.0,8.6,14.8,21.7,True,8,5,3,0,68.6,1491.3,28.4,4,45.0,48.2,0
4,NH-06 Meghalaya Corridor,Meghalaya,4.2,22.5,9.4,18.7,39.0,True,7,0,7,1,57.3,1288.5,22.3,4,95.0,41.3,1
12,NH-27S Haflong Hill,Assam,8.5,45.2,65.8,103.0,175.4,True,0,0,0,1,59.1,779.6,40.0,1,75.0,44.6,1
8,NH-29 Kohima Mountain,Nagaland,0.1,0.5,16.0,23.7,59.1,False,5,5,0,1,88.4,1392.2,33.5,4,95.0,53.8,1
6,NH-02 Imphal Lifeline,Manipur,2.3,7.9,0.1,0.2,0.3,False,1,1,0,0,54.9,1207.7,24.9,0,0.0,16.8,1
1,NH-27 Assam Arterial,Assam,0.5,1.6,0.4,0.8,1.5,False,2,1,1,0,5.1,235.1,15.2,0,0.0,6.1,0
2,NH-13 Trans-Arunachal,Arunachal Pradesh,14.3,138.1,94.0,160.0,294.2,True,6,5,1,3,65.1,2125.7,33.3,1,95.0,77.8,1
12,NH-27S Haflong Hill,Assam,1.5,13.7,19.1,27.5,55.4,False,1,0,1,0,39.7,878.5,44.2,3,45.0,28.8,1
1,NH-27 Assam Arterial,Assam,3.6,11.2,43.0,62.3,98.4,True,2,2,0,0,39.3,82.5,8.6,0,0.0,13.9,1
5,SH-05 Cherrapunjee Highland,Meghalaya,6.1,20.0,45.9,87.5,159.1,True,6,3,3,1,28.3,1094.8,43.8,4,95.0,46.8,1
9,NH-54 Aizawl Ridge,Mizoram,0.8,3.4,1.9,3.9,7.8,False,6,5,1,0,39.7,1306.1,29.3,0,0.0,22.5,0
12,NH-27S Haflong Hill,Assam,4.4,41.8,15.4,24.4,47.1,False,6,6,0,1,37.3,863.9,31.5,2,95.0,56.0,1
11,NH-10 Teesta River Canyon,Sikkim,11.9,52.6,8.2,19.3,45.0,True,7,2,5,2,60.0,1569.4,48.5,0,0.0,33.2,0
12,NH-27S Haflong Hill,Assam,0.7,2.8,0.4,0.9,1.7,False,4,2,2,2,21.2,772.2,33.7,0,0.0,14.5,1
8,NH-29 Kohima Mountain,Nagaland,0.2,1.8,8.3,16.6,33.1,False,2,1,1,1,49.4,1503.4,32.6,0,0.0,16.3,0
11,NH-10 Teesta River Canyon,Sikkim,29.1,130.5,30.5,48.2,117.8,True,9,3,6,1,58.0,1794.5,43.6,1,45.0,60.8,0
3,NH-229 Sela Pass,Arunachal Pradesh,0.1,1.1,0.9,1.8,3.5,False,13,3,10,2,34.9,3992.3,43.6,0,0.0,20.2,1
12,NH-27S Haflong Hill,Assam,0.8,3.4,1.4,2.7,5.5,False,7,4,3,3,60.7,601.1,28.6,0,0.0,23.5,1
7,NH-102 Moreh Border,Manipur,16.1,101.2,7.9,13.7,24.8,True,1,1,0,2,29.3,683.4,10.4,2,75.0,47.5,0
10,NH-08 Tripura Central,Tripura,5.6,21.1,3.2,6.5,13.0,False,2,2,0,0,71.9,164.2,8.8,0,0.0,20.8,0
5,SH-05 Cherrapunjee Highland,Meghalaya,36.1,281.9,6.2,12.5,21.0,True,5,4,1,2,58.5,1530.2,41.4,0,0.0,55.0,1
11,NH-10 Teesta River Canyon,Sikkim,0.6,3.4,4.3,8.6,17.1,False,7,4,3,0,72.6,1794.9,47.8,0,0.0,29.1,0
7,NH-102 Moreh Border,Manipur,5.1,37.0,0.9,2.0,4.1,False,1,1,0,0,70.2,689.5,9.1,2,45.0,33.0,0
6,NH-02 Imphal Lifeline,Manipur,81.3,257.6,15.8,26.9,46.9,True,1,1,0,0,57.2,916.9,19.9,0,0.0,44.6,1
7,NH-102 Moreh Border,Manipur,10.9,47.2,12.1,25.9,40.9,False,2,1,1,0,27.8,995.0,13.6,0,0.0,18.3,0
12,NH-27S Haflong Hill,Assam,0.0,0.2,4.0,7.9,15.9,False,7,4,3,0,64.9,864.3,23.8,0,0.0,22.5,0
2,NH-13 Trans-Arunachal,Arunachal Pradesh,7.7,43.0,1.4,2.7,4.0,True,3,1,2,1,78.5,1882.4,32.6,0,0.0,28.9,1
12,NH-27S Haflong Hill,Assam,0.0,0.0,0.7,1.5,3.0,False,4,3,1,1,67.0,1019.8,32.6,4,45.0,33.8,0
1,NH-27 Assam Arterial,Assam,1.2,6.7,8.2,16.4,32.7,False,4,1,3,0,68.4,191.0,6.2,0,0.0,14.8,0
9,NH-54 Aizawl Ridge,Mizoram,1.2,4.1,12.8,20.2,30.5,True,5,2,3,4,50.2,1143.1,14.9,1,75.0,34.1,1
8,NH-29 Kohima Mountain,Nagaland,16.1,90.1,13.5,20.0,35.4,True,3,3,0,0,60.4,1509.0,16.5,0,0.0,36.4,0
12,NH-27S Haflong Hill,Assam,17.7,47.0,37.2,75.9,161.9,True,5,2,3,2,54.2,1011.9,22.6,0,0.0,26.0,0
9,NH-54 Aizawl Ridge,Mizoram,6.4,43.7,21.1,35.8,51.7,False,5,2,3,1,10.9,1191.7,33.5,4,95.0,44.8,1
1,NH-27 Assam Arterial,Assam,1.2,6.1,2.2,4.4,8.8,False,2,2,0,0,37.6,318.2,12.7,2,45.0,24.7,0
9,NH-54 Aizawl Ridge,Mizoram,3.5,14.7,1.5,3.0,6.0,False,6,4,2,1,61.5,1166.8,28.6,0,0.0,25.9,0
7,NH-102 Moreh Border,Manipur,6.7,46.1,17.4,24.8,37.0,False,1,1,0,1,60.4,763.7,22.1,4,95.0,48.4,0
10,NH-08 Tripura Central,Tripura,19.0,50.2,38.6,57.5,99.3,True,2,1,1,0,72.9,50.0,23.1,0,0.0,27.6,1
12,NH-27S Haflong Hill,Assam,14.6,58.0,7.6,12.7,19.3,False,6,4,2,1,93.5,553.5,24.6,4,95.0,62.3,1
12,NH-27S Haflong Hill,Assam,0.9,5.3,1.7,3.3,6.7,False,5,1,4,0,57.7,775.8,20.6,0,0.0,15.8,0
11,NH-10 Teesta River Canyon,Sikkim,0.6,3.8,2.5,5.0,10.0,False,6,3,3,3,63.2,1773.3,46.5,3,75.0,44.3,1
2,NH-13 Trans-Arunachal,Arunachal Pradesh,0.4,2.9,2.3,5.5,8.2,True,5,0,5,3,26.6,1988.9,25.0,0,0.0,9.6,1
10,NH-08 Tripura Central,Tripura,1.8,10.6,0.4,0.8,1.6,False,2,2,0,1,72.4,214.1,11.2,4,75.0,38.0,1
12,NH-27S Haflong Hill,Assam,6.3,41.7,8.5,16.2,26.6,False,2,2,0,0,23.0,1018.3,21.7,0,0.0,20.1,0
4,NH-06 Meghalaya Corridor,Meghalaya,1.1,4.6,1.5,3.0,6.0,False,4,2,2,3,65.3,1329.2,18.3,2,75.0,37.1,0
7,NH-102 Moreh Border,Manipur,0.3,1.0,4.7,9.3,18.6,False,1,1,0,0,59.6,757.6,18.2,0,0.0,14.8,0
11,NH-10 Teesta River Canyon,Sikkim,7.8,21.7,21.0,38.8,59.2,False,7,7,0,5,70.0,1591.4,35.4,0,0.0,35.9,1
10,NH-08 Tripura Central,Tripura,3.4,20.1,28.8,53.1,85.1,True,1,1,0,1,39.7,50.3,3.9,2,95.0,36.5,1
8,NH-29 Kohima Mountain,Nagaland,4.0,20.5,1.4,2.8,5.5,False,3,3,0,2,63.7,1507.4,23.0,1,75.0,43.0,0
1,NH-27 Assam Arterial,Assam,8.4,29.0,2.2,3.4,5.5,False,3,2,1,0,37.0,86.4,2.0,0,0.0,15.8,1
7,NH-102 Moreh Border,Manipur,12.8,40.3,0.0,0.0,0.0,False,1,1,0,0,62.7,677.5,11.0,0,0.0,21.7,0
3,NH-229 Sela Pass,Arunachal Pradesh,35.4,88.5,4.3,8.1,19.4,True,4,4,0,1,71.2,3773.5,39.8,0,0.0,44.3,0
11,NH-10 Teesta River Canyon,Sikkim,1.9,10.3,2.5,5.1,10.1,False,10,6,4,1,77.6,1753.0,47.5,0,0.0,35.2,0
8,NH-29 Kohima Mountain,Nagaland,0.2,0.8,1.2,2.4,4.7,False,3,2,1,2,43.4,1624.6,34.0,3,75.0,36.2,0
4,NH-06 Meghalaya Corridor,Meghalaya,1.5,10.0,4.1,8.1,16.3,False,3,2,1,1,5.0,1686.5,32.6,0,0.0,13.3,0
4,NH-06 Meghalaya Corridor,Meghalaya,4.3,20.6,2.4,4.8,9.6,False,2,2,0,1,44.0,1469.9,31.0,0,0.0,20.9,0
4,NH-06 Meghalaya Corridor,Meghalaya,1.8,15.8,13.0,30.9,44.6,False,2,2,0,1,35.0,1841.9,21.2,3,45.0,27.9,0
2,NH-13 Trans-Arunachal,Arunachal Pradesh,42.3,183.9,0.0,0.1,0.1,True,1,1,0,1,56.6,2019.5,22.8,3,45.0,56.3,1
8,NH-29 Kohima Mountain,Nagaland,1.5,8.3,108.7,167.7,243.1,True,4,3,1,1,72.2,1404.3,26.7,0,0.0,23.8,0
5,SH-05 Cherrapunjee Highland,Meghalaya,3.5,13.0,3.3,7.1,14.5,False,4,3,1,2,71.5,1205.1,45.6,0,0.0,28.4,1
7,NH-102 Moreh Border,Manipur,4.7,27.1,18.2,43.1,73.9,False,3,1,2,0,77.2,863.1,12.1,0,0.0,21.4,1
4,NH-06 Meghalaya Corridor,Meghalaya,0.3,1.3,1.5,3.1,6.2,False,1,0,1,1,73.6,1530.0,24.0,0,0.0,16.1,0
12,NH-27S Haflong Hill,Assam,16.3,90.5,12.5,27.7,53.5,True,2,2,0,0,25.1,760.4,27.4,1,95.0,55.1,1
7,NH-102 Moreh Border,Manipur,25.7,87.1,6.5,13.3,21.8,True,0,0,0,1,5.0,778.8,7.1,1,45.0,30.8,0
1,NH-27 Assam Arterial,Assam,2.2,10.9,6.1,12.3,24.5,False,1,0,1,0,51.3,50.0,2.0,0,0.0,10.3,0
11,NH-10 Teesta River Canyon,Sikkim,0.0,0.1,0.9,1.8,3.7,False,13,7,6,3,66.9,1579.7,42.2,0,0.0,32.5,1
6,NH-02 Imphal Lifeline,Manipur,8.0,25.5,40.7,72.7,110.4,True,5,2,3,1,64.6,864.0,14.3,2,75.0,40.4,1
11,NH-10 Teesta River Canyon,Sikkim,36.3,101.6,41.6,77.4,164.6,True,12,6,6,3,80.6,1746.9,49.9,3,75.0,73.1,1
6,NH-02 Imphal Lifeline,Manipur,1.7,7.6,1.1,2.2,4.5,False,2,1,1,0,55.2,937.3,22.4,0,0.0,16.3,0
6,NH-02 Imphal Lifeline,Manipur,0.5,2.8,1.6,3.1,6.3,False,1,0,1,0,62.3,1126.0,19.4,0,0.0,13.8,0
9,NH-54 Aizawl Ridge,Mizoram,5.9,38.5,0.8,1.9,3.1,False,2,2,0,0,85.2,1253.0,33.2,0,0.0,31.1,0
11,NH-10 Teesta River Canyon,Sikkim,24.8,87.8,25.5,49.9,93.4,True,9,4,5,2,95.4,1840.9,36.7,0,0.0,47.2,1
7,NH-102 Moreh Border,Manipur,76.4,228.7,27.5,43.4,107.4,True,2,1,1,0,43.0,709.5,16.8,2,45.0,53.1,1
8,NH-29 Kohima Mountain,Nagaland,0.4,2.5,82.1,125.7,241.9,True,7,2,5,1,83.4,1747.7,39.8,0,0.0,25.0,1
2,NH-13 Trans-Arunachal,Arunachal Pradesh,11.5,47.5,47.2,74.4,124.4,True,2,2,0,4,36.4,1934.4,35.5,0,0.0,26.1,0
4,NH-06 Meghalaya Corridor,Meghalaya,4.7,13.3,13.9,31.9,45.9,False,5,1,4,1,12.1,1471.0,19.3,0,0.0,10.3,0
1,NH-27 Assam Arterial,Assam,1.6,15.1,0.3,0.6,1.3,False,3,2,1,0,61.4,176.7,7.4,0,0.0,17.7,0
9,NH-54 Aizawl Ridge,Mizoram,0.4,2.1,1.1,2.2,4.4,False,5,5,0,1,66.1,1419.3,26.0,0,0.0,25.5,1
2,NH-13 Trans-Arunachal,Arunachal Pradesh,0.2,1.6,0.2,0.3,0.6,False,12,6,6,1,54.1,1947.9,33.3,0,0.0,27.1,0
6,NH-02 Imphal Lifeline,Manipur,13.5,42.6,11.3,18.2,39.7,False,4,2,2,2,25.1,1068.3,18.3,1,95.0,43.7,1
12,NH-27S Haflong Hill,Assam,0.4,2.2,3.3,6.6,13.2,False,5,2,3,2,38.9,593.7,35.7,0,0.0,17.4,0
6,NH-02 Imphal Lifeline,Manipur,0.7,5.4,1.7,3.3,6.6,False,2,2,0,1,42.4,1000.8,24.7,0,0.0,16.4,0
3,NH-229 Sela Pass,Arunachal Pradesh,2.0,11.8,1.5,2.6,5.7,False,5,5,0,2,41.1,4092.0,45.3,0,0.0,27.6,0
3,NH-229 Sela Pass,Arunachal Pradesh,7.0,48.4,3.3,5.4,8.4,False,6,5,1,4,62.0,3984.0,50.6,0,0.0,39.0,0
9,NH-54 Aizawl Ridge,Mizoram,0.0,0.0,0.8,1.5,3.1,False,4,1,3,4,43.8,1391.8,43.9,0,0.0,17.4,0
1,NH-27 Assam Arterial,Assam,0.5,2.2,59.2,144.5,226.2,True,2,0,2,0,51.4,253.8,20.6,0,0.0,12.3,1
6,NH-02 Imphal Lifeline,Manipur,0.9,6.8,0.7,1.5,3.0,False,4,1,3,2,56.1,1050.5,26.8,0,0.0,17.1,0
3,NH-229 Sela Pass,Arunachal Pradesh,2.7,9.0,3.0,5.2,10.0,True,5,5,0,1,95.2,3719.0,48.4,2,45.0,47.0,0
7,NH-102 Moreh Border,Manipur,0.0,0.1,1.3,2.6,5.2,False,2,2,0,0,41.2,643.8,9.5,0,0.0,12.1,0
8,NH-29 Kohima Mountain,Nagaland,1.5,5.3,8.3,16.6,33.2,False,7,2,5,1,63.3,1449.4,30.4,0,0.0,20.6,0
4,NH-06 Meghalaya Corridor,Meghalaya,0.6,1.6,8.6,16.1,24.3,False,3,1,2,0,80.2,1442.6,29.9,0,0.0,20.3,0
4,NH-06 Meghalaya Corridor,Meghalaya,0.1,0.6,6.9,13.9,27.8,False,3,3,0,0,67.2,1616.2,21.0,1,75.0,39.1,1
8,NH-29 Kohima Mountain,Nagaland,25.2,86.8,11.3,18.0,37.9,True,5,2,3,0,42.5,1656.6,34.4,2,45.0,45.9,1
7,NH-102 Moreh Border,Manipur,14.8,72.4,4.5,10.6,24.4,True,1,0,1,1,54.7,698.4,25.8,3,75.0,46.6,0
5,SH-05 Cherrapunjee Highland,Meghalaya,0.9,4.9,7.1,14.2,28.4,False,9,4,5,0,79.7,1330.2,40.7,0,0.0,29.1,1
3,NH-229 Sela Pass,Arunachal Pradesh,15.5,54.1,8.3,17.5,43.4,False,5,5,0,0,58.2,3763.1,48.5,0,0.0,39.3,0
9,NH-54 Aizawl Ridge,Mizoram,9.4,60.6,7.2,11.4,25.9,False,6,4,2,0,79.9,1075.2,30.3,4,45.0,49.4,1
5,SH-05 Cherrapunjee Highland,Meghalaya,2.5,15.1,0.5,1.1,2.1,False,6,3,3,1,49.6,1334.0,34.7,4,95.0,47.2,0
12,NH-27S Haflong Hill,Assam,34.4,231.9,16.3,30.4,53.5,True,6,1,5,0,46.6,753.3,23.6,4,75.0,62.5,1
1,NH-27 Assam Arterial,Assam,7.6,20.3,22.6,33.3,52.4,False,0,0,0,0,69.9,50.0,10.5,1,45.0,27.9,0
2,NH-13 Trans-Arunachal,Arunachal Pradesh,7.1,39.8,6.3,12.3,18.9,False,5,5,0,0,71.2,2010.8,36.7,4,45.0,47.2,1
1,NH-27 Assam Arterial,Assam,22.6,192.7,13.4,21.0,37.5,True,0,0,0,0,54.8,50.0,12.5,1,95.0,64.5,0
12,NH-27S Haflong Hill,Assam,1.3,7.9,1.4,2.8,5.6,False,11,5,6,0,45.7,1112.9,26.3,2,45.0,34.9,0
9,NH-54 Aizawl Ridge,Mizoram,1.3,11.9,3.1,6.1,12.2,False,3,3,0,0,46.6,969.5,25.1,1,45.0,31.6,0
2,NH-13 Trans-Arunachal,Arunachal Pradesh,9.3,61.1,45.9,66.6,98.5,True,3,3,0,3,50.4,1942.5,32.4,1,75.0,51.0,1
4,NH-06 Meghalaya Corridor,Meghalaya,0.9,2.7,28.3,41.1,59.8,True,1,1,0,0,30.2,1491.6,28.2,4,95.0,36.5,1
2,NH-13 Trans-Arunachal,Arunachal Pradesh,7.7,21.3,8.9,16.1,32.7,False,8,1,7,1,49.1,2137.3,33.1,0,0.0,20.2,0
3,NH-229 Sela Pass,Arunachal Pradesh,0.7,4.6,0.7,1.5,3.0,False,4,4,0,4,25.3,3893.7,38.8,0,0.0,20.5,0
12,NH-27S Haflong Hill,Assam,2.5,7.4,19.2,33.2,48.6,True,2,2,0,1,94.4,593.4,29.9,0,0.0,25.6,0
12,NH-27S Haflong Hill,Assam,1.5,4.7,27.9,52.9,79.7,False,2,1,1,1,53.4,843.6,28.1,3,45.0,27.8,0
3,NH-229 Sela Pass,Arunachal Pradesh,50.2,133.1,29.8,70.6,125.3,True,9,4,5,3,66.0,3947.9,45.5,0,0.0,53.6,1
1,NH-27 Assam Arterial,Assam,0.3,1.1,4.7,9.3,18.7,False,1,0,1,0,32.9,50.0,9.6,3,75.0,25.8,0
3,NH-229 Sela Pass,Arunachal Pradesh,2.1,7.6,1.2,2.4,4.8,False,5,5,0,1,49.4,4006.3,37.8,0,0.0,26.5,0
10,NH-08 Tripura Central,Tripura,4.1,13.6,18.6,37.5,61.9,False,2,2,0,0,10.6,50.0,12.5,1,75.0,29.6,0
10,NH-08 Tripura Central,Tripura,1.3,4.6,1.4,2.8,5.6,False,1,1,0,1,39.9,50.0,9.7,0,0.0,10.9,0
3,NH-229 Sela Pass,Arunachal Pradesh,1.0,5.5,0.9,1.7,3.5,False,7,5,2,2,59.5,4066.8,46.2,0,0.0,29.3,0
8,NH-29 Kohima Mountain,Nagaland,2.5,9.1,0.5,1.1,2.1,False,6,2,4,2,35.8,1421.6,26.8,0,0.0,16.6,0
6,NH-02 Imphal Lifeline,Manipur,15.9,70.1,10.0,18.2,28.3,False,5,2,3,0,34.2,1033.1,26.8,3,95.0,52.3,0
11,NH-10 Teesta River Canyon,Sikkim,2.4,15.8,2.7,5.4,10.8,False,13,11,2,1,67.2,2021.8,46.3,0,0.0,42.5,1
11,NH-10 Teesta River Canyon,Sikkim,7.2,50.1,8.5,21.1,33.6,False,10,5,5,3,51.3,1576.5,35.9,4,75.0,53.6,0
11,NH-10 Teesta River Canyon,Sikkim,0.4,2.1,4.3,8.5,17.1,False,16,7,9,0,73.0,1782.7,42.3,4,95.0,57.6,1
12,NH-27S Haflong Hill,Assam,66.0,202.4,13.5,25.6,37.4,True,7,4,3,3,73.7,866.6,22.7,0,0.0,53.6,1
2,NH-13 Trans-Arunachal,Arunachal Pradesh,1.7,7.1,0.1,0.1,0.2,False,5,2,3,1,18.8,1875.9,25.8,0,0.0,13.4,0
8,NH-29 Kohima Mountain,Nagaland,2.9,14.3,0.2,0.5,1.0,False,6,3,3,2,85.7,1445.9,28.8,3,45.0,38.7,0
7,NH-102 Moreh Border,Manipur,25.0,105.5,12.9,30.3,56.9,True,2,1,1,0,40.5,717.2,16.9,0,0.0,32.6,1
4,NH-06 Meghalaya Corridor,Meghalaya,11.1,47.1,14.6,32.8,63.0,False,2,2,0,0,21.0,1268.7,28.4,1,95.0,46.0,1
8,NH-29 Kohima Mountain,Nagaland,0.6,3.4,7.9,14.0,30.7,False,5,3,2,0,46.5,1507.6,28.7,1,45.0,30.6,0
8,NH-29 Kohima Mountain,Nagaland,1.5,6.2,1.6,3.3,6.5,False,1,1,0,2,57.0,1304.7,33.1,0,0.0,18.4,0
5,SH-05 Cherrapunjee Highland,Meghalaya,0.1,0.7,0.4,0.7,1.4,False,6,5,1,4,76.9,1145.0,36.1,0,0.0,28.9,0
5,SH-05 Cherrapunjee Highland,Meghalaya,3.0,8.0,21.2,37.6,71.5,True,6,6,0,2,49.0,1250.9,31.9,1,45.0,38.6,1
5,SH-05 Cherrapunjee Highland,Meghalaya,5.3,18.8,96.6,152.5,366.8,True,4,4,0,5,37.7,1435.6,31.8,1,45.0,35.0,1
3,NH-229 Sela Pass,Arunachal Pradesh,7.8,45.1,2.3,4.9,10.4,False,7,7,0,3,33.2,3680.7,41.7,0,0.0,36.4,0
9,NH-54 Aizawl Ridge,Mizoram,2.2,8.9,10.7,16.5,33.1,True,9,5,4,0,76.0,1403.5,31.3,2,95.0,53.2,1
2,NH-13 Trans-Arunachal,Arunachal Pradesh,0.8,3.4,22.7,40.2,76.3,True,3,3,0,3,43.2,1797.2,36.7,0,0.0,20.5,1
11,NH-10 Teesta River Canyon,Sikkim,1.2,6.7,1.1,2.2,4.4,False,6,6,0,1,61.5,1697.2,52.9,0,0.0,32.6,1
5,SH-05 Cherrapunjee Highland,Meghalaya,1.2,4.6,0.2,0.3,0.6,False,7,5,2,1,67.2,1501.8,33.1,4,45.0,38.9,0
6,NH-02 Imphal Lifeline,Manipur,0.4,1.5,2.2,4.4,8.8,False,3,2,1,2,32.8,1074.8,29.9,0,0.0,15.2,0
7,NH-102 Moreh Border,Manipur,6.1,15.9,13.2,28.3,43.3,False,2,1,1,1,30.2,543.8,18.8,4,75.0,32.2,1
7,NH-102 Moreh Border,Manipur,0.1,0.4,3.0,6.0,11.9,False,1,1,0,0,28.0,747.5,22.9,4,95.0,34.6,1
9,NH-54 Aizawl Ridge,Mizoram,0.4,2.5,2.6,5.2,10.4,False,7,1,6,0,41.8,1224.7,15.6,0,0.0,11.9,0
7,NH-102 Moreh Border,Manipur,1.0,3.7,2.8,5.6,11.2,False,3,2,1,1,37.4,707.6,10.3,0,0.0,12.4,1
7,NH-102 Moreh Border,Manipur,9.4,28.0,17.3,25.5,52.7,True,1,1,0,2,36.0,653.0,18.9,0,0.0,16.8,0
10,NH-08 Tripura Central,Tripura,12.9,75.9,7.4,15.7,25.6,True,0,0,0,0,8.1,321.2,14.9,0,0.0,19.4,0
5,SH-05 Cherrapunjee Highland,Meghalaya,1.1,5.6,20.7,48.4,72.9,False,6,6,0,0,54.5,1428.5,31.9,1,95.0,51.4,0
9,NH-54 Aizawl Ridge,Mizoram,7.1,28.6,7.0,11.1,20.0,True,5,2,3,2,53.7,1332.4,32.7,1,75.0,43.1,1
2,NH-13 Trans-Arunachal,Arunachal Pradesh,2.7,11.5,2.6,5.2,10.4,False,6,3,3,1,5.0,1984.8,33.5,0,0.0,15.7,0
2,NH-13 Trans-Arunachal,Arunachal Pradesh,4.3,37.4,3.0,6.0,11.9,False,5,5,0,0,29.9,1886.2,34.3,0,0.0,28.8,1
4,NH-06 Meghalaya Corridor,Meghalaya,22.0,61.7,3.5,5.2,7.7,False,0,0,0,0,27.7,1529.4,15.1,0,0.0,19.5,1
11,NH-10 Teesta River Canyon,Sikkim,2.0,11.4,7.8,15.7,31.4,False,7,3,4,1,52.9,1747.4,40.1,0,0.0,24.2,0
1,NH-27 Assam Arterial,Assam,0.9,4.9,2.0,4.0,7.9,False,1,1,0,2,78.1,135.2,23.8,0,0.0,19.5,1
3,NH-229 Sela Pass,Arunachal Pradesh,4.4,16.2,0.9,1.9,3.7,False,7,5,2,3,47.7,4167.2,34.3,2,75.0,46.0,1
1,NH-27 Assam Arterial,Assam,0.2,0.8,11.1,22.2,44.4,False,1,1,0,0,71.8,250.8,2.0,1,45.0,24.6,1
8,NH-29 Kohima Mountain,Nagaland,0.6,2.2,0.2,0.3,0.7,False,8,5,3,0,39.6,1548.5,29.8,0,0.0,22.3,0
10,NH-08 Tripura Central,Tripura,4.3,20.2,0.3,0.5,1.0,False,1,1,0,0,38.3,50.0,7.6,0,0.0,13.3,0
11,NH-10 Teesta River Canyon,Sikkim,1.0,5.6,131.9,200.1,384.4,True,7,4,3,1,77.3,1459.7,32.8,2,75.0,46.0,1
12,NH-27S Haflong Hill,Assam,0.8,7.6,5.5,11.0,22.1,False,6,3,3,0,48.1,695.4,25.8,0,0.0,19.9,0
2,NH-13 Trans-Arunachal,Arunachal Pradesh,8.7,34.3,0.0,0.0,0.0,False,8,1,7,2,61.5,1804.9,25.6,0,0.0,23.2,0
12,NH-27S Haflong Hill,Assam,3.8,15.1,7.2,14.4,28.9,False,6,4,2,4,60.6,673.9,33.7,0,0.0,26.8,1
5,SH-05 Cherrapunjee Highland,Meghalaya,4.5,23.7,6.4,15.5,27.4,False,5,5,0,0,81.2,1099.7,47.4,3,95.0,60.2,1
11,NH-10 Teesta River Canyon,Sikkim,2.6,10.5,1.0,1.9,3.9,False,6,6,0,2,51.9,1727.5,43.1,3,45.0,41.7,0
8,NH-29 Kohima Mountain,Nagaland,2.0,9.0,8.7,17.4,34.7,False,9,3,6,0,45.1,1641.3,31.6,2,95.0,44.6,1
9,NH-54 Aizawl Ridge,Mizoram,14.4,65.4,6.1,10.1,21.4,False,10,2,8,0,54.1,1363.7,29.7,1,45.0,42.4,1
3,NH-229 Sela Pass,Arunachal Pradesh,0.5,2.6,8.7,18.0,35.3,False,5,4,1,1,74.0,3765.8,41.6,2,45.0,39.2,1
11,NH-10 Teesta River Canyon,Sikkim,8.2,25.0,2.7,4.6,10.9,False,4,3,1,2,56.6,1713.9,50.0,0,0.0,29.5,0
7,NH-102 Moreh Border,Manipur,1.3,4.7,0.2,0.5,1.0,False,3,2,1,0,33.1,668.9,12.4,3,95.0,36.1,1
6,NH-02 Imphal Lifeline,Manipur,2.1,7.1,30.5,65.6,146.0,True,5,2,3,0,45.6,913.5,30.2,0,0.0,18.3,0
7,NH-102 Moreh Border,Manipur,1.0,5.7,8.2,13.1,30.3,True,4,4,0,0,27.2,718.0,20.2,0,0.0,17.3,1
11,NH-10 Teesta River Canyon,Sikkim,27.0,98.6,13.2,25.4,38.5,True,8,5,3,0,78.8,1865.5,44.2,0,0.0,50.4,1
4,NH-06 Meghalaya Corridor,Meghalaya,0.8,6.7,1.1,2.3,4.5,False,5,1,4,1,41.8,1529.6,15.1,0,0.0,12.6,0
3,NH-229 Sela Pass,Arunachal Pradesh,1.3,8.6,0.8,1.6,3.3,False,5,5,0,0,62.7,3387.5,42.9,0,0.0,29.7,0
1,NH-27 Assam Arterial,Assam,0.2,1.5,3.1,6.2,12.4,False,1,1,0,0,43.9,155.3,2.0,0,0.0,9.3,1
6,NH-02 Imphal Lifeline,Manipur,0.8,2.8,0.1,0.3,0.6,False,5,0,5,1,25.4,1191.3,29.4,0,0.0,10.3,0
12,NH-27S Haflong Hill,Assam,12.3,59.5,3.3,5.7,10.1,True,5,5,0,1,22.6,1132.8,23.3,0,0.0,30.0,0
4,NH-06 Meghalaya Corridor,Meghalaya,11.4,30.0,18.0,39.8,79.8,False,4,3,1,1,54.4,1308.1,26.7,2,45.0,36.7,0
7,NH-102 Moreh Border,Manipur,0.0,0.1,1.7,3.4,6.7,False,4,0,4,0,26.7,495.6,16.7,0,0.0,7.4,0
11,NH-10 Teesta River Canyon,Sikkim,2.7,9.8,2.2,4.3,8.6,False,6,6,0,2,52.9,1641.0,46.7,2,75.0,50.0,0
6,NH-02 Imphal Lifeline,Manipur,0.9,5.7,1.5,3.1,6.2,False,4,2,2,1,22.7,1142.5,14.6,0,0.0,11.5,0
11,NH-10 Teesta River Canyon,Sikkim,4.3,18.2,1.1,2.2,4.5,False,12,6,6,1,54.6,2022.6,41.6,0,0.0,32.2,0
4,NH-06 Meghalaya Corridor,Meghalaya,26.4,72.0,8.2,14.3,32.5,False,1,1,0,0,57.1,1328.7,18.9,2,75.0,47.5,0
8,NH-29 Kohima Mountain,Nagaland,2.9,12.0,18.4,40.8,60.0,False,5,4,1,0,81.4,1587.4,19.1,1,45.0,37.7,1
9,NH-54 Aizawl Ridge,Mizoram,12.0,86.5,42.1,96.7,237.4,True,4,0,4,4,52.3,1116.4,22.9,2,45.0,41.0,1
9,NH-54 Aizawl Ridge,Mizoram,2.7,26.3,4.7,9.5,17.7,False,1,1,0,0,69.4,1335.6,27.3,0,0.0,23.1,0
5,SH-05 Cherrapunjee Highland,Meghalaya,12.0,31.1,9.8,14.4,35.9,False,4,4,0,0,62.2,1297.9,39.6,0,0.0,31.5,1
5,SH-05 Cherrapunjee Highland,Meghalaya,4.0,16.8,16.9,42.1,63.7,False,6,2,4,2,58.4,1127.4,26.6,0,0.0,21.4,0
9,NH-54 Aizawl Ridge,Mizoram,21.1,57.5,7.6,15.2,26.0,False,4,4,0,0,80.3,1327.5,32.8,1,75.0,56.9,0
5,SH-05 Cherrapunjee Highland,Meghalaya,1.0,3.8,16.7,33.5,66.9,False,13,6,7,3,30.2,1244.0,29.9,0,0.0,23.3,1
1,NH-27 Assam Arterial,Assam,9.0,78.7,4.6,10.4,15.5,False,2,0,2,0,33.6,284.7,6.6,0,0.0,22.1,0
11,NH-10 Teesta River Canyon,Sikkim,1.4,13.0,6.8,13.6,27.2,False,6,6,0,4,48.6,1732.1,43.1,0,0.0,30.5,0
10,NH-08 Tripura Central,Tripura,2.4,14.6,1.6,3.3,6.6,False,3,1,2,0,60.2,134.3,5.5,0,0.0,15.0,1
2,NH-13 Trans-Arunachal,Arunachal Pradesh,2.2,14.3,0.5,1.1,2.1,False,4,0,4,1,61.6,1706.9,28.3,0,0.0,17.8,1
9,NH-54 Aizawl Ridge,Mizoram,1.2,3.5,12.5,23.7,40.9,True,3,3,0,1,79.8,1364.6,39.9,0,0.0,26.6,1
8,NH-29 Kohima Mountain,Nagaland,15.9,57.8,5.5,8.2,14.9,False,5,5,0,0,49.6,1308.8,30.7,3,95.0,58.9,0
4,NH-06 Meghalaya Corridor,Meghalaya,3.1,9.9,4.7,9.2,13.3,True,5,1,4,1,26.7,1679.5,29.6,0,0.0,13.9,0
9,NH-54 Aizawl Ridge,Mizoram,4.2,16.7,1.8,3.6,7.1,False,7,2,5,1,69.2,1416.2,27.0,0,0.0,23.1,1
8,NH-29 Kohima Mountain,Nagaland,7.7,20.5,1.7,3.0,5.4,False,1,1,0,2,45.3,1377.3,30.1,0,0.0,18.9,0
7,NH-102 Moreh Border,Manipur,22.8,141.8,13.1,21.5,34.7,True,2,1,1,0,57.5,422.3,17.8,1,45.0,53.8,0
6,NH-02 Imphal Lifeline,Manipur,2.5,6.8,18.3,29.4,43.5,False,6,1,5,0,17.2,1073.3,22.0,0,0.0,10.3,1
2,NH-13 Trans-Arunachal,Arunachal Pradesh,2.4,15.3,23.7,45.7,69.8,False,5,1,4,1,38.5,2081.9,30.4,0,0.0,16.9,0
9,NH-54 Aizawl Ridge,Mizoram,48.4,142.7,48.2,74.6,140.1,True,11,5,6,0,40.8,1378.1,41.9,0,0.0,53.0,1
12,NH-27S Haflong Hill,Assam,7.3,23.2,16.2,25.7,61.2,True,4,2,2,0,42.5,739.9,35.0,4,45.0,33.3,1
1,NH-27 Assam Arterial,Assam,19.9,67.0,5.7,8.5,20.1,False,1,1,0,0,39.5,50.0,2.0,0,0.0,21.7,0
3,NH-229 Sela Pass,Arunachal Pradesh,0.5,4.5,7.8,15.6,31.1,False,4,4,0,1,80.7,3941.7,33.9,1,75.0,46.5,1
9,NH-54 Aizawl Ridge,Mizoram,3.5,33.2,14.1,32.4,68.4,False,2,2,0,0,72.4,1101.5,32.4,0,0.0,28.0,0
4,NH-06 Meghalaya Corridor,Meghalaya,11.8,35.0,18.9,27.6,67.6,False,5,1,4,2,61.1,1505.1,12.0,3,75.0,39.3,0
4,NH-06 Meghalaya Corridor,Meghalaya,75.3,245.5,1.4,2.1,4.0,True,3,3,0,0,31.6,1474.6,24.0,1,75.0,64.3,1
7,NH-102 Moreh Border,Manipur,0.6,3.0,1.6,3.1,6.3,False,3,2,1,2,19.4,589.2,28.6,0,0.0,13.2,1
3,NH-229 Sela Pass,Arunachal Pradesh,0.4,1.5,2.9,5.9,11.7,False,12,6,6,5,54.7,4187.0,43.9,0,0.0,29.3,0
2,NH-13 Trans-Arunachal,Arunachal Pradesh,29.6,87.0,2.1,3.6,8.9,True,5,3,2,2,91.2,1930.4,32.4,0,0.0,43.5,1
4,NH-06 Meghalaya Corridor,Meghalaya,1.6,7.4,3.6,7.2,14.4,False,4,3,1,2,31.0,1292.1,26.8,0,0.0,17.5,1
8,NH-29 Kohima Mountain,Nagaland,0.8,3.9,1.5,2.9,5.8,False,4,4,0,2,67.9,1458.3,54.4,0,0.0,29.0,0
2,NH-13 Trans-Arunachal,Arunachal Pradesh,37.3,99.8,62.9,104.2,182.5,True,4,2,2,1,60.4,1758.3,32.4,0,0.0,39.5,1
1,NH-27 Assam Arterial,Assam,1.7,7.8,1.3,2.5,5.1,False,2,0,2,1,55.4,225.3,9.6,2,45.0,23.0,0
11,NH-10 Teesta River Canyon,Sikkim,9.1,29.5,2.6,6.6,9.9,True,6,5,1,0,65.4,1857.6,42.6,3,95.0,58.0,0
10,NH-08 Tripura Central,Tripura,2.0,13.1,0.5,0.9,1.9,False,1,1,0,0,33.5,249.3,12.3,0,0.0,12.1,0
10,NH-08 Tripura Central,Tripura,7.6,31.3,94.6,182.6,376.8,True,2,2,0,0,59.1,50.0,13.8,4,75.0,40.6,1
12,NH-27S Haflong Hill,Assam,0.1,0.8,2.5,4.9,9.9,False,6,2,4,1,47.8,813.4,15.5,0,0.0,14.4,0
12,NH-27S Haflong Hill,Assam,2.6,21.9,6.5,13.0,26.0,False,3,2,1,0,50.3,1091.3,26.7,0,0.0,21.3,0
7,NH-102 Moreh Border,Manipur,24.8,77.9,13.8,33.4,55.0,False,5,0,5,0,22.7,739.0,12.1,2,45.0,32.6,0
8,NH-29 Kohima Mountain,Nagaland,0.0,0.3,0.3,0.5,1.0,False,10,4,6,2,58.1,1594.4,16.4,1,45.0,31.3,1
11,NH-10 Teesta River Canyon,Sikkim,1.2,6.3,0.1,0.2,0.5,False,7,7,0,3,77.9,1563.1,44.7,3,75.0,54.6,1
7,NH-102 Moreh Border,Manipur,12.2,75.8,42.3,99.0,177.3,True,2,2,0,0,51.9,378.4,13.6,3,75.0,48.4,1
11,NH-10 Teesta River Canyon,Sikkim,5.7,29.6,3.2,6.4,12.8,False,3,3,0,2,78.8,1667.2,49.0,3,95.0,57.3,0
3,NH-229 Sela Pass,Arunachal Pradesh,40.8,133.6,38.2,55.4,81.0,True,8,8,0,0,64.4,3803.0,34.1,1,45.0,70.5,1
6,NH-02 Imphal Lifeline,Manipur,16.0,45.4,50.3,73.3,118.7,True,1,1,0,2,54.6,1306.5,34.7,0,0.0,26.2,1
1,NH-27 Assam Arterial,Assam,26.4,241.1,19.6,28.2,40.5,True,1,1,0,1,21.1,345.1,12.5,3,75.0,56.4,0
8,NH-29 Kohima Mountain,Nagaland,12.9,99.2,22.2,39.1,64.9,True,7,3,4,0,47.7,1320.2,35.5,0,0.0,40.1,1
8,NH-29 Kohima Mountain,Nagaland,12.7,106.5,7.0,14.8,22.2,True,5,3,2,1,88.1,1323.7,29.7,0,0.0,46.5,1
10,NH-08 Tripura Central,Tripura,6.9,26.8,0.4,0.9,1.8,False,1,0,1,0,32.8,50.0,5.4,0,0.0,11.4,1
9,NH-54 Aizawl Ridge,Mizoram,0.3,2.1,0.3,0.7,1.3,False,3,1,2,1,69.5,1561.3,33.5,2,95.0,43.3,1
12,NH-27S Haflong Hill,Assam,0.1,0.5,2.8,5.6,11.1,False,6,3,3,1,61.9,885.8,21.6,3,45.0,30.9,0
1,NH-27 Assam Arterial,Assam,0.0,0.2,1.1,2.1,4.2,False,0,0,0,0,76.8,472.3,2.0,4,75.0,30.7,1
2,NH-13 Trans-Arunachal,Arunachal Pradesh,9.1,31.2,6.5,12.6,23.6,False,3,3,0,3,43.4,1990.0,37.9,4,45.0,37.6,1
7,NH-102 Moreh Border,Manipur,1.9,8.1,0.5,1.0,2.0,False,3,3,0,0,68.5,650.8,16.5,0,0.0,21.2,0
6,NH-02 Imphal Lifeline,Manipur,1.1,7.8,5.2,10.5,20.9,False,2,2,0,1,51.0,836.6,26.5,0,0.0,18.5,0
5,SH-05 Cherrapunjee Highland,Meghalaya,0.1,0.7,12.9,25.7,51.5,False,7,6,1,1,73.1,1539.6,30.5,2,75.0,48.0,0
1,NH-27 Assam Arterial,Assam,2.3,9.2,37.1,55.8,94.1,True,1,0,1,0,17.7,92.7,10.9,3,75.0,25.4,1
12,NH-27S Haflong Hill,Assam,10.6,47.3,18.5,29.9,67.5,False,5,5,0,0,70.4,755.9,22.9,2,45.0,45.9,1
10,NH-08 Tripura Central,Tripura,21.2,82.7,8.6,15.5,31.6,True,1,1,0,1,40.4,50.0,19.8,0,0.0,28.6,1
11,NH-10 Teesta River Canyon,Sikkim,16.8,62.3,87.2,165.6,356.0,True,3,3,0,0,74.5,1569.7,40.7,2,75.0,56.5,1
10,NH-08 Tripura Central,Tripura,2.4,17.4,1.5,3.0,6.0,False,1,1,0,0,36.0,216.0,23.5,0,0.0,15.6,1
9,NH-54 Aizawl Ridge,Mizoram,0.4,3.7,0.4,0.8,1.5,False,6,3,3,1,30.5,1081.6,22.5,0,0.0,15.8,0
6,NH-02 Imphal Lifeline,Manipur,0.3,1.7,30.9,59.0,113.5,True,3,1,2,1,22.5,1057.4,26.5,0,0.0,11.0,1
4,NH-06 Meghalaya Corridor,Meghalaya,7.5,24.1,15.4,22.4,32.3,False,6,2,4,2,62.5,1278.8,23.2,0,0.0,22.8,1
6,NH-02 Imphal Lifeline,Manipur,0.1,0.7,1.0,2.0,4.0,False,4,1,3,1,37.4,1049.5,26.2,0,0.0,13.0,0
7,NH-102 Moreh Border,Manipur,1.9,8.5,28.8,50.8,88.8,False,1,1,0,1,51.9,417.7,12.8,3,75.0,32.8,0
10,NH-08 Tripura Central,Tripura,10.4,48.4,10.8,20.7,40.7,False,1,0,1,0,38.6,210.5,11.8,2,75.0,36.6,0
4,NH-06 Meghalaya Corridor,Meghalaya,4.3,25.4,1.3,2.6,5.1,False,9,0,9,0,28.8,1371.9,23.1,0,0.0,14.0,1
5,SH-05 Cherrapunjee Highland,Meghalaya,0.7,5.8,4.4,8.8,17.6,False,7,4,3,0,46.3,1371.2,23.2,4,95.0,44.5,1
3,NH-229 Sela Pass,Arunachal Pradesh,5.6,28.0,6.7,11.8,20.7,False,6,3,3,1,60.4,3745.9,39.6,0,0.0,28.6,0
8,NH-29 Kohima Mountain,Nagaland,4.1,12.7,24.3,50.2,90.2,True,4,3,1,4,37.9,1766.2,33.8,3,45.0,32.2,0
12,NH-27S Haflong Hill,Assam,0.8,4.4,6.9,13.8,27.6,False,2,2,0,2,53.1,708.7,33.5,1,95.0,43.3,0
1,NH-27 Assam Arterial,Assam,10.0,37.1,2.0,4.0,8.1,False,2,2,0,0,29.5,62.4,2.0,4,75.0,35.0,0
6,NH-02 Imphal Lifeline,Manipur,11.8,50.9,1.4,2.6,3.8,False,3,3,0,1,41.9,967.8,12.5,3,45.0,36.2,1
6,NH-02 Imphal Lifeline,Manipur,4.2,17.9,13.5,20.0,31.6,False,5,4,1,0,35.0,862.6,25.3,0,0.0,21.9,1
12,NH-27S Haflong Hill,Assam,2.1,10.0,1.7,3.5,7.0,False,7,2,5,1,56.2,877.2,34.0,0,0.0,21.2,0
12,NH-27S Haflong Hill,Assam,4.0,14.6,2.9,5.8,11.7,False,3,3,0,1,54.1,733.0,17.6,0,0.0,20.5,1
3,NH-229 Sela Pass,Arunachal Pradesh,0.9,5.7,5.7,11.4,22.7,False,7,6,1,1,52.5,4074.3,38.6,0,0.0,28.7,0
3,NH-229 Sela Pass,Arunachal Pradesh,3.6,18.0,2.6,5.3,10.6,False,8,4,4,4,68.4,3880.2,39.7,0,0.0,29.8,0
7,NH-102 Moreh Border,Manipur,19.9,96.3,4.5,9.6,14.2,True,2,2,0,0,87.3,365.4,24.0,3,75.0,59.9,0
2,NH-13 Trans-Arunachal,Arunachal Pradesh,52.7,177.9,7.3,13.4,26.9,True,9,1,8,1,45.3,1806.8,36.4,1,75.0,64.8,1
9,NH-54 Aizawl Ridge,Mizoram,14.7,94.8,0.5,0.9,2.0,True,5,1,4,0,50.3,1130.9,32.4,0,0.0,35.0,1
6,NH-02 Imphal Lifeline,Manipur,9.0,25.9,33.1,51.4,118.1,True,3,0,3,0,33.6,838.1,22.4,0,0.0,14.7,0
1,NH-27 Assam Arterial,Assam,2.3,8.3,3.3,6.6,13.2,False,2,1,1,0,47.3,379.9,11.7,0,0.0,13.1,1
9,NH-54 Aizawl Ridge,Mizoram,0.9,8.5,11.2,27.3,47.6,False,3,3,0,3,42.4,1204.2,30.7,3,75.0,39.0,1
2,NH-13 Trans-Arunachal,Arunachal Pradesh,27.0,131.9,12.2,19.2,34.4,True,6,3,3,1,41.3,1808.2,32.6,2,45.0,56.3,0
5,SH-05 Cherrapunjee Highland,Meghalaya,1.1,5.5,1.1,2.3,4.6,False,5,5,0,0,48.3,1230.9,44.4,0,0.0,27.2,1
4,NH-06 Meghalaya Corridor,Meghalaya,0.7,3.0,1.8,3.6,7.3,False,3,2,1,3,41.5,1676.3,28.3,2,45.0,27.7,1
1,NH-27 Assam Arterial,Assam,2.6,9.6,5.2,10.5,21.0,False,2,2,0,3,38.5,50.0,14.2,0,0.0,14.5,1
1,NH-27 Assam Arterial,Assam,5.2,46.5,17.1,35.5,65.7,False,1,1,0,0,58.2,358.3,4.6,0,0.0,20.9,0
8,NH-29 Kohima Mountain,Nagaland,1.5,6.2,40.4,91.0,189.3,True,6,1,5,0,40.6,1621.3,25.9,0,0.0,14.5,1
2,NH-13 Trans-Arunachal,Arunachal Pradesh,1.1,6.4,1.3,2.6,5.2,False,6,4,2,2,65.4,1922.2,31.9,4,45.0,36.7,1
2,NH-13 Trans-Arunachal,Arunachal Pradesh,0.0,0.2,2.7,5.3,10.7,False,4,3,1,2,56.6,1706.0,40.4,0,0.0,22.6,1
6,NH-02 Imphal Lifeline,Manipur,0.8,4.5,1.2,2.4,4.8,False,1,1,0,2,41.1,1024.0,30.6,0,0.0,15.2,1
3,NH-229 Sela Pass,Arunachal Pradesh,7.0,19.7,25.5,59.8,100.7,True,6,3,3,1,56.5,3796.0,42.7,1,45.0,38.2,0
6,NH-02 Imphal Lifeline,Manipur,3.4,14.6,1.3,2.7,5.4,False,3,2,1,2,40.7,980.5,26.8,3,75.0,37.1,1
9,NH-54 Aizawl Ridge,Mizoram,0.9,3.8,4.0,7.9,15.9,False,4,0,4,1,63.8,1050.2,19.6,1,45.0,25.5,1
10,NH-08 Tripura Central,Tripura,29.8,108.1,3.8,8.0,12.2,True,1,0,1,2,18.5,50.0,8.5,0,0.0,26.1,0
5,SH-05 Cherrapunjee Highland,Meghalaya,2.2,14.7,19.9,37.3,93.3,True,3,3,0,2,68.6,1341.1,39.1,2,95.0,50.8,0
5,SH-05 Cherrapunjee Highland,Meghalaya,1.5,5.4,18.4,26.4,44.0,False,5,3,2,3,48.8,1297.2,38.2,2,45.0,33.3,1
2,NH-13 Trans-Arunachal,Arunachal Pradesh,2.0,10.0,13.9,23.1,52.5,False,4,3,1,0,78.4,1685.0,33.5,0,0.0,26.5,1
12,NH-27S Haflong Hill,Assam,72.4,181.1,23.5,50.1,104.8,True,7,4,3,0,46.6,753.7,43.1,2,95.0,77.4,1
8,NH-29 Kohima Mountain,Nagaland,44.6,166.4,19.0,30.6,65.6,True,2,2,0,2,66.9,1387.8,27.0,0,0.0,49.4,0
4,NH-06 Meghalaya Corridor,Meghalaya,0.2,0.8,0.2,0.4,0.8,False,5,4,1,2,55.5,1269.0,17.8,0,0.0,20.0,0
10,NH-08 Tripura Central,Tripura,98.1,264.9,8.1,12.0,18.9,True,3,0,3,0,41.8,50.0,11.3,1,75.0,57.3,1
5,SH-05 Cherrapunjee Highland,Meghalaya,3.9,29.1,6.9,10.6,17.6,False,3,3,0,2,73.8,1487.5,29.4,4,95.0,52.5,1
8,NH-29 Kohima Mountain,Nagaland,1.9,10.4,3.4,6.9,13.8,False,8,2,6,0,18.8,1318.2,29.3,0,0.0,14.8,0
3,NH-229 Sela Pass,Arunachal Pradesh,0.4,3.6,2.2,4.3,8.7,False,4,4,0,6,45.2,3536.5,47.8,0,0.0,25.1,0
7,NH-102 Moreh Border,Manipur,3.6,12.3,0.2,0.3,0.7,True,2,1,1,0,44.6,663.5,21.1,0,0.0,15.4,1
7,NH-102 Moreh Border,Manipur,9.7,70.1,11.9,19.3,28.5,False,3,1,2,1,7.4,590.0,15.7,3,45.0,31.5,1
8,NH-29 Kohima Mountain,Nagaland,53.2,232.9,8.1,18.7,34.8,True,6,2,4,1,49.4,1657.1,29.6,1,45.0,58.6,1
12,NH-27S Haflong Hill,Assam,1.6,5.2,29.2,56.1,125.5,True,6,3,3,2,58.6,563.1,30.7,0,0.0,22.0,1
8,NH-29 Kohima Mountain,Nagaland,1.5,13.9,4.1,9.2,22.4,False,6,2,4,2,40.0,1625.5,31.7,2,45.0,30.4,0
2,NH-13 Trans-Arunachal,Arunachal Pradesh,5.5,22.0,2.1,4.2,8.4,False,6,3,3,0,70.8,1767.3,35.0,0,0.0,28.0,0
1,NH-27 Assam Arterial,Assam,0.8,2.9,0.1,0.3,0.6,True,4,2,2,0,71.8,50.0,14.5,0,0.0,18.3,0
6,NH-02 Imphal Lifeline,Manipur,6.2,20.9,0.4,0.9,1.8,False,8,2,6,1,77.1,982.2,19.6,0,0.0,23.7,0
9,NH-54 Aizawl Ridge,Mizoram,17.7,78.7,1.5,2.7,4.5,False,2,2,0,2,50.2,1313.5,26.5,0,0.0,32.6,0
7,NH-102 Moreh Border,Manipur,1.6,7.3,2.2,4.4,8.8,False,3,1,2,1,33.0,567.7,23.9,0,0.0,13.2,0
6,NH-02 Imphal Lifeline,Manipur,1.8,11.1,4.0,6.4,15.9,False,1,1,0,0,72.9,835.7,23.3,1,45.0,31.1,1
1,NH-27 Assam Arterial,Assam,0.4,3.6,0.9,1.9,3.7,False,1,1,0,0,20.8,50.0,2.0,0,0.0,6.2,0
1,NH-27 Assam Arterial,Assam,35.5,157.2,1.9,4.3,7.9,True,0,0,0,0,56.1,50.0,13.3,2,45.0,52.3,0
12,NH-27S Haflong Hill,Assam,13.9,64.2,3.4,6.0,11.6,False,4,0,4,0,18.1,859.6,35.6,4,95.0,46.4,1
3,NH-229 Sela Pass,Arunachal Pradesh,2.5,14.2,1.0,2.0,4.0,False,7,7,0,3,45.2,3887.4,41.2,0,0.0,31.9,1
9,NH-54 Aizawl Ridge,Mizoram,2.2,8.4,0.7,1.4,2.8,False,6,4,2,2,68.1,1311.7,36.4,0,0.0,27.2,1
9,NH-54 Aizawl Ridge,Mizoram,1.5,9.5,0.7,1.5,2.9,False,5,2,3,0,37.2,1056.9,22.6,0,0.0,16.0,0
4,NH-06 Meghalaya Corridor,Meghalaya,3.7,14.8,5.4,10.8,21.6,False,5,5,0,0,45.1,1207.6,33.6,0,0.0,26.4,0
12,NH-27S Haflong Hill,Assam,2.7,20.4,31.3,62.0,112.9,True,2,2,0,1,50.1,683.6,22.4,2,95.0,43.8,1
11,NH-10 Teesta River Canyon,Sikkim,2.5,12.5,5.4,8.6,12.7,False,7,7,0,0,65.1,1482.9,54.7,2,75.0,55.0,0
9,NH-54 Aizawl Ridge,Mizoram,7.9,57.2,25.9,40.2,73.5,False,7,3,4,2,54.4,1489.0,26.9,0,0.0,31.0,0
7,NH-102 Moreh Border,Manipur,1.9,8.4,48.0,69.4,111.9,True,0,0,0,0,26.6,517.0,11.1,4,75.0,26.6,0
9,NH-54 Aizawl Ridge,Mizoram,5.0,20.2,4.6,9.2,18.5,False,7,4,3,3,33.8,1214.1,26.8,0,0.0,22.5,1
4,NH-06 Meghalaya Corridor,Meghalaya,6.5,26.3,0.6,1.2,2.0,False,1,1,0,1,53.0,1501.0,14.0,3,75.0,36.8,1
11,NH-10 Teesta River Canyon,Sikkim,0.2,1.1,1.5,2.9,5.8,False,5,4,1,3,57.5,1781.3,38.7,4,45.0,35.8,0
2,NH-13 Trans-Arunachal,Arunachal Pradesh,3.7,10.9,9.2,14.3,20.9,False,5,1,4,1,63.0,2119.9,33.0,2,45.0,31.5,1
8,NH-29 Kohima Mountain,Nagaland,1.6,8.9,31.6,67.7,103.4,True,4,2,2,1,45.8,1421.5,34.7,3,75.0,38.3,0
1,NH-27 Assam Arterial,Assam,6.1,45.3,84.6,157.9,288.7,True,3,0,3,2,54.1,241.2,12.7,0,0.0,19.7,1
1,NH-27 Assam Arterial,Assam,5.5,16.2,3.2,6.5,10.9,False,0,0,0,0,20.4,50.0,12.0,0,0.0,8.7,0
8,NH-29 Kohima Mountain,Nagaland,9.1,29.5,9.6,21.7,44.1,False,5,3,2,1,45.8,1635.7,32.8,4,45.0,36.6,1
12,NH-27S Haflong Hill,Assam,1.9,8.2,2.7,5.5,10.9,False,4,4,0,4,52.5,684.2,37.9,1,75.0,43.8,0
1,NH-27 Assam Arterial,Assam,0.4,3.1,12.8,29.1,59.9,False,1,0,1,0,18.8,230.2,12.8,4,95.0,29.7,0
2,NH-13 Trans-Arunachal,Arunachal Pradesh,5.4,35.4,8.6,16.7,36.4,False,8,5,3,1,29.9,1896.4,18.5,4,45.0,36.5,1
9,NH-54 Aizawl Ridge,Mizoram,47.0,128.6,24.6,48.2,92.7,True,6,3,3,1,53.3,1307.8,27.3,1,45.0,56.4,1
5,SH-05 Cherrapunjee Highland,Meghalaya,0.2,1.4,0.2,0.3,0.7,False,11,5,6,0,30.7,1147.1,38.3,0,0.0,22.5,0
6,NH-02 Imphal Lifeline,Manipur,1.3,4.5,18.9,32.6,72.4,True,4,4,0,0,66.3,680.7,18.8,2,75.0,41.4,0
12,NH-27S Haflong Hill,Assam,10.3,58.3,4.4,9.4,18.4,False,5,2,3,3,58.0,1160.8,32.6,2,45.0,42.1,0
12,NH-27S Haflong Hill,Assam,0.2,1.2,8.1,16.3,32.5,False,3,1,2,1,41.9,795.0,21.0,4,45.0,24.0,1
7,NH-102 Moreh Border,Manipur,6.6,30.7,90.1,136.9,255.0,True,2,1,1,1,25.3,742.0,8.2,1,45.0,24.8,1
4,NH-06 Meghalaya Corridor,Meghalaya,7.2,31.4,11.6,23.1,34.2,True,1,1,0,0,56.3,1762.1,25.6,1,95.0,45.6,1
8,NH-29 Kohima Mountain,Nagaland,21.4,71.5,20.1,43.7,101.2,True,2,2,0,2,41.9,1348.2,31.9,2,45.0,42.2,1
1,NH-27 Assam Arterial,Assam,1.3,4.2,3.7,7.5,14.9,False,2,2,0,2,71.4,134.2,2.0,0,0.0,15.9,0
10,NH-08 Tripura Central,Tripura,0.4,1.9,0.9,1.9,3.8,False,3,0,3,1,45.0,218.3,2.0,0,0.0,7.5,0
9,NH-54 Aizawl Ridge,Mizoram,14.6,46.0,14.9,33.4,49.8,False,5,4,1,2,5.0,1020.8,24.2,2,45.0,34.0,1
4,NH-06 Meghalaya Corridor,Meghalaya,8.8,27.6,9.3,14.6,29.7,False,12,2,10,1,36.5,1245.2,20.5,4,45.0,30.3,1
10,NH-08 Tripura Central,Tripura,0.2,0.8,5.0,10.1,20.1,False,3,1,2,0,57.3,81.5,4.1,0,0.0,11.6,0
8,NH-29 Kohima Mountain,Nagaland,5.9,30.8,5.4,8.5,18.7,True,4,4,0,1,40.6,1285.1,30.9,2,75.0,45.2,1
10,NH-08 Tripura Central,Tripura,7.5,33.8,7.9,15.9,29.6,True,1,1,0,0,35.4,306.0,7.3,0,0.0,15.5,0
1,NH-27 Assam Arterial,Assam,9.8,62.2,2.6,5.8,8.6,False,1,1,0,0,27.0,199.2,2.0,4,75.0,37.6,1
9,NH-54 Aizawl Ridge,Mizoram,1.1,6.5,4.8,9.5,19.0,False,1,1,0,3,10.3,1238.4,22.8,0,0.0,9.4,0
12,NH-27S Haflong Hill,Assam,72.7,190.3,57.3,92.6,198.5,True,7,3,4,0,38.3,854.9,20.0,3,75.0,64.5,1
10,NH-08 Tripura Central,Tripura,0.9,3.7,3.7,7.3,14.6,False,0,0,0,0,87.4,66.5,3.9,0,0.0,14.6,0
12,NH-27S Haflong Hill,Assam,0.4,3.6,10.1,16.2,35.4,False,2,2,0,2,67.2,870.0,27.6,3,95.0,44.1,0
9,NH-54 Aizawl Ridge,Mizoram,0.9,6.2,9.2,18.4,36.8,False,4,3,1,1,65.2,1121.7,16.2,3,45.0,31.5,0
11,NH-10 Teesta River Canyon,Sikkim,17.5,67.1,6.4,9.9,18.0,False,7,7,0,3,61.6,1634.0,33.7,2,45.0,54.7,1
3,NH-229 Sela Pass,Arunachal Pradesh,0.0,0.3,1.3,2.5,5.1,False,8,4,4,1,49.8,3870.9,41.5,3,95.0,47.6,1
1,NH-27 Assam Arterial,Assam,5.6,46.2,25.3,44.3,78.9,False,1,1,0,0,66.2,284.5,14.4,0,0.0,24.1,0
9,NH-54 Aizawl Ridge,Mizoram,4.3,15.5,2.1,4.1,8.3,False,4,4,0,2,52.7,1084.8,25.0,3,45.0,35.2,0
7,NH-102 Moreh Border,Manipur,1.0,5.9,2.8,6.0,12.6,False,2,2,0,0,41.6,655.2,13.8,1,45.0,25.4,0
1,NH-27 Assam Arterial,Assam,1.7,8.3,0.7,1.4,2.8,False,1,0,1,1,5.0,71.1,9.9,0,0.0,5.0,0
8,NH-29 Kohima Mountain,Nagaland,102.5,263.3,2.7,5.9,8.8,True,8,4,4,3,15.6,1623.5,30.1,0,0.0,46.3,1
9,NH-54 Aizawl Ridge,Mizoram,0.5,3.0,0.5,1.0,1.9,False,3,3,0,1,26.8,1060.2,29.7,2,75.0,35.3,0
3,NH-229 Sela Pass,Arunachal Pradesh,1.8,8.3,4.4,8.7,17.4,False,11,3,8,1,71.4,3928.9,38.6,0,0.0,26.1,0
1,NH-27 Assam Arterial,Assam,3.1,29.6,3.1,4.8,7.2,False,2,0,2,0,47.6,50.0,2.0,3,45.0,24.7,0
4,NH-06 Meghalaya Corridor,Meghalaya,1.5,5.2,3.5,7.0,14.0,False,1,1,0,3,41.5,1405.9,19.6,0,0.0,13.2,0
6,NH-02 Imphal Lifeline,Manipur,2.9,21.3,0.3,0.6,1.3,False,6,3,3,0,28.8,838.7,18.8,0,0.0,18.3,0
6,NH-02 Imphal Lifeline,Manipur,3.0,8.2,68.8,113.9,165.2,True,4,3,1,0,33.2,971.6,27.5,0,0.0,18.1,1
11,NH-10 Teesta River Canyon,Sikkim,1.1,5.7,0.9,1.9,3.8,False,8,4,4,5,86.0,1732.3,49.2,0,0.0,31.9,0
12,NH-27S Haflong Hill,Assam,10.2,53.2,5.0,11.9,23.0,True,6,4,2,3,59.5,716.5,29.1,2,75.0,52.1,0
7,NH-102 Moreh Border,Manipur,11.7,30.2,13.3,21.0,38.1,False,1,1,0,1,57.1,419.5,17.3,0,0.0,20.1,1
5,SH-05 Cherrapunjee Highland,Meghalaya,7.9,36.3,6.8,11.5,18.4,True,8,5,3,2,57.5,1386.7,25.5,1,45.0,42.2,0
8,NH-29 Kohima Mountain,Nagaland,46.3,172.5,16.2,38.2,60.2,True,6,3,3,1,21.3,1585.0,26.6,0,0.0,44.5,1
2,NH-13 Trans-Arunachal,Arunachal Pradesh,0.9,5.3,21.8,32.8,52.4,False,6,2,4,1,60.6,1793.7,34.7,0,0.0,21.1,0
1,NH-27 Assam Arterial,Assam,12.7,91.1,28.5,50.7,74.6,True,0,0,0,0,34.5,50.0,13.3,1,45.0,37.3,0
4,NH-06 Meghalaya Corridor,Meghalaya,39.6,109.4,6.1,13.3,33.0,True,6,2,4,0,27.3,1613.0,32.2,0,0.0,36.4,0
4,NH-06 Meghalaya Corridor,Meghalaya,2.8,13.6,0.4,0.7,1.4,False,2,2,0,0,27.3,1569.1,23.6,0,0.0,15.5,0
5,SH-05 Cherrapunjee Highland,Meghalaya,13.8,57.6,47.9,78.1,174.1,True,5,5,0,1,70.9,1349.9,36.9,3,45.0,50.8,1
4,NH-06 Meghalaya Corridor,Meghalaya,12.5,64.0,15.3,23.0,45.8,True,2,2,0,1,65.4,1316.1,37.3,0,0.0,34.1,1
8,NH-29 Kohima Mountain,Nagaland,12.9,57.7,0.4,0.6,1.0,False,3,3,0,2,61.8,1713.2,22.7,3,95.0,55.1,0
9,NH-54 Aizawl Ridge,Mizoram,2.0,8.5,6.5,11.5,19.0,False,2,2,0,0,35.4,1059.2,35.8,0,0.0,18.2,1
10,NH-08 Tripura Central,Tripura,20.2,95.2,0.9,1.9,4.5,True,5,0,5,0,5.0,50.0,10.8,0,0.0,21.9,1
12,NH-27S Haflong Hill,Assam,1.2,3.0,1.1,1.8,3.9,False,2,1,1,0,94.1,415.5,27.6,0,0.0,22.2,0
6,NH-02 Imphal Lifeline,Manipur,0.3,2.1,5.3,10.6,21.1,False,4,3,1,0,46.3,900.6,28.1,0,0.0,19.0,0
2,NH-13 Trans-Arunachal,Arunachal Pradesh,7.7,29.7,7.3,14.8,24.7,False,2,2,0,4,86.6,1862.9,38.7,3,95.0,54.4,1
2,NH-13 Trans-Arunachal,Arunachal Pradesh,12.0,52.8,2.2,4.9,7.7,False,12,7,5,1,31.1,1892.3,38.3,4,75.0,55.6,1
6,NH-02 Imphal Lifeline,Manipur,17.6,48.0,4.3,7.3,15.4,False,2,2,0,1,40.3,936.8,21.7,0,0.0,24.0,0
2,NH-13 Trans-Arunachal,Arunachal Pradesh,0.1,0.9,4.4,8.8,17.5,False,3,3,0,1,56.8,1649.0,37.4,4,45.0,33.4,1
6,NH-02 Imphal Lifeline,Manipur,0.1,0.5,8.1,16.1,32.2,False,2,1,1,1,53.5,900.0,25.8,0,0.0,15.3,0
8,NH-29 Kohima Mountain,Nagaland,10.3,40.5,1.8,4.1,7.5,False,3,3,0,1,79.7,1403.0,21.3,4,75.0,49.1,1
12,NH-27S Haflong Hill,Assam,35.1,134.0,2.0,4.3,6.4,True,8,6,2,1,44.9,743.4,28.4,2,45.0,62.5,1
6,NH-02 Imphal Lifeline,Manipur,1.3,12.2,2.7,5.4,10.8,False,6,1,5,3,32.0,1019.2,30.8,0,0.0,15.4,1
4,NH-06 Meghalaya Corridor,Meghalaya,1.8,12.1,0.9,1.8,3.5,False,4,2,2,0,51.0,1585.3,30.8,0,0.0,20.2,0
5,SH-05 Cherrapunjee Highland,Meghalaya,3.5,27.9,1.8,3.6,7.1,False,6,6,0,2,80.0,1680.4,38.9,2,75.0,56.1,0
10,NH-08 Tripura Central,Tripura,0.8,5.4,1.1,2.1,4.3,False,2,2,0,0,26.1,50.0,2.0,0,0.0,9.4,0
3,NH-229 Sela Pass,Arunachal Pradesh,26.4,72.1,6.9,11.7,26.6,False,9,4,5,3,68.3,4007.5,40.4,0,0.0,40.7,0
5,SH-05 Cherrapunjee Highland,Meghalaya,2.3,8.1,1.3,2.6,5.1,False,7,4,3,2,36.9,1304.9,29.3,0,0.0,21.0,0
8,NH-29 Kohima Mountain,Nagaland,0.7,1.9,0.4,0.7,1.8,True,7,5,2,0,50.1,1589.3,27.8,0,0.0,23.4,0
2,NH-13 Trans-Arunachal,Arunachal Pradesh,16.8,83.7,23.0,35.9,71.3,True,5,5,0,0,76.1,1960.7,36.8,0,0.0,45.5,1
12,NH-27S Haflong Hill,Assam,4.7,20.2,5.2,9.6,15.2,False,3,3,0,2,80.3,518.0,36.9,0,0.0,29.5,0
8,NH-29 Kohima Mountain,Nagaland,15.6,45.1,33.8,57.2,108.8,True,2,2,0,2,64.2,1650.4,32.5,4,95.0,52.9,1
8,NH-29 Kohima Mountain,Nagaland,4.4,15.2,6.9,13.8,27.6,False,4,2,2,1,54.9,1495.9,32.6,0,0.0,21.8,0
2,NH-13 Trans-Arunachal,Arunachal Pradesh,17.7,59.6,0.2,0.2,0.4,False,6,4,2,2,52.7,1910.7,36.6,0,0.0,35.1,1
6,NH-02 Imphal Lifeline,Manipur,1.0,4.1,1.7,3.5,7.0,False,5,0,5,0,27.7,855.7,22.8,0,0.0,9.5,0
7,NH-102 Moreh Border,Manipur,12.7,53.9,3.6,6.5,14.8,False,2,0,2,0,43.7,693.7,13.2,0,0.0,20.0,0
1,NH-27 Assam Arterial,Assam,10.2,39.0,9.9,15.8,36.4,False,2,0,2,1,30.8,113.6,6.7,0,0.0,13.8,0
6,NH-02 Imphal Lifeline,Manipur,30.3,128.6,7.0,15.1,25.5,True,8,2,6,0,40.5,1164.4,19.0,4,75.0,58.4,0
11,NH-10 Teesta River Canyon,Sikkim,21.1,61.2,8.0,14.1,33.1,False,5,3,2,3,59.3,1700.6,44.7,3,95.0,59.8,1
6,NH-02 Imphal Lifeline,Manipur,0.7,1.8,6.2,14.4,31.1,True,5,1,4,2,57.6,1184.3,18.4,3,95.0,38.4,1
8,NH-29 Kohima Mountain,Nagaland,12.8,44.3,16.8,32.9,68.8,False,3,3,0,1,34.2,1487.7,34.3,2,75.0,45.6,1
9,NH-54 Aizawl Ridge,Mizoram,7.7,32.8,1.8,3.6,7.3,False,7,2,5,2,47.5,1048.1,28.2,1,95.0,47.1,0
7,NH-102 Moreh Border,Manipur,0.1,1.0,5.8,11.6,23.2,True,1,0,1,1,74.1,482.3,12.0,0,0.0,13.7,0
7,NH-102 Moreh Border,Manipur,6.6,27.5,0.1,0.2,0.5,True,2,0,2,0,50.9,988.2,18.5,0,0.0,16.8,0
7,NH-102 Moreh Border,Manipur,2.2,7.7,4.6,9.2,18.4,False,4,1,3,1,34.2,550.0,11.7,0,0.0,11.0,0
10,NH-08 Tripura Central,Tripura,2.9,22.2,5.5,11.1,22.1,False,0,0,0,0,53.8,139.6,2.0,0,0.0,12.9,0
12,NH-27S Haflong Hill,Assam,8.1,28.9,16.7,27.8,59.7,False,3,1,2,0,49.7,1116.6,27.3,2,45.0,31.9,0
9,NH-54 Aizawl Ridge,Mizoram,2.3,11.9,1.6,3.2,6.3,False,2,2,0,0,39.2,1365.1,27.1,1,75.0,36.4,1
12,NH-27S Haflong Hill,Assam,6.7,34.5,42.5,77.9,136.6,True,5,2,3,1,61.0,1150.2,19.7,4,45.0,35.3,1
8,NH-29 Kohima Mountain,Nagaland,1.0,5.5,8.7,18.1,27.8,True,4,1,3,3,50.7,1410.5,39.1,3,45.0,29.8,1
10,NH-08 Tripura Central,Tripura,3.2,19.5,3.3,6.6,13.2,False,0,0,0,1,20.0,50.0,6.8,0,0.0,8.2,0
1,NH-27 Assam Arterial,Assam,18.0,53.1,15.5,27.6,64.3,True,4,2,2,1,55.0,50.0,4.3,1,75.0,42.5,0
5,SH-05 Cherrapunjee Highland,Meghalaya,0.5,1.7,0.2,0.3,0.6,False,12,8,4,2,69.1,1048.8,37.1,0,0.0,34.1,1
12,NH-27S Haflong Hill,Assam,24.8,71.3,8.6,12.6,29.2,True,5,2,3,0,39.8,651.5,29.2,2,45.0,41.3,0
11,NH-10 Teesta River Canyon,Sikkim,22.4,89.4,4.3,10.5,21.2,True,6,6,0,1,22.1,1535.5,42.3,0,0.0,41.7,1
8,NH-29 Kohima Mountain,Nagaland,1.2,7.3,3.9,7.9,15.7,False,7,1,6,2,53.3,1697.0,27.1,0,0.0,16.9,0
12,NH-27S Haflong Hill,Assam,1.6,7.3,2.3,4.7,9.4,False,6,5,1,0,50.3,829.8,20.6,3,95.0,46.9,1
3,NH-229 Sela Pass,Arunachal Pradesh,0.5,2.7,0.2,0.4,0.8,False,9,2,7,2,58.5,3870.6,36.0,0,0.0,20.5,1
9,NH-54 Aizawl Ridge,Mizoram,0.5,2.4,2.4,4.8,9.7,False,3,2,1,0,76.0,1278.7,29.3,0,0.0,21.7,0
7,NH-102 Moreh Border,Manipur,7.2,45.9,2.9,6.1,10.3,True,2,2,0,0,22.9,1019.7,3.1,0,0.0,17.2,0
12,NH-27S Haflong Hill,Assam,1.1,4.5,0.2,0.4,0.9,False,4,4,0,4,54.7,686.2,31.4,0,0.0,23.4,1
4,NH-06 Meghalaya Corridor,Meghalaya,9.6,54.4,24.9,43.6,65.7,False,3,3,0,1,39.0,1462.0,29.8,0,0.0,28.7,0
4,NH-06 Meghalaya Corridor,Meghalaya,2.3,16.3,0.9,1.7,3.5,False,5,2,3,2,48.2,1150.0,17.8,0,0.0,18.0,1
7,NH-102 Moreh Border,Manipur,3.3,20.2,10.4,20.2,45.7,False,3,3,0,0,41.7,661.3,27.7,1,75.0,40.6,0
3,NH-229 Sela Pass,Arunachal Pradesh,1.2,10.8,0.1,0.3,0.6,False,2,2,0,1,84.9,3970.2,43.8,0,0.0,27.7,1
7,NH-102 Moreh Border,Manipur,0.5,2.3,3.6,7.3,14.6,False,2,2,0,0,49.6,545.8,23.2,0,0.0,16.5,0
11,NH-10 Teesta River Canyon,Sikkim,18.0,58.9,26.5,46.5,92.7,True,9,5,4,3,35.2,1705.0,45.9,1,75.0,55.0,1
4,NH-06 Meghalaya Corridor,Meghalaya,12.1,71.4,10.6,17.2,26.1,False,4,1,3,1,49.1,1709.9,22.0,0,0.0,28.0,0
10,NH-08 Tripura Central,Tripura,1.4,10.3,14.5,22.5,39.1,False,2,2,0,1,51.2,50.0,10.9,0,0.0,15.9,0
9,NH-54 Aizawl Ridge,Mizoram,3.7,19.5,0.9,1.5,3.6,False,5,1,4,4,61.9,1257.4,37.0,4,95.0,46.3,1
12,NH-27S Haflong Hill,Assam,0.2,1.1,4.0,8.6,20.1,False,5,2,3,1,62.4,706.7,22.8,4,45.0,29.4,1
1,NH-27 Assam Arterial,Assam,0.9,3.8,1.6,3.2,6.3,False,2,1,1,2,40.3,50.0,4.9,4,75.0,28.5,1
6,NH-02 Imphal Lifeline,Manipur,68.5,250.7,11.9,25.9,42.5,True,3,3,0,0,56.7,1092.4,28.1,0,0.0,50.1,1
5,SH-05 Cherrapunjee Highland,Meghalaya,4.6,16.3,16.5,27.1,42.5,False,7,1,6,4,53.2,1435.3,35.9,0,0.0,20.4,1
10,NH-08 Tripura Central,Tripura,4.2,18.1,44.1,86.6,145.2,True,2,1,1,0,17.1,76.7,15.7,0,0.0,11.3,0
7,NH-102 Moreh Border,Manipur,1.2,10.2,0.1,0.2,0.4,True,5,2,3,0,25.1,684.3,26.1,0,0.0,15.0,0
8,NH-29 Kohima Mountain,Nagaland,0.0,0.3,7.2,14.3,28.6,False,3,2,1,2,88.4,1672.7,33.2,0,0.0,24.0,0
2,NH-13 Trans-Arunachal,Arunachal Pradesh,2.5,7.8,1.2,2.7,5.8,False,12,1,11,0,73.3,1826.1,33.7,0,0.0,21.3,0
3,NH-229 Sela Pass,Arunachal Pradesh,1.5,14.7,0.0,0.0,0.1,False,9,9,0,1,53.4,3740.5,36.9,0,0.0,36.3,0
9,NH-54 Aizawl Ridge,Mizoram,1.8,14.0,13.1,21.1,48.2,False,5,1,4,2,38.3,1329.5,31.9,3,75.0,35.7,1
6,NH-02 Imphal Lifeline,Manipur,2.0,14.8,0.4,0.9,1.8,False,2,2,0,1,35.4,1124.0,17.5,0,0.0,15.8,0
11,NH-10 Teesta River Canyon,Sikkim,14.1,72.1,5.8,8.6,21.2,False,10,5,5,1,36.8,1884.4,47.8,4,95.0,63.3,1
8,NH-29 Kohima Mountain,Nagaland,0.3,1.1,9.2,16.3,30.3,False,3,0,3,2,100.0,1480.9,37.3,2,45.0,33.9,1
1,NH-27 Assam Arterial,Assam,22.5,58.0,13.2,27.9,43.9,False,4,1,3,1,33.4,50.0,2.0,2,45.0,30.3,0
2,NH-13 Trans-Arunachal,Arunachal Pradesh,6.4,25.1,10.9,19.5,42.1,False,6,4,2,0,36.5,1883.0,27.8,0,0.0,24.1,0
11,NH-10 Teesta River Canyon,Sikkim,26.7,70.9,5.0,7.2,17.1,False,8,7,1,2,79.9,1814.2,50.6,1,45.0,61.4,1
12,NH-27S Haflong Hill,Assam,29.6,81.1,0.3,0.6,1.1,True,4,2,2,2,75.9,905.6,19.0,2,75.0,54.1,1
11,NH-10 Teesta River Canyon,Sikkim,34.8,108.5,4.3,8.8,17.7,True,13,5,8,1,44.8,1793.7,51.4,3,45.0,59.7,1
10,NH-08 Tripura Central,Tripura,0.6,2.3,1.2,2.4,4.7,False,2,2,0,0,38.6,50.0,6.8,0,0.0,11.6,0
3,NH-229 Sela Pass,Arunachal Pradesh,5.3,24.6,21.2,50.1,93.0,True,10,5,5,1,61.7,3803.2,29.1,0,0.0,30.0,1
8,NH-29 Kohima Mountain,Nagaland,0.4,1.3,2.6,5.3,10.5,False,6,4,2,3,85.1,1853.7,29.1,0,0.0,26.8,0
1,NH-27 Assam Arterial,Assam,10.7,55.2,29.4,48.4,117.5,True,2,0,2,0,70.7,353.7,5.9,2,45.0,34.1,0
8,NH-29 Kohima Mountain,Nagaland,2.8,11.0,6.0,11.9,23.9,False,2,2,0,1,49.1,1509.9,27.1,0,0.0,19.0,0
2,NH-13 Trans-Arunachal,Arunachal Pradesh,1.7,7.2,3.5,7.1,14.2,False,8,3,5,2,68.2,1528.6,42.1,0,0.0,26.1,0
4,NH-06 Meghalaya Corridor,Meghalaya,21.0,86.0,16.0,38.2,68.1,True,1,1,0,2,59.8,1270.2,27.6,0,0.0,33.7,1
1,NH-27 Assam Arterial,Assam,0.8,4.2,7.7,15.4,30.9,False,1,0,1,1,94.0,201.1,4.9,0,0.0,15.9,0
7,NH-102 Moreh Border,Manipur,1.5,9.2,3.1,4.8,8.7,False,3,0,3,1,31.6,580.2,17.3,1,45.0,21.3,0
10,NH-08 Tripura Central,Tripura,0.0,0.2,1.0,2.0,4.0,False,3,1,2,0,75.0,230.5,5.9,4,45.0,25.7,0
1,NH-27 Assam Arterial,Assam,10.7,82.5,37.0,55.5,128.5,True,2,0,2,0,58.2,50.0,6.7,1,75.0,45.3,1
12,NH-27S Haflong Hill,Assam,0.3,1.2,0.2,0.4,0.8,False,5,2,3,3,59.7,757.7,33.7,0,0.0,19.9,0
2,NH-13 Trans-Arunachal,Arunachal Pradesh,20.4,58.8,9.6,16.3,31.3,False,4,4,0,1,58.1,1751.5,31.9,0,0.0,34.9,0
2,NH-13 Trans-Arunachal,Arunachal Pradesh,8.9,32.2,1.9,3.8,7.6,False,6,1,5,1,69.8,1669.7,30.7,0,0.0,25.1,1
4,NH-06 Meghalaya Corridor,Meghalaya,2.9,13.1,2.2,4.5,9.0,False,3,2,1,1,77.6,1603.1,23.3,1,75.0,41.7,0
12,NH-27S Haflong Hill,Assam,2.6,18.7,3.6,5.5,13.7,False,2,2,0,2,20.0,631.7,24.0,3,95.0,39.3,0
6,NH-02 Imphal Lifeline,Manipur,6.0,22.1,1.3,2.5,5.1,False,4,2,2,1,44.8,1018.4,25.5,0,0.0,20.3,0
3,NH-229 Sela Pass,Arunachal Pradesh,2.6,6.9,21.6,50.8,98.3,True,8,7,1,1,49.0,3996.3,41.6,2,95.0,54.8,0
10,NH-08 Tripura Central,Tripura,8.9,22.8,4.6,10.8,20.4,False,3,3,0,1,43.7,50.0,10.9,0,0.0,19.3,1
11,NH-10 Teesta River Canyon,Sikkim,4.8,44.0,11.0,27.1,44.0,False,14,9,5,0,70.3,1705.3,52.1,0,0.0,47.3,1
12,NH-27S Haflong Hill,Assam,2.7,19.6,49.2,111.5,162.3,True,3,3,0,2,36.3,721.3,20.7,0,0.0,19.5,0
5,SH-05 Cherrapunjee Highland,Meghalaya,0.7,4.4,0.2,0.5,1.0,True,5,4,1,1,72.1,1351.4,43.6,3,75.0,47.2,1
1,NH-27 Assam Arterial,Assam,5.7,19.0,22.7,44.2,106.9,True,1,0,1,1,39.3,315.5,6.1,0,0.0,10.9,0
9,NH-54 Aizawl Ridge,Mizoram,28.3,108.6,0.5,0.9,1.3,True,4,4,0,3,43.2,1170.8,32.1,0,0.0,42.6,1
6,NH-02 Imphal Lifeline,Manipur,1.4,6.1,5.6,11.1,22.3,False,3,2,1,2,54.8,1044.2,13.3,0,0.0,16.1,0
7,NH-102 Moreh Border,Manipur,1.0,8.9,0.6,1.1,2.3,False,3,2,1,0,45.5,621.1,21.4,4,45.0,28.1,1
7,NH-102 Moreh Border,Manipur,43.7,123.5,0.4,0.9,1.5,True,2,2,0,0,50.0,805.2,11.8,0,0.0,38.6,1
5,SH-05 Cherrapunjee Highland,Meghalaya,8.2,64.1,4.9,10.1,16.9,True,4,2,2,0,62.3,1225.8,34.4,1,45.0,44.3,0
6,NH-02 Imphal Lifeline,Manipur,0.2,1.4,20.4,34.9,58.0,False,5,4,1,2,27.5,1019.9,26.3,0,0.0,17.7,1
12,NH-27S Haflong Hill,Assam,5.6,24.7,7.7,15.4,30.8,False,4,4,0,0,57.9,1088.8,27.9,0,0.0,27.2,1
4,NH-06 Meghalaya Corridor,Meghalaya,13.1,41.3,10.1,22.6,37.2,True,4,4,0,0,55.4,1319.1,26.8,0,0.0,29.9,0
9,NH-54 Aizawl Ridge,Mizoram,21.5,59.9,1.5,2.5,4.2,False,5,3,2,1,47.2,1163.2,30.6,1,75.0,49.9,0
1,NH-27 Assam Arterial,Assam,9.0,82.7,4.3,6.7,10.8,True,1,0,1,0,71.8,50.0,10.7,2,95.0,53.2,1
12,NH-27S Haflong Hill,Assam,31.3,88.0,21.5,42.6,66.3,True,4,3,1,1,60.9,857.2,34.1,0,0.0,39.6,0
4,NH-06 Meghalaya Corridor,Meghalaya,1.0,5.5,0.8,1.5,3.1,False,3,0,3,4,37.5,1574.4,13.9,3,45.0,20.8,0
2,NH-13 Trans-Arunachal,Arunachal Pradesh,0.2,0.7,0.5,1.0,1.9,False,4,2,2,2,35.2,1908.2,38.3,0,0.0,17.1,0
3,NH-229 Sela Pass,Arunachal Pradesh,24.7,77.2,2.5,5.3,10.5,True,6,3,3,0,77.4,3726.0,43.5,4,45.0,53.0,1
9,NH-54 Aizawl Ridge,Mizoram,2.9,11.6,0.9,1.7,3.4,False,4,4,0,0,38.4,1354.1,28.1,0,0.0,21.7,1
8,NH-29 Kohima Mountain,Nagaland,48.4,168.9,3.7,6.8,12.0,True,9,5,4,0,74.1,1632.1,24.6,2,95.0,79.8,1
10,NH-08 Tripura Central,Tripura,27.5,74.0,50.4,106.5,170.3,True,2,1,1,0,73.8,50.0,5.0,1,95.0,52.6,1
2,NH-13 Trans-Arunachal,Arunachal Pradesh,1.0,5.7,0.4,0.7,1.5,False,9,5,4,0,75.9,2056.2,35.7,0,0.0,29.7,0
11,NH-10 Teesta River Canyon,Sikkim,0.5,2.7,1.9,3.7,7.4,False,19,5,14,1,48.3,1620.8,49.4,4,95.0,51.4,1
8,NH-29 Kohima Mountain,Nagaland,1.9,10.8,2.5,5.0,9.9,False,5,3,2,1,38.9,1561.7,29.7,0,0.0,19.9,0
11,NH-10 Teesta River Canyon,Sikkim,5.2,27.3,75.0,109.2,177.1,True,11,4,7,6,44.7,1827.1,38.7,0,0.0,27.9,1
5,SH-05 Cherrapunjee Highland,Meghalaya,0.3,1.7,3.5,7.1,14.1,False,4,4,0,4,70.7,1367.2,32.0,0,0.0,25.4,1
3,NH-229 Sela Pass,Arunachal Pradesh,10.6,46.3,9.3,15.0,23.5,False,7,7,0,3,49.5,3897.1,46.1,0,0.0,39.9,0
3,NH-229 Sela Pass,Arunachal Pradesh,14.5,70.3,1.4,2.8,4.8,False,6,5,1,1,76.1,3827.9,43.6,0,0.0,44.2,1
8,NH-29 Kohima Mountain,Nagaland,1.2,3.5,0.9,1.8,4.1,False,3,3,0,1,43.5,1769.1,40.6,0,0.0,21.3,1
2,NH-13 Trans-Arunachal,Arunachal Pradesh,1.5,5.0,3.2,6.5,13.0,False,10,3,7,1,44.9,1950.3,27.2,0,0.0,19.2,0
9,NH-54 Aizawl Ridge,Mizoram,5.2,16.9,51.8,96.0,207.9,True,5,3,2,1,34.3,1511.3,37.0,0,0.0,21.9,0
4,NH-06 Meghalaya Corridor,Meghalaya,3.2,18.3,13.1,23.6,55.8,True,2,2,0,1,25.1,1527.9,29.8,4,95.0,41.1,1
3,NH-229 Sela Pass,Arunachal Pradesh,0.4,1.9,5.9,11.9,23.7,False,5,5,0,5,74.4,3777.9,36.0,0,0.0,28.7,0
11,NH-10 Teesta River Canyon,Sikkim,47.2,130.6,5.2,10.1,16.4,True,12,4,8,2,28.2,1717.6,38.8,3,75.0,64.9,1
5,SH-05 Cherrapunjee Highland,Meghalaya,9.2,24.7,18.0,35.5,69.9,False,7,4,3,2,55.4,1065.3,34.6,2,75.0,46.9,1
12,NH-27S Haflong Hill,Assam,35.6,163.0,8.8,12.9,28.8,True,6,5,1,0,58.9,920.0,30.8,0,0.0,55.0,1
7,NH-102 Moreh Border,Manipur,6.1,29.5,3.6,5.8,14.1,False,0,0,0,0,47.1,334.5,19.0,4,95.0,40.5,1
7,NH-102 Moreh Border,Manipur,0.1,0.6,23.9,52.3,79.0,False,0,0,0,0,35.0,621.9,14.8,0,0.0,8.3,0
1,NH-27 Assam Arterial,Assam,0.9,4.6,0.4,0.8,1.5,False,1,0,1,0,55.5,140.6,7.0,0,0.0,10.7,0
6,NH-02 Imphal Lifeline,Manipur,8.6,35.3,11.8,27.8,67.4,False,4,2,2,1,41.4,867.8,20.0,2,75.0,40.0,0
10,NH-08 Tripura Central,Tripura,5.3,40.2,1.0,2.0,5.0,False,3,0,3,0,49.7,50.0,11.4,2,45.0,29.0,1
12,NH-27S Haflong Hill,Assam,28.8,102.2,45.8,72.5,127.3,True,2,2,0,1,77.3,738.9,27.4,0,0.0,41.5,1
1,NH-27 Assam Arterial,Assam,2.6,13.6,2.6,5.2,10.4,False,2,1,1,1,54.4,246.8,4.4,0,0.0,13.8,0
4,NH-06 Meghalaya Corridor,Meghalaya,20.8,141.7,4.9,10.0,20.4,True,3,2,1,0,55.2,1592.1,23.3,0,0.0,45.3,1
2,NH-13 Trans-Arunachal,Arunachal Pradesh,27.0,104.4,4.7,7.7,16.8,True,4,2,2,2,59.5,1785.4,35.0,3,75.0,59.5,1
5,SH-05 Cherrapunjee Highland,Meghalaya,0.0,0.0,24.2,36.9,80.9,True,3,3,0,3,33.7,1154.0,41.0,0,0.0,19.3,1
12,NH-27S Haflong Hill,Assam,11.3,31.4,4.9,11.8,25.9,True,5,1,4,1,37.6,553.6,30.1,3,45.0,31.2,0
9,NH-54 Aizawl Ridge,Mizoram,3.5,14.9,11.5,19.5,33.0,False,4,1,3,1,74.8,1270.2,29.8,3,45.0,33.4,0
5,SH-05 Cherrapunjee Highland,Meghalaya,3.0,24.0,0.3,0.7,1.3,False,6,3,3,2,52.2,1333.6,29.6,0,0.0,24.6,0
12,NH-27S Haflong Hill,Assam,2.8,13.7,1.8,3.6,7.3,False,5,3,2,1,40.2,564.4,9.6,0,0.0,16.7,0
8,NH-29 Kohima Mountain,Nagaland,0.2,1.4,0.1,0.2,0.4,False,2,2,0,1,89.2,1461.9,29.0,0,0.0,23.4,1
6,NH-02 Imphal Lifeline,Manipur,3.5,20.6,30.5,50.5,112.5,True,2,2,0,1,14.0,1023.8,33.9,0,0.0,17.0,0
5,SH-05 Cherrapunjee Highland,Meghalaya,1.0,5.0,11.0,21.9,43.9,False,3,3,0,3,41.2,1360.0,42.4,4,75.0,40.4,1
8,NH-29 Kohima Mountain,Nagaland,0.3,2.7,3.1,6.2,12.4,False,4,1,3,1,38.2,1655.8,25.6,3,45.0,24.6,1
7,NH-102 Moreh Border,Manipur,4.1,18.8,2.4,4.7,9.4,False,8,1,7,1,41.1,605.7,17.6,0,0.0,15.5,0
9,NH-54 Aizawl Ridge,Mizoram,3.3,9.1,5.7,11.6,17.8,False,4,3,1,0,27.8,1334.2,23.0,0,0.0,16.6,0
10,NH-08 Tripura Central,Tripura,19.8,50.3,3.5,6.0,12.1,False,0,0,0,1,51.5,286.6,3.8,2,45.0,29.8,0
2,NH-13 Trans-Arunachal,Arunachal Pradesh,7.0,29.7,9.9,15.8,32.0,False,1,1,0,1,63.0,1920.7,34.1,0,0.0,24.2,1
2,NH-13 Trans-Arunachal,Arunachal Pradesh,0.9,3.3,0.2,0.3,0.7,False,6,4,2,1,62.7,1647.1,45.8,0,0.0,27.2,0
12,NH-27S Haflong Hill,Assam,21.6,60.2,35.3,60.2,130.5,True,5,2,3,0,35.8,1072.5,26.7,2,75.0,45.5,1
6,NH-02 Imphal Lifeline,Manipur,0.7,5.5,4.0,6.0,10.1,False,6,0,6,1,55.0,885.8,31.3,0,0.0,15.6,0
1,NH-27 Assam Arterial,Assam,15.7,59.5,1.9,4.6,8.8,False,1,1,0,0,54.2,106.3,3.9,0,0.0,22.8,0
1,NH-27 Assam Arterial,Assam,16.2,50.5,6.3,12.9,28.7,False,2,0,2,0,61.7,117.8,2.0,2,95.0,43.5,0
6,NH-02 Imphal Lifeline,Manipur,12.9,35.3,10.3,23.1,38.9,False,1,1,0,0,58.5,914.1,23.3,3,75.0,41.2,0
12,NH-27S Haflong Hill,Assam,0.2,0.8,0.3,0.6,1.1,False,4,4,0,4,42.0,980.7,27.6,0,0.0,20.0,1
3,NH-229 Sela Pass,Arunachal Pradesh,1.3,6.3,24.1,45.0,71.1,False,12,2,10,3,56.0,4172.9,34.9,0,0.0,20.6,1
3,NH-229 Sela Pass,Arunachal Pradesh,13.3,33.3,39.2,67.8,137.6,True,7,7,0,2,41.0,3900.6,36.4,0,0.0,34.1,1
6,NH-02 Imphal Lifeline,Manipur,0.4,3.5,3.1,6.3,12.6,False,5,2,3,3,31.0,1037.3,22.3,2,95.0,37.6,1
5,SH-05 Cherrapunjee Highland,Meghalaya,13.8,42.5,14.1,29.1,51.6,False,7,5,2,1,74.5,1138.7,43.2,0,0.0,38.3,1
8,NH-29 Kohima Mountain,Nagaland,12.0,112.6,42.1,72.7,110.8,True,5,5,0,0,53.3,1587.5,33.1,0,0.0,47.1,1
12,NH-27S Haflong Hill,Assam,3.2,12.7,0.8,1.6,3.2,False,7,2,5,2,33.8,1025.7,32.1,4,95.0,41.8,1
4,NH-06 Meghalaya Corridor,Meghalaya,1.7,6.4,10.5,21.1,42.1,False,2,0,2,1,53.8,1379.3,18.6,2,45.0,24.3,0
10,NH-08 Tripura Central,Tripura,0.5,2.4,0.2,0.4,0.8,False,4,1,3,0,27.2,50.0,3.0,0,0.0,7.1,1
8,NH-29 Kohima Mountain,Nagaland,0.7,3.8,5.1,10.2,20.4,False,3,3,0,1,47.3,1677.2,35.4,0,0.0,21.0,0
4,NH-06 Meghalaya Corridor,Meghalaya,0.6,2.4,1.5,3.0,5.9,False,4,3,1,1,25.8,1293.8,30.8,0,0.0,16.5,0
2,NH-13 Trans-Arunachal,Arunachal Pradesh,1.6,9.2,3.4,6.9,13.8,True,4,4,0,2,46.4,1831.8,26.1,0,0.0,22.0,0
2,NH-13 Trans-Arunachal,Arunachal Pradesh,13.7,42.0,12.1,26.3,56.3,False,3,3,0,0,60.3,1718.8,42.0,0,0.0,31.8,1
11,NH-10 Teesta River Canyon,Sikkim,3.6,18.0,37.6,67.3,165.0,True,4,4,0,3,55.7,1532.8,37.6,0,0.0,27.5,1
11,NH-10 Teesta River Canyon,Sikkim,1.6,11.2,1.0,2.0,3.9,False,1,1,0,4,84.8,1892.8,49.0,3,75.0,45.5,0
6,NH-02 Imphal Lifeline,Manipur,5.3,38.6,5.5,9.9,21.0,False,3,3,0,0,77.6,837.6,22.3,1,45.0,41.1,1
3,NH-229 Sela Pass,Arunachal Pradesh,22.1,56.7,47.6,86.0,141.6,True,7,0,7,1,88.2,3910.8,51.1,1,75.0,53.3,1
4,NH-06 Meghalaya Corridor,Meghalaya,0.3,2.3,4.1,8.1,16.3,False,3,3,0,1,39.2,1286.3,17.8,0,0.0,15.9,0
3,NH-229 Sela Pass,Arunachal Pradesh,7.1,20.3,13.9,24.2,55.9,True,6,6,0,0,59.0,3987.1,44.1,2,95.0,57.5,0
11,NH-10 Teesta River Canyon,Sikkim,14.9,104.1,15.7,29.3,64.9,True,13,3,10,5,84.5,1748.0,45.0,0,0.0,48.5,1
3,NH-229 Sela Pass,Arunachal Pradesh,3.5,33.3,0.2,0.5,0.8,False,8,3,5,2,17.6,4001.3,46.5,3,75.0,43.4,0
5,SH-05 Cherrapunjee Highland,Meghalaya,1.8,6.5,1.6,3.3,6.6,True,6,3,3,1,72.8,1111.3,41.5,1,45.0,37.8,0
1,NH-27 Assam Arterial,Assam,1.1,5.5,1.1,2.2,4.4,False,1,1,0,1,78.8,226.8,2.2,0,0.0,15.4,0
10,NH-08 Tripura Central,Tripura,1.2,5.1,0.1,0.2,0.3,False,0,0,0,0,47.8,121.7,2.0,3,75.0,27.3,0
2,NH-13 Trans-Arunachal,Arunachal Pradesh,36.2,97.3,16.1,24.8,47.3,True,6,2,4,1,47.4,1696.6,33.7,4,45.0,48.6,1
7,NH-102 Moreh Border,Manipur,0.6,2.6,2.3,4.6,9.2,False,2,1,1,0,26.8,565.6,15.6,1,75.0,28.4,0
8,NH-29 Kohima Mountain,Nagaland,4.9,16.7,3.8,7.7,15.4,False,8,4,4,2,41.5,1483.6,43.6,0,0.0,26.3,0
10,NH-08 Tripura Central,Tripura,0.3,2.2,2.0,4.0,8.0,False,2,2,0,1,18.2,156.3,5.0,0,0.0,8.2,0
10,NH-08 Tripura Central,Tripura,3.4,12.0,13.5,27.7,53.1,False,1,0,1,0,48.4,329.5,15.9,2,45.0,24.1,1
2,NH-13 Trans-Arunachal,Arunachal Pradesh,1.2,10.0,2.7,5.5,10.9,False,6,1,5,0,41.4,1833.5,31.7,0,0.0,16.5,0
4,NH-06 Meghalaya Corridor,Meghalaya,19.8,78.3,36.9,64.1,102.3,True,5,1,4,2,66.4,1624.6,28.1,3,75.0,52.0,1
8,NH-29 Kohima Mountain,Nagaland,3.9,17.8,1.4,2.8,5.6,False,0,0,0,1,49.9,1514.4,36.5,0,0.0,18.3,0
3,NH-229 Sela Pass,Arunachal Pradesh,16.0,45.7,23.1,35.0,75.5,False,8,4,4,3,38.2,3970.4,50.2,1,45.0,44.1,0
7,NH-102 Moreh Border,Manipur,0.9,3.4,3.7,7.5,14.9,False,1,1,0,0,41.6,728.2,15.8,0,0.0,12.1,1
11,NH-10 Teesta River Canyon,Sikkim,7.1,22.8,53.4,112.9,244.3,True,8,6,2,2,96.4,1657.9,41.9,0,0.0,39.4,1
6,NH-02 Imphal Lifeline,Manipur,4.2,34.4,60.1,102.6,168.6,True,5,5,0,0,54.2,1026.0,25.3,3,75.0,48.8,1
10,NH-08 Tripura Central,Tripura,0.6,2.1,4.1,8.0,14.1,False,3,1,2,1,51.2,138.8,10.4,3,45.0,23.4,0
2,NH-13 Trans-Arunachal,Arunachal Pradesh,0.4,1.9,0.1,0.2,0.5,False,3,3,0,2,65.8,1703.7,28.0,0,0.0,21.9,0
3,NH-229 Sela Pass,Arunachal Pradesh,9.3,62.4,8.8,13.6,32.4,False,9,9,0,1,52.8,3604.0,44.2,4,75.0,66.0,1
11,NH-10 Teesta River Canyon,Sikkim,0.0,0.2,0.5,0.9,1.8,False,6,4,2,2,49.5,1912.5,48.8,3,75.0,44.0,1
1,NH-27 Assam Arterial,Assam,0.8,3.0,3.4,6.9,13.7,False,1,1,0,0,51.4,50.0,2.0,0,0.0,10.7,0
2,NH-13 Trans-Arunachal,Arunachal Pradesh,26.6,98.7,13.4,22.5,53.9,True,4,4,0,3,49.0,1823.2,30.3,0,0.0,41.1,1
6,NH-02 Imphal Lifeline,Manipur,21.6,164.2,63.2,140.0,319.8,True,5,3,2,0,35.2,967.9,34.9,1,95.0,72.0,1
9,NH-54 Aizawl Ridge,Mizoram,1.9,9.3,17.3,36.1,58.1,False,9,5,4,2,85.3,1356.4,28.8,0,0.0,30.4,0
3,NH-229 Sela Pass,Arunachal Pradesh,2.0,9.6,0.4,0.7,1.4,False,11,5,6,2,46.0,3777.1,44.4,3,75.0,46.4,1
3,NH-229 Sela Pass,Arunachal Pradesh,8.4,51.6,4.0,10.0,23.1,False,7,3,4,4,43.0,3996.8,34.8,3,75.0,48.5,1
12,NH-27S Haflong Hill,Assam,1.0,3.5,0.3,0.7,1.3,False,6,1,5,1,44.6,836.5,37.5,0,0.0,16.9,1
3,NH-229 Sela Pass,Arunachal Pradesh,1.9,9.7,2.4,4.7,9.5,False,9,4,5,2,78.2,4002.2,37.2,2,45.0,40.4,0
10,NH-08 Tripura Central,Tripura,68.0,180.8,3.2,4.9,7.3,True,2,0,2,0,33.7,162.0,14.6,1,75.0,56.7,0
7,NH-102 Moreh Border,Manipur,6.6,53.9,17.5,38.4,61.9,False,1,1,0,1,32.3,520.0,17.8,0,0.0,21.2,0
8,NH-29 Kohima Mountain,Nagaland,10.8,60.5,0.9,1.4,2.3,False,3,3,0,2,62.4,1679.3,30.7,1,45.0,44.9,1
9,NH-54 Aizawl Ridge,Mizoram,0.0,0.1,0.2,0.4,0.8,False,6,2,4,0,28.9,1160.2,25.5,0,0.0,13.5,0
2,NH-13 Trans-Arunachal,Arunachal Pradesh,6.5,26.2,5.2,7.9,12.4,False,4,0,4,0,35.8,1917.8,43.3,2,75.0,38.0,0
4,NH-06 Meghalaya Corridor,Meghalaya,3.6,21.3,6.6,10.5,17.5,True,2,1,1,1,68.2,1563.1,29.7,2,45.0,33.7,1
6,NH-02 Imphal Lifeline,Manipur,5.9,45.5,13.7,22.9,34.9,False,4,2,2,1,61.0,1069.2,21.0,4,45.0,37.7,1
12,NH-27S Haflong Hill,Assam,0.3,1.4,21.1,41.0,95.1,True,3,3,0,1,44.2,767.2,34.9,0,0.0,19.9,1
3,NH-229 Sela Pass,Arunachal Pradesh,3.2,21.2,2.5,5.0,9.9,False,12,4,8,3,90.6,3916.0,47.1,1,95.0,59.0,0
9,NH-54 Aizawl Ridge,Mizoram,1.0,4.6,56.2,82.6,132.8,True,5,5,0,1,61.8,1131.8,34.1,0,0.0,27.0,0
11,NH-10 Teesta River Canyon,Sikkim,15.8,43.9,4.1,6.0,8.7,False,6,3,3,3,76.5,1691.8,41.4,4,75.0,53.3,1
12,NH-27S Haflong Hill,Assam,12.6,38.7,39.3,71.6,105.7,True,3,3,0,0,56.7,869.3,31.9,1,75.0,47.4,1
5,SH-05 Cherrapunjee Highland,Meghalaya,13.0,49.8,0.9,1.7,2.8,False,7,7,0,1,64.9,1076.8,47.7,4,45.0,54.5,0
4,NH-06 Meghalaya Corridor,Meghalaya,74.8,313.0,0.3,0.7,1.7,True,1,1,0,1,59.4,1419.1,17.0,3,95.0,68.1,1
11,NH-10 Teesta River Canyon,Sikkim,11.5,39.9,0.8,1.5,2.6,False,9,8,1,2,61.9,1606.4,47.5,1,45.0,54.0,0
5,SH-05 Cherrapunjee Highland,Meghalaya,1.1,9.4,0.4,0.7,1.4,False,11,2,9,1,57.4,1201.4,36.9,0,0.0,21.9,0
6,NH-02 Imphal Lifeline,Manipur,7.4,23.6,4.4,9.2,18.7,False,5,0,5,2,40.4,1129.4,21.0,0,0.0,15.0,1
2,NH-13 Trans-Arunachal,Arunachal Pradesh,1.1,6.7,15.2,30.4,60.8,False,2,2,0,0,59.1,1677.2,40.1,0,0.0,22.2,1
7,NH-102 Moreh Border,Manipur,1.3,7.1,2.2,4.3,8.6,False,1,1,0,1,59.3,940.0,9.2,0,0.0,14.1,0
9,NH-54 Aizawl Ridge,Mizoram,1.6,5.9,4.7,9.4,18.8,False,5,4,1,2,72.6,1128.3,25.1,0,0.0,25.1,0
11,NH-10 Teesta River Canyon,Sikkim,24.9,88.2,7.8,12.6,24.8,True,8,5,3,2,100.0,1894.7,50.3,1,45.0,63.9,1
2,NH-13 Trans-Arunachal,Arunachal Pradesh,1.1,4.4,3.7,7.5,15.0,False,7,3,4,1,53.6,1799.8,34.7,0,0.0,21.8,0
10,NH-08 Tripura Central,Tripura,13.9,111.8,35.9,79.0,191.3,True,1,0,1,3,51.2,55.1,12.0,1,95.0,56.2,1
8,NH-29 Kohima Mountain,Nagaland,4.4,16.0,2.5,5.0,10.0,False,6,4,2,2,58.9,1649.3,43.3,0,0.0,28.7,0
11,NH-10 Teesta River Canyon,Sikkim,2.9,24.3,0.4,0.9,1.7,False,9,8,1,0,52.8,1817.2,53.9,0,0.0,38.8,1
3,NH-229 Sela Pass,Arunachal Pradesh,22.4,59.1,26.5,50.8,93.6,True,6,1,5,2,57.0,3780.6,40.6,0,0.0,30.5,1
7,NH-102 Moreh Border,Manipur,3.9,23.7,0.0,0.1,0.1,False,2,0,2,3,19.0,726.1,15.5,0,0.0,10.7,0
11,NH-10 Teesta River Canyon,Sikkim,1.1,6.7,15.6,26.1,55.2,False,7,7,0,2,58.6,1654.1,43.6,4,75.0,51.6,0
6,NH-02 Imphal Lifeline,Manipur,1.7,16.6,4.4,9.4,22.1,False,3,3,0,0,48.5,1012.3,23.5,2,95.0,45.0,1
9,NH-54 Aizawl Ridge,Mizoram,0.4,1.6,8.1,16.2,32.5,False,5,3,2,0,45.2,1240.4,33.0,0,0.0,19.7,0
3,NH-229 Sela Pass,Arunachal Pradesh,0.8,3.1,0.5,0.9,1.9,False,11,5,6,2,68.5,3655.2,24.9,0,0.0,25.9,0
12,NH-27S Haflong Hill,Assam,2.3,14.4,0.2,0.4,0.7,False,6,5,1,1,51.9,603.5,29.3,0,0.0,26.5,0
12,NH-27S Haflong Hill,Assam,7.5,30.7,22.3,33.2,72.8,False,9,2,7,0,36.4,591.9,25.9,0,0.0,20.8,0
7,NH-102 Moreh Border,Manipur,11.1,70.2,5.6,10.9,17.0,False,2,0,2,0,51.6,813.0,14.2,3,45.0,35.9,0
6,NH-02 Imphal Lifeline,Manipur,3.2,17.0,0.4,0.9,1.7,False,2,2,0,1,27.8,579.8,20.5,0,0.0,15.7,1
10,NH-08 Tripura Central,Tripura,15.1,44.8,0.6,1.3,2.5,False,1,1,0,0,52.6,127.0,9.1,0,0.0,20.7,0
9,NH-54 Aizawl Ridge,Mizoram,15.5,78.0,10.4,19.9,49.5,False,6,4,2,1,73.7,1187.8,31.6,0,0.0,41.0,1
2,NH-13 Trans-Arunachal,Arunachal Pradesh,0.2,1.7,0.2,0.4,0.8,False,1,1,0,2,39.3,1910.7,27.4,0,0.0,13.7,0
3,NH-229 Sela Pass,Arunachal Pradesh,0.8,5.6,3.2,6.4,12.9,False,7,4,3,2,59.7,3618.9,47.2,0,0.0,27.5,0
2,NH-13 Trans-Arunachal,Arunachal Pradesh,1.5,7.2,5.3,10.7,21.3,False,4,4,0,1,55.9,1586.1,34.3,0,0.0,24.7,0
10,NH-08 Tripura Central,Tripura,10.9,76.9,13.5,26.2,58.8,True,1,0,1,0,27.5,319.2,16.7,0,0.0,22.8,0
1,NH-27 Assam Arterial,Assam,13.8,119.5,21.5,36.3,82.1,True,2,0,2,1,53.8,57.5,10.6,3,75.0,52.8,1
4,NH-06 Meghalaya Corridor,Meghalaya,11.4,59.3,3.0,6.0,11.9,False,7,1,6,2,41.8,1307.7,30.8,0,0.0,26.3,1
11,NH-10 Teesta River Canyon,Sikkim,0.9,3.3,2.4,4.9,9.8,False,12,6,6,3,73.3,1639.8,41.3,0,0.0,31.9,0
10,NH-08 Tripura Central,Tripura,5.3,28.9,44.4,82.4,133.3,True,6,0,6,0,18.0,50.0,10.4,2,75.0,29.3,1
9,NH-54 Aizawl Ridge,Mizoram,7.3,20.8,99.5,169.7,248.6,True,5,3,2,2,58.4,1176.9,33.4,0,0.0,25.6,0
7,NH-102 Moreh Border,Manipur,6.3,34.4,0.1,0.1,0.3,False,6,0,6,0,28.8,691.6,19.6,0,0.0,15.1,0
5,SH-05 Cherrapunjee Highland,Meghalaya,4.1,15.6,28.3,63.5,148.1,True,7,5,2,1,77.3,1288.4,43.4,2,95.0,57.1,1
6,NH-02 Imphal Lifeline,Manipur,55.7,162.4,28.3,55.7,137.1,True,1,1,0,2,69.1,1028.4,22.2,0,0.0,46.8,1
12,NH-27S Haflong Hill,Assam,11.8,63.1,0.8,1.7,3.6,False,5,2,3,3,29.3,1168.1,36.8,4,75.0,47.1,1
2,NH-13 Trans-Arunachal,Arunachal Pradesh,4.9,17.4,4.9,9.9,19.8,False,6,5,1,1,77.8,1697.8,33.9,0,0.0,31.9,0
11,NH-10 Teesta River Canyon,Sikkim,1.2,11.3,1.7,3.4,6.8,False,8,5,3,6,56.1,1737.3,43.5,3,95.0,53.1,1
1,NH-27 Assam Arterial,Assam,10.0,38.7,18.2,43.7,76.4,False,3,2,1,0,28.4,205.4,10.9,0,0.0,18.2,1
3,NH-229 Sela Pass,Arunachal Pradesh,2.4,22.2,8.3,13.0,22.8,False,10,1,9,1,81.5,3901.7,41.8,0,0.0,27.0,0
8,NH-29 Kohima Mountain,Nagaland,3.8,13.3,12.8,25.5,51.0,False,14,3,11,1,46.2,1360.3,24.8,0,0.0,20.5,1
12,NH-27S Haflong Hill,Assam,21.7,98.4,35.3,51.8,92.9,True,6,2,4,1,37.6,1061.9,23.2,1,75.0,52.7,0
8,NH-29 Kohima Mountain,Nagaland,8.5,39.3,30.6,59.0,120.7,True,2,2,0,0,46.3,1437.9,27.7,0,0.0,24.3,1
7,NH-102 Moreh Border,Manipur,63.2,227.0,36.2,60.4,93.5,True,4,1,3,1,61.0,579.7,14.9,3,75.0,62.9,1
10,NH-08 Tripura Central,Tripura,1.1,4.8,3.6,7.3,14.5,False,1,0,1,0,43.4,227.3,9.7,0,0.0,9.4,0
11,NH-10 Teesta River Canyon,Sikkim,0.5,1.4,0.0,0.0,0.0,False,9,8,1,2,45.8,1864.8,55.3,0,0.0,33.1,1
6,NH-02 Imphal Lifeline,Manipur,24.7,67.0,30.3,52.1,119.7,True,3,2,1,0,23.5,1086.4,16.4,0,0.0,24.2,1
2,NH-13 Trans-Arunachal,Arunachal Pradesh,9.1,27.9,0.2,0.3,0.8,False,9,2,7,2,65.1,1707.4,35.6,0,0.0,26.5,1
10,NH-08 Tripura Central,Tripura,2.4,8.7,4.5,8.9,17.8,False,2,2,0,0,66.6,50.0,15.2,0,0.0,18.8,1
8,NH-29 Kohima Mountain,Nagaland,1.5,7.8,1.8,3.5,7.1,False,10,4,6,2,47.9,1245.3,43.2,4,75.0,44.1,1
11,NH-10 Teesta River Canyon,Sikkim,25.6,112.5,14.6,26.4,56.9,True,4,4,0,1,29.3,2101.1,46.0,4,75.0,62.8,1
6,NH-02 Imphal Lifeline,Manipur,59.8,164.5,2.0,4.9,8.2,True,6,2,4,0,76.4,769.9,21.8,2,75.0,68.6,1
5,SH-05 Cherrapunjee Highland,Meghalaya,15.1,38.4,44.7,86.6,178.9,True,6,6,0,1,79.7,1386.3,51.9,4,45.0,52.9,1
6,NH-02 Imphal Lifeline,Manipur,1.5,6.4,0.6,1.2,2.4,False,5,2,3,1,48.1,999.9,26.6,0,0.0,17.8,0
9,NH-54 Aizawl Ridge,Mizoram,29.1,87.0,9.9,19.3,28.4,True,2,2,0,0,31.7,1022.0,35.2,0,0.0,33.2,1
9,NH-54 Aizawl Ridge,Mizoram,0.7,2.1,8.6,13.7,24.2,False,10,4,6,0,69.1,1397.5,38.2,1,45.0,37.7,1
7,NH-102 Moreh Border,Manipur,8.1,32.9,5.2,11.6,20.6,False,4,3,1,2,63.1,469.6,19.8,0,0.0,26.0,0
2,NH-13 Trans-Arunachal,Arunachal Pradesh,0.9,4.9,0.1,0.1,0.2,False,8,2,6,1,22.7,1664.4,31.5,0,0.0,14.7,1
4,NH-06 Meghalaya Corridor,Meghalaya,0.6,3.1,1.5,3.1,6.2,False,1,1,0,1,66.5,1608.3,27.8,0,0.0,18.2,1
6,NH-02 Imphal Lifeline,Manipur,19.9,63.8,35.4,74.8,144.0,True,2,2,0,0,40.7,797.3,25.9,0,0.0,28.0,0
3,NH-229 Sela Pass,Arunachal Pradesh,60.2,231.1,2.2,3.4,5.4,True,8,7,1,5,44.1,3832.3,36.4,0,0.0,57.9,1
10,NH-08 Tripura Central,Tripura,3.0,11.6,59.0,87.6,214.5,True,3,2,1,0,12.6,95.6,7.2,0,0.0,9.7,0
2,NH-13 Trans-Arunachal,Arunachal Pradesh,5.2,24.6,3.0,6.0,11.9,False,7,1,6,2,29.8,1390.6,29.7,0,0.0,17.3,0
3,NH-229 Sela Pass,Arunachal Pradesh,8.8,42.0,5.6,12.6,21.9,True,9,4,5,1,46.1,3871.3,35.2,2,75.0,49.1,0
10,NH-08 Tripura Central,Tripura,2.3,8.1,3.0,6.0,12.0,False,0,0,0,0,24.9,50.0,8.5,0,0.0,7.1,0
7,NH-102 Moreh Border,Manipur,2.0,11.7,1.7,3.4,6.8,False,4,1,3,1,40.9,459.1,15.4,0,0.0,13.6,1
4,NH-06 Meghalaya Corridor,Meghalaya,9.7,71.9,18.8,31.5,65.6,False,2,1,1,2,53.7,1213.8,25.5,0,0.0,29.5,1
7,NH-102 Moreh Border,Manipur,51.9,175.6,40.6,64.7,97.0,True,4,2,2,0,40.1,715.5,19.0,4,45.0,55.1,1
11,NH-10 Teesta River Canyon,Sikkim,1.7,6.3,0.8,1.5,3.0,False,11,3,8,2,62.5,1663.8,54.7,1,95.0,50.4,0
6,NH-02 Imphal Lifeline,Manipur,0.6,2.5,0.5,0.9,1.9,False,2,1,1,1,45.4,947.9,19.7,0,0.0,13.3,0
9,NH-54 Aizawl Ridge,Mizoram,3.9,26.3,13.6,27.2,54.4,False,1,1,0,2,41.0,1237.4,35.2,2,95.0,44.2,1
11,NH-10 Teesta River Canyon,Sikkim,7.1,26.6,68.8,114.2,191.8,True,6,5,1,2,75.9,1575.0,32.0,1,95.0,56.8,1
8,NH-29 Kohima Mountain,Nagaland,2.1,18.5,23.4,39.2,78.7,False,8,2,6,0,73.2,1666.2,39.7,0,0.0,26.6,1
5,SH-05 Cherrapunjee Highland,Meghalaya,4.7,22.4,2.8,5.7,11.3,False,11,8,3,3,64.4,1190.7,29.1,0,0.0,36.0,1
2,NH-13 Trans-Arunachal,Arunachal Pradesh,19.6,114.1,24.0,40.2,88.7,True,3,0,3,2,21.7,1877.3,36.8,2,95.0,57.2,1
12,NH-27S Haflong Hill,Assam,21.2,73.8,45.8,97.9,148.7,True,8,6,2,0,24.7,826.9,26.4,3,75.0,54.5,1
6,NH-02 Imphal Lifeline,Manipur,2.5,9.9,2.0,4.1,8.1,False,7,4,3,0,63.2,950.5,28.4,0,0.0,25.1,0
12,NH-27S Haflong Hill,Assam,5.3,16.2,12.6,19.2,41.3,False,4,4,0,1,64.2,865.2,37.4,1,95.0,52.1,0
2,NH-13 Trans-Arunachal,Arunachal Pradesh,1.3,6.5,19.2,30.9,50.7,True,1,1,0,2,29.9,1830.7,31.4,3,75.0,32.8,1
4,NH-06 Meghalaya Corridor,Meghalaya,7.3,45.5,56.9,83.1,130.8,True,0,0,0,2,28.6,1479.1,17.8,0,0.0,16.9,0
1,NH-27 Assam Arterial,Assam,3.9,15.4,2.7,5.3,10.7,False,3,1,2,0,44.6,111.0,2.0,0,0.0,12.2,0
1,NH-27 Assam Arterial,Assam,0.5,1.6,0.8,1.6,3.1,False,3,2,1,0,68.9,303.7,9.2,0,0.0,16.5,0
3,NH-229 Sela Pass,Arunachal Pradesh,0.5,1.8,7.4,14.8,29.6,False,4,4,0,0,56.1,3868.4,38.3,0,0.0,24.4,0
1,NH-27 Assam Arterial,Assam,7.4,40.8,18.5,44.1,86.7,False,0,0,0,0,50.3,327.9,6.7,0,0.0,17.1,1
7,NH-102 Moreh Border,Manipur,1.1,5.3,10.5,21.0,42.0,False,0,0,0,0,42.9,577.5,12.2,0,0.0,9.9,0
11,NH-10 Teesta River Canyon,Sikkim,2.2,9.4,2.0,4.0,8.1,False,1,1,0,4,59.4,1670.1,45.8,0,0.0,22.0,0
7,NH-102 Moreh Border,Manipur,3.4,13.9,5.6,12.2,28.7,False,3,3,0,0,54.0,844.3,15.5,4,45.0,31.2,1
1,NH-27 Assam Arterial,Assam,4.7,30.2,0.1,0.3,0.5,False,1,1,0,0,40.7,158.6,14.6,0,0.0,17.1,0
11,NH-10 Teesta River Canyon,Sikkim,3.2,14.5,0.4,0.9,1.7,False,11,8,3,0,100.0,1888.1,31.4,2,75.0,58.9,0
8,NH-29 Kohima Mountain,Nagaland,4.2,24.3,3.0,6.7,16.2,False,1,1,0,1,68.7,1612.5,27.5,3,45.0,33.9,0
12,NH-27S Haflong Hill,Assam,1.4,8.8,1.9,3.8,7.6,False,7,7,0,1,83.5,746.4,27.9,0,0.0,33.8,1
10,NH-08 Tripura Central,Tripura,3.0,30.1,8.0,12.6,30.0,False,2,0,2,1,55.1,50.0,15.4,2,75.0,36.1,0
9,NH-54 Aizawl Ridge,Mizoram,0.9,6.3,6.4,12.9,25.7,False,3,3,0,0,45.0,1188.3,25.2,0,0.0,19.1,1
8,NH-29 Kohima Mountain,Nagaland,14.6,44.3,37.3,86.5,165.1,True,6,3,3,1,65.3,1410.0,29.6,4,75.0,49.3,1
12,NH-27S Haflong Hill,Assam,1.9,12.4,0.8,1.6,3.1,False,9,3,6,3,61.0,728.9,21.6,0,0.0,22.0,0
3,NH-229 Sela Pass,Arunachal Pradesh,9.2,29.5,4.4,9.9,22.6,False,5,2,3,1,88.0,3736.5,41.4,0,0.0,31.4,0
4,NH-06 Meghalaya Corridor,Meghalaya,0.9,3.9,2.3,4.5,9.1,False,3,1,2,1,56.1,1428.3,18.4,1,45.0,26.1,0
6,NH-02 Imphal Lifeline,Manipur,0.7,5.3,3.0,6.0,12.1,False,4,2,2,2,45.4,973.3,19.9,4,45.0,27.1,1
11,NH-10 Teesta River Canyon,Sikkim,2.4,11.2,5.7,10.0,15.1,False,12,9,3,7,80.2,1724.3,41.4,0,0.0,40.5,0
4,NH-06 Meghalaya Corridor,Meghalaya,7.4,22.8,36.1,70.1,120.2,True,3,1,2,1,58.6,1598.6,35.5,4,45.0,33.7,1
8,NH-29 Kohima Mountain,Nagaland,2.8,12.9,0.2,0.4,0.6,False,6,5,1,0,82.8,1427.1,22.7,2,95.0,53.3,1
6,NH-02 Imphal Lifeline,Manipur,15.5,65.1,5.1,10.5,20.0,False,3,3,0,2,59.8,1014.9,35.2,1,45.0,46.3,0
3,NH-229 Sela Pass,Arunachal Pradesh,0.1,0.8,0.1,0.2,0.5,False,3,3,0,5,40.5,3858.4,45.6,1,45.0,32.6,0
1,NH-27 Assam Arterial,Assam,1.0,4.5,4.7,6.9,16.3,False,3,0,3,0,57.7,217.4,2.0,0,0.0,10.0,0
2,NH-13 Trans-Arunachal,Arunachal Pradesh,0.5,3.1,2.3,4.6,9.2,False,7,6,1,1,64.3,2149.7,26.2,1,95.0,51.2,1
8,NH-29 Kohima Mountain,Nagaland,3.2,10.7,3.4,6.8,13.6,False,9,4,5,1,45.4,1732.2,19.5,0,0.0,20.9,0
8,NH-29 Kohima Mountain,Nagaland,4.0,15.4,1.0,2.0,4.0,False,7,3,4,2,46.5,1436.3,34.3,0,0.0,22.9,1
11,NH-10 Teesta River Canyon,Sikkim,8.9,44.2,5.1,7.7,18.3,False,11,6,5,1,57.8,1997.8,39.4,3,75.0,56.1,1
5,SH-05 Cherrapunjee Highland,Meghalaya,0.0,0.0,5.0,10.1,20.1,False,5,0,5,1,54.9,1451.8,25.9,0,0.0,13.4,0
3,NH-229 Sela Pass,Arunachal Pradesh,9.2,80.4,8.1,12.0,25.7,True,5,5,0,2,70.5,3880.1,37.3,3,45.0,55.4,1
8,NH-29 Kohima Mountain,Nagaland,7.9,22.5,3.1,6.3,12.6,False,8,5,3,1,35.3,1501.3,19.4,0,0.0,23.7,0
3,NH-229 Sela Pass,Arunachal Pradesh,0.6,4.1,0.5,0.9,1.9,False,13,5,8,2,64.2,3682.5,48.9,0,0.0,30.2,0
7,NH-102 Moreh Border,Manipur,0.6,2.5,24.0,49.7,123.8,True,1,1,0,0,55.8,910.6,16.1,4,75.0,32.8,1
6,NH-02 Imphal Lifeline,Manipur,7.3,24.4,4.2,7.4,13.9,False,8,2,6,4,59.1,841.7,10.5,0,0.0,19.8,1
4,NH-06 Meghalaya Corridor,Meghalaya,3.5,14.2,3.7,7.4,14.8,False,3,1,2,3,73.7,1316.1,21.5,0,0.0,20.2,0
10,NH-08 Tripura Central,Tripura,0.1,1.1,6.9,10.4,16.9,False,2,1,1,0,19.0,102.2,2.9,0,0.0,5.6,0
6,NH-02 Imphal Lifeline,Manipur,0.8,3.2,0.5,0.9,1.9,False,4,4,0,1,34.8,1008.0,19.7,1,75.0,36.5,0
8,NH-29 Kohima Mountain,Nagaland,2.3,12.3,50.7,75.9,118.0,True,5,4,1,4,53.1,1422.5,38.3,0,0.0,26.1,0
10,NH-08 Tripura Central,Tripura,16.5,45.3,15.6,23.6,37.0,True,2,1,1,0,63.5,166.3,8.9,2,95.0,46.1,0
9,NH-54 Aizawl Ridge,Mizoram,0.7,5.0,5.5,13.1,22.3,False,2,2,0,1,33.2,1292.2,30.9,2,45.0,27.4,0
11,NH-10 Teesta River Canyon,Sikkim,3.0,23.3,75.0,154.9,250.7,True,13,6,7,4,66.4,1645.2,45.0,0,0.0,35.6,1
3,NH-229 Sela Pass,Arunachal Pradesh,0.1,0.6,0.8,1.6,3.3,False,7,7,0,2,71.9,3706.2,54.4,0,0.0,34.9,1
6,NH-02 Imphal Lifeline,Manipur,4.3,21.9,1.8,2.8,4.0,False,1,1,0,2,49.9,965.7,27.3,4,75.0,38.1,1
10,NH-08 Tripura Central,Tripura,29.9,94.8,1.3,2.9,4.8,True,0,0,0,1,76.6,50.0,18.6,0,0.0,34.2,1
2,NH-13 Trans-Arunachal,Arunachal Pradesh,8.7,30.6,4.7,9.5,18.9,False,4,2,2,2,17.4,1913.9,22.2,1,45.0,28.4,0
2,NH-13 Trans-Arunachal,Arunachal Pradesh,9.2,31.4,11.4,20.0,48.8,False,4,4,0,2,83.5,1901.2,40.1,2,45.0,46.1,0
5,SH-05 Cherrapunjee Highland,Meghalaya,5.5,25.7,1.6,3.2,6.3,False,9,5,4,1,66.8,1457.4,38.9,0,0.0,32.9,0
8,NH-29 Kohima Mountain,Nagaland,0.4,3.9,0.9,1.3,2.2,False,4,3,1,1,21.9,1398.5,34.0,1,75.0,35.6,0
3,NH-229 Sela Pass,Arunachal Pradesh,3.8,24.9,0.2,0.5,1.0,False,11,4,7,4,65.1,3925.8,51.7,0,0.0,32.8,0
10,NH-08 Tripura Central,Tripura,0.8,4.9,10.7,22.5,51.2,False,2,1,1,0,31.5,50.0,17.0,0,0.0,11.1,0
5,SH-05 Cherrapunjee Highland,Meghalaya,0.6,3.7,2.3,4.7,9.4,False,13,3,10,1,42.3,1479.3,35.0,0,0.0,20.1,0
3,NH-229 Sela Pass,Arunachal Pradesh,0.1,0.6,1.1,2.3,4.6,False,6,6,0,2,67.9,3705.0,45.6,4,75.0,50.2,1
8,NH-29 Kohima Mountain,Nagaland,25.5,76.5,18.9,29.6,45.9,True,4,4,0,2,17.6,1644.8,39.1,0,0.0,33.8,0
8,NH-29 Kohima Mountain,Nagaland,25.0,113.4,12.2,18.1,30.5,True,4,1,3,1,49.5,1564.4,13.9,1,45.0,46.1,0
11,NH-10 Teesta River Canyon,Sikkim,15.8,55.9,8.2,13.8,27.3,False,12,5,7,5,44.2,1797.0,51.9,0,0.0,37.8,0
2,NH-13 Trans-Arunachal,Arunachal Pradesh,4.8,13.8,10.4,18.4,32.2,False,3,3,0,2,51.0,1983.7,31.2,0,0.0,22.6,0
2,NH-13 Trans-Arunachal,Arunachal Pradesh,0.4,1.5,6.3,12.7,25.3,False,2,2,0,1,76.6,1946.9,42.0,0,0.0,24.2,0
6,NH-02 Imphal Lifeline,Manipur,2.5,14.8,0.9,2.1,4.1,False,1,1,0,2,45.9,845.0,26.3,0,0.0,17.1,0
8,NH-29 Kohima Mountain,Nagaland,24.2,73.8,17.9,32.3,53.9,False,5,5,0,0,11.7,1699.6,36.0,2,75.0,52.5,1
5,SH-05 Cherrapunjee Highland,Meghalaya,8.8,49.9,9.1,19.7,33.6,False,7,2,5,2,51.3,1100.1,32.9,1,75.0,47.0,1
3,NH-229 Sela Pass,Arunachal Pradesh,5.5,46.5,0.6,0.9,1.7,False,9,4,5,2,95.7,3875.4,36.9,4,75.0,57.8,0
6,NH-02 Imphal Lifeline,Manipur,0.5,2.0,8.4,17.3,28.4,False,8,4,4,0,46.8,983.4,12.5,0,0.0,17.9,0
2,NH-13 Trans-Arunachal,Arunachal Pradesh,0.5,2.8,19.2,47.1,83.3,True,4,2,2,1,85.3,1854.8,34.3,0,0.0,24.2,0
1,NH-27 Assam Arterial,Assam,1.4,6.2,4.9,9.8,19.7,True,0,0,0,0,17.6,50.0,16.6,0,0.0,7.2,0
7,NH-102 Moreh Border,Manipur,53.4,303.2,2.2,5.0,9.5,True,0,0,0,0,45.1,305.1,15.1,0,0.0,39.8,1
7,NH-102 Moreh Border,Manipur,0.2,1.1,53.3,83.4,150.6,True,2,2,0,0,35.5,934.6,29.0,0,0.0,15.3,0
7,NH-102 Moreh Border,Manipur,16.8,55.8,25.7,44.9,81.5,False,0,0,0,0,44.1,764.2,19.6,0,0.0,21.7,0
9,NH-54 Aizawl Ridge,Mizoram,4.2,18.2,0.1,0.4,0.6,False,2,2,0,0,69.6,1514.4,25.4,4,95.0,46.9,0
2,NH-13 Trans-Arunachal,Arunachal Pradesh,0.4,1.6,0.3,0.6,1.2,False,7,0,7,0,22.7,1643.5,28.2,0,0.0,9.4,0
1,NH-27 Assam Arterial,Assam,0.3,2.2,0.3,0.6,1.1,False,2,1,1,1,44.6,50.0,2.0,1,75.0,28.3,1
2,NH-13 Trans-Arunachal,Arunachal Pradesh,7.6,27.4,14.0,21.5,38.6,False,7,3,4,4,78.4,1826.6,31.1,0,0.0,29.5,0
1,NH-27 Assam Arterial,Assam,0.3,1.7,1.7,3.3,6.7,False,2,2,0,0,82.6,318.1,15.9,0,0.0,19.9,0
2,NH-13 Trans-Arunachal,Arunachal Pradesh,13.2,52.6,4.5,9.7,22.6,False,6,3,3,0,58.4,1892.8,40.2,0,0.0,33.3,0
6,NH-02 Imphal Lifeline,Manipur,0.5,2.6,0.5,1.0,1.9,False,3,2,1,1,63.7,975.8,29.2,2,75.0,38.7,1
12,NH-27S Haflong Hill,Assam,6.3,24.9,4.3,8.7,17.4,False,5,2,3,2,45.9,752.0,20.9,0,0.0,20.0,1
7,NH-102 Moreh Border,Manipur,1.2,3.9,1.0,2.0,3.9,False,1,1,0,1,23.9,742.9,18.8,1,75.0,28.9,0
11,NH-10 Teesta River Canyon,Sikkim,23.7,60.4,1.0,1.6,3.5,False,8,5,3,4,79.3,2097.5,44.5,4,75.0,61.6,1
3,NH-229 Sela Pass,Arunachal Pradesh,24.9,72.7,7.7,12.1,19.4,False,8,3,5,5,41.7,3785.6,43.2,1,75.0,54.2,1
9,NH-54 Aizawl Ridge,Mizoram,3.2,18.5,30.4,66.0,105.4,True,3,3,0,4,51.9,1110.7,35.2,2,45.0,35.8,1
9,NH-54 Aizawl Ridge,Mizoram,5.8,23.2,13.8,20.7,38.5,True,5,4,1,0,54.6,1008.6,24.6,1,45.0,37.0,1
6,NH-02 Imphal Lifeline,Manipur,0.1,0.5,0.1,0.2,0.5,False,3,3,0,3,41.9,968.0,15.0,0,0.0,15.4,0
5,SH-05 Cherrapunjee Highland,Meghalaya,1.3,7.7,1.6,3.2,6.4,False,6,6,0,2,54.8,1124.6,28.0,0,0.0,27.4,0
6,NH-02 Imphal Lifeline,Manipur,0.8,3.3,0.7,1.3,2.7,False,3,3,0,0,36.1,1072.8,28.9,0,0.0,17.8,0
5,SH-05 Cherrapunjee Highland,Meghalaya,20.5,91.7,27.6,44.8,91.6,True,9,5,4,1,63.4,1071.2,32.0,1,45.0,55.5,1
6,NH-02 Imphal Lifeline,Manipur,0.1,0.3,2.1,4.3,8.5,False,4,4,0,1,76.6,747.6,18.6,0,0.0,23.3,0
11,NH-10 Teesta River Canyon,Sikkim,3.5,22.3,3.4,6.8,13.6,False,5,5,0,0,45.7,1759.1,38.7,1,45.0,40.3,1
6,NH-02 Imphal Lifeline,Manipur,0.5,2.5,8.4,16.7,33.4,False,3,0,3,2,44.0,844.0,13.9,0,0.0,9.9,0
12,NH-27S Haflong Hill,Assam,2.8,12.5,0.1,0.2,0.3,False,4,4,0,2,52.4,1065.2,22.5,0,0.0,22.8,0
8,NH-29 Kohima Mountain,Nagaland,12.0,66.3,22.4,36.4,72.0,False,3,3,0,2,65.0,1536.0,40.3,2,75.0,55.8,1
3,NH-229 Sela Pass,Arunachal Pradesh,0.3,3.0,1.1,2.1,3.1,False,10,4,6,4,59.0,4086.1,37.8,4,45.0,36.3,1
7,NH-102 Moreh Border,Manipur,2.7,13.6,50.3,101.1,191.4,True,5,0,5,0,31.7,394.7,5.6,0,0.0,8.6,1
3,NH-229 Sela Pass,Arunachal Pradesh,7.3,24.7,1.9,3.7,7.4,False,6,6,0,3,50.3,4097.1,43.2,0,0.0,33.1,0
6,NH-02 Imphal Lifeline,Manipur,2.2,7.4,24.6,36.0,72.4,False,6,4,2,0,68.8,1064.8,20.7,3,75.0,42.7,1
11,NH-10 Teesta River Canyon,Sikkim,0.6,3.1,2.5,5.0,9.9,False,7,3,4,0,74.6,1922.1,49.6,0,0.0,27.7,1
1,NH-27 Assam Arterial,Assam,36.9,104.6,11.1,19.2,31.0,True,0,0,0,0,41.3,88.7,15.1,3,75.0,48.9,1
8,NH-29 Kohima Mountain,Nagaland,17.1,50.4,1.3,1.8,3.4,False,3,3,0,0,77.3,1506.9,35.5,0,0.0,34.8,0
4,NH-06 Meghalaya Corridor,Meghalaya,7.2,19.0,10.9,21.3,44.0,False,0,0,0,0,80.5,1402.0,21.7,4,45.0,31.5,0
3,NH-229 Sela Pass,Arunachal Pradesh,3.2,8.4,17.8,29.3,47.0,False,7,2,5,1,69.7,3595.0,43.1,1,75.0,43.5,1
6,NH-02 Imphal Lifeline,Manipur,0.0,0.1,3.9,7.8,15.5,False,1,1,0,2,43.4,944.2,28.3,4,95.0,37.9,0
7,NH-102 Moreh Border,Manipur,16.5,57.3,27.0,56.6,106.6,True,1,1,0,1,51.7,758.8,12.0,0,0.0,23.6,0
6,NH-02 Imphal Lifeline,Manipur,0.2,1.0,0.2,0.4,0.9,False,4,4,0,1,30.7,1029.2,13.3,0,0.0,15.5,1
3,NH-229 Sela Pass,Arunachal Pradesh,7.4,29.9,20.0,37.5,92.5,True,3,3,0,2,39.5,4084.5,40.5,3,75.0,44.7,0
3,NH-229 Sela Pass,Arunachal Pradesh,23.2,98.9,13.5,23.7,51.5,True,6,6,0,1,63.8,3790.3,39.7,0,0.0,49.3,1
8,NH-29 Kohima Mountain,Nagaland,12.0,45.9,11.1,22.9,49.8,False,7,6,1,1,39.1,1725.0,31.3,0,0.0,33.3,0
6,NH-02 Imphal Lifeline,Manipur,1.3,6.6,3.0,5.9,11.9,False,3,2,1,2,59.0,1204.2,19.8,0,0.0,18.1,0
6,NH-02 Imphal Lifeline,Manipur,10.6,32.6,18.4,40.7,82.5,False,4,4,0,2,59.5,1064.9,13.3,2,45.0,37.4,0
11,NH-10 Teesta River Canyon,Sikkim,2.8,12.3,9.4,14.6,26.0,False,8,5,3,3,56.3,2004.8,44.4,0,0.0,29.8,0
4,NH-06 Meghalaya Corridor,Meghalaya,12.6,50.1,9.7,18.0,38.9,False,1,1,0,1,49.2,1768.2,26.1,1,45.0,35.9,1
3,NH-229 Sela Pass,Arunachal Pradesh,0.9,3.7,0.4,0.9,1.7,False,6,5,1,5,57.6,3905.4,50.5,0,0.0,29.4,0
12,NH-27S Haflong Hill,Assam,15.7,65.5,41.8,88.3,126.4,True,2,2,0,0,58.6,1000.2,20.4,2,45.0,41.2,0
5,SH-05 Cherrapunjee Highland,Meghalaya,0.8,3.1,0.1,0.2,0.4,False,8,4,4,4,72.1,1419.4,37.0,0,0.0,26.8,0
4,NH-06 Meghalaya Corridor,Meghalaya,2.9,10.1,1.8,3.6,7.1,False,2,2,0,0,58.6,1274.8,23.7,0,0.0,19.5,0
3,NH-229 Sela Pass,Arunachal Pradesh,0.8,6.8,0.8,1.7,3.3,False,6,5,1,0,65.1,3678.2,38.5,0,0.0,28.8,0
9,NH-54 Aizawl Ridge,Mizoram,0.9,5.2,5.2,9.8,17.7,False,6,1,5,1,45.2,1268.7,31.4,1,75.0,34.9,1
1,NH-27 Assam Arterial,Assam,0.5,2.0,2.8,5.5,11.0,False,0,0,0,2,27.3,222.6,9.7,0,0.0,6.4,0
7,NH-102 Moreh Border,Manipur,20.6,56.4,20.2,43.3,62.4,False,4,2,2,0,46.8,506.2,11.9,3,45.0,35.9,1
5,SH-05 Cherrapunjee Highland,Meghalaya,0.1,0.3,13.9,27.6,40.5,False,4,4,0,3,67.6,1291.2,36.9,0,0.0,25.6,1
8,NH-29 Kohima Mountain,Nagaland,0.4,3.3,1.1,2.3,4.6,False,8,5,3,2,58.4,1787.9,31.1,0,0.0,25.6,0
3,NH-229 Sela Pass,Arunachal Pradesh,9.9,41.7,10.1,20.9,30.3,False,10,2,8,0,76.2,3884.4,46.4,3,75.0,51.8,1
4,NH-06 Meghalaya Corridor,Meghalaya,0.2,1.1,9.6,19.1,38.2,False,5,2,3,0,46.8,1514.9,26.1,2,45.0,27.7,1
1,NH-27 Assam Arterial,Assam,7.0,42.4,124.9,219.1,347.2,True,5,1,4,2,34.7,276.7,16.1,0,0.0,18.9,1
6,NH-02 Imphal Lifeline,Manipur,18.2,63.9,16.2,23.5,37.7,False,5,4,1,3,39.3,1125.6,21.1,1,75.0,49.6,0
11,NH-10 Teesta River Canyon,Sikkim,5.7,18.5,2.0,3.2,5.0,True,9,6,3,3,95.5,1738.0,33.8,1,75.0,55.5,0
6,NH-02 Imphal Lifeline,Manipur,12.8,52.8,11.7,26.1,53.6,False,2,1,1,1,41.3,1148.9,20.1,0,0.0,22.8,1
12,NH-27S Haflong Hill,Assam,0.0,0.0,4.0,8.0,15.9,False,3,2,1,0,34.2,700.2,23.8,0,0.0,13.9,1
2,NH-13 Trans-Arunachal,Arunachal Pradesh,1.7,16.8,61.3,116.9,177.3,True,6,3,3,1,19.2,1715.5,35.8,0,0.0,19.4,1
6,NH-02 Imphal Lifeline,Manipur,2.0,8.6,1.5,3.0,5.9,False,5,0,5,1,46.0,1330.7,21.7,0,0.0,12.9,0
8,NH-29 Kohima Mountain,Nagaland,0.9,2.6,71.5,111.5,176.8,True,7,6,1,1,83.6,1604.3,25.2,4,95.0,53.9,1
7,NH-102 Moreh Border,Manipur,1.5,8.7,3.8,7.7,15.3,False,1,0,1,0,79.7,712.5,22.5,2,75.0,36.9,1
2,NH-13 Trans-Arunachal,Arunachal Pradesh,1.8,6.7,1.5,2.9,5.8,False,6,2,4,1,30.1,1972.1,31.1,1,95.0,39.8,0
9,NH-54 Aizawl Ridge,Mizoram,4.2,15.4,17.7,34.2,53.0,False,4,0,4,0,36.9,1196.4,28.2,0,0.0,14.3,0
1,NH-27 Assam Arterial,Assam,24.2,77.2,3.1,5.0,7.2,False,0,0,0,0,58.1,50.0,2.6,2,45.0,35.9,0
6,NH-02 Imphal Lifeline,Manipur,9.4,30.1,5.9,12.9,23.6,False,4,1,3,0,45.8,804.2,18.3,3,95.0,42.3,1
11,NH-10 Teesta River Canyon,Sikkim,1.6,5.9,4.4,8.8,17.5,False,6,6,0,1,68.1,1435.8,46.1,2,75.0,51.4,0
4,NH-06 Meghalaya Corridor,Meghalaya,11.3,54.6,32.6,57.4,119.8,True,0,0,0,2,64.6,1628.2,24.6,3,75.0,44.3,1
10,NH-08 Tripura Central,Tripura,0.0,0.0,5.3,10.5,21.0,False,1,1,0,0,67.6,50.0,9.8,0,0.0,14.1,0
3,NH-229 Sela Pass,Arunachal Pradesh,9.3,34.1,5.5,13.1,28.7,False,12,5,7,2,24.0,3804.6,45.6,0,0.0,29.5,1
9,NH-54 Aizawl Ridge,Mizoram,31.2,111.9,43.7,76.7,113.8,True,7,2,5,0,36.2,802.6,32.5,2,75.0,57.1,1
5,SH-05 Cherrapunjee Highland,Meghalaya,24.2,78.5,3.5,7.8,15.9,False,9,4,5,4,76.7,1153.7,28.2,1,45.0,52.1,0
8,NH-29 Kohima Mountain,Nagaland,9.7,37.3,6.5,10.2,20.5,False,7,5,2,2,96.4,1419.0,33.1,0,0.0,38.5,0
7,NH-102 Moreh Border,Manipur,6.1,16.5,3.2,5.6,10.4,True,2,0,2,1,55.9,756.6,25.2,1,75.0,35.5,0
4,NH-06 Meghalaya Corridor,Meghalaya,15.4,134.6,0.2,0.3,0.4,True,4,2,2,2,37.0,1400.5,23.5,0,0.0,41.2,0
12,NH-27S Haflong Hill,Assam,0.1,0.6,0.6,1.2,2.5,False,0,0,0,2,56.4,673.6,25.7,0,0.0,13.7,0
1,NH-27 Assam Arterial,Assam,0.5,2.1,0.0,0.0,0.1,False,3,0,3,0,46.4,482.2,5.9,0,0.0,8.6,0
4,NH-06 Meghalaya Corridor,Meghalaya,4.6,22.1,12.2,22.8,44.9,False,2,2,0,0,43.1,1464.4,14.3,2,45.0,29.0,0
4,NH-06 Meghalaya Corridor,Meghalaya,2.0,9.4,8.4,20.6,31.0,False,7,3,4,1,74.3,1119.5,30.2,0,0.0,25.0,0
7,NH-102 Moreh Border,Manipur,1.1,4.1,1.4,2.9,5.7,False,2,0,2,0,71.7,688.4,30.5,0,0.0,17.7,0
5,SH-05 Cherrapunjee Highland,Meghalaya,0.2,1.1,3.5,6.9,13.8,False,6,1,5,3,67.5,1478.7,42.1,0,0.0,20.8,1
2,NH-13 Trans-Arunachal,Arunachal Pradesh,1.7,7.1,0.2,0.5,0.9,False,7,2,5,1,52.1,1615.7,29.9,0,0.0,19.2,0
5,SH-05 Cherrapunjee Highland,Meghalaya,2.2,9.9,0.1,0.2,0.4,False,12,7,5,2,73.6,1359.2,30.1,0,0.0,33.0,0
3,NH-229 Sela Pass,Arunachal Pradesh,5.7,23.6,9.8,15.4,37.8,False,5,5,0,2,76.5,3802.9,42.9,0,0.0,34.8,0
12,NH-27S Haflong Hill,Assam,2.0,11.7,2.0,4.0,8.0,False,5,4,1,0,37.4,830.6,20.5,0,0.0,20.0,1
1,NH-27 Assam Arterial,Assam,1.6,7.0,0.1,0.3,0.6,False,0,0,0,0,64.5,68.5,5.0,0,0.0,12.1,0
4,NH-06 Meghalaya Corridor,Meghalaya,4.1,13.5,1.5,2.3,3.9,False,4,4,0,0,30.4,1359.3,37.9,0,0.0,22.8,0
8,NH-29 Kohima Mountain,Nagaland,2.9,11.6,23.0,37.9,75.2,True,4,4,0,3,55.4,1423.6,27.7,0,0.0,24.2,0
10,NH-08 Tripura Central,Tripura,0.6,3.7,2.5,5.1,10.1,False,1,1,0,0,66.5,50.0,8.8,4,95.0,38.2,1
12,NH-27S Haflong Hill,Assam,12.9,34.1,7.3,10.4,17.8,True,1,1,0,3,50.1,834.9,34.9,0,0.0,23.3,1
8,NH-29 Kohima Mountain,Nagaland,2.9,8.2,7.3,12.2,24.4,False,6,1,5,0,72.8,1526.0,32.0,1,45.0,32.2,0
1,NH-27 Assam Arterial,Assam,0.2,1.3,6.0,12.0,23.9,False,2,2,0,0,63.2,114.9,14.8,0,0.0,16.7,0
12,NH-27S Haflong Hill,Assam,6.7,26.4,2.7,6.5,9.5,False,2,2,0,1,36.2,460.7,33.8,3,75.0,40.2,0
4,NH-06 Meghalaya Corridor,Meghalaya,35.5,163.9,0.1,0.1,0.2,True,8,3,5,1,64.3,1137.9,15.0,1,75.0,67.4,0
1,NH-27 Assam Arterial,Assam,1.3,8.5,0.7,1.3,2.6,False,1,1,0,1,63.5,298.5,13.7,0,0.0,16.0,0
8,NH-29 Kohima Mountain,Nagaland,0.3,2.1,5.7,11.4,22.8,False,5,3,2,3,40.4,1684.7,42.0,0,0.0,20.9,0
2,NH-13 Trans-Arunachal,Arunachal Pradesh,4.8,18.5,43.3,70.2,105.8,True,6,4,2,1,50.1,1622.2,39.4,4,95.0,50.8,1
6,NH-02 Imphal Lifeline,Manipur,1.4,4.9,9.4,18.8,37.7,False,1,1,0,0,53.9,1205.6,16.1,0,0.0,14.3,1
12,NH-27S Haflong Hill,Assam,0.2,1.9,0.3,0.5,1.0,False,6,1,5,1,42.6,652.3,23.8,0,0.0,13.5,0
6,NH-02 Imphal Lifeline,Manipur,1.8,13.1,1.5,2.9,5.8,False,7,1,6,0,51.8,844.3,27.3,0,0.0,17.9,0
11,NH-10 Teesta River Canyon,Sikkim,11.9,35.8,32.6,53.7,87.8,False,12,5,7,4,69.8,1876.9,41.6,3,45.0,47.2,0
6,NH-02 Imphal Lifeline,Manipur,0.6,4.6,0.7,1.5,3.0,False,5,1,4,3,47.9,672.7,12.5,0,0.0,12.6,0
11,NH-10 Teesta River Canyon,Sikkim,2.8,18.9,32.3,62.1,151.1,True,14,5,9,3,76.8,1360.7,47.3,2,75.0,53.5,1
9,NH-54 Aizawl Ridge,Mizoram,0.7,4.0,3.0,6.1,12.1,False,10,3,7,0,63.6,1405.5,38.0,0,0.0,23.9,0
4,NH-06 Meghalaya Corridor,Meghalaya,0.4,2.8,3.4,6.9,13.8,False,4,1,3,1,38.7,1301.0,14.2,0,0.0,11.2,0
9,NH-54 Aizawl Ridge,Mizoram,7.5,19.0,5.2,7.5,14.0,False,2,2,0,1,53.2,1377.1,25.9,0,0.0,21.0,1
9,NH-54 Aizawl Ridge,Mizoram,0.7,3.5,1.6,3.2,6.4,False,7,1,6,3,57.1,1156.0,35.1,0,0.0,18.3,0
6,NH-02 Imphal Lifeline,Manipur,6.9,28.5,60.3,94.2,166.6,True,5,3,2,1,82.3,1071.7,22.1,3,75.0,47.2,1
7,NH-102 Moreh Border,Manipur,0.6,3.8,4.1,6.8,12.4,False,1,1,0,0,44.6,513.6,15.7,3,75.0,31.3,0
12,NH-27S Haflong Hill,Assam,0.8,3.6,7.3,14.6,29.2,False,5,1,4,0,43.9,996.1,30.1,0,0.0,15.3,0
12,NH-27S Haflong Hill,Assam,0.1,1.1,2.1,4.2,8.4,False,9,3,6,1,48.6,742.5,20.1,1,95.0,41.3,0
2,NH-13 Trans-Arunachal,Arunachal Pradesh,2.7,12.5,3.0,6.1,12.1,False,9,4,5,1,89.1,2089.6,33.1,0,0.0,30.5,1
4,NH-06 Meghalaya Corridor,Meghalaya,14.4,66.5,6.9,12.1,28.3,True,4,0,4,1,50.4,1168.7,24.3,0,0.0,25.7,1
1,NH-27 Assam Arterial,Assam,1.5,4.2,20.5,45.9,69.7,False,4,0,4,1,61.9,55.1,7.1,0,0.0,11.5,0
2,NH-13 Trans-Arunachal,Arunachal Pradesh,66.0,179.5,14.0,26.7,45.8,True,4,4,0,5,50.5,2151.0,32.0,0,0.0,52.0,1
6,NH-02 Imphal Lifeline,Manipur,4.3,23.3,0.9,1.9,3.8,True,2,0,2,2,53.6,898.3,26.5,0,0.0,18.0,0
6,NH-02 Imphal Lifeline,Manipur,24.3,96.9,27.6,60.0,111.7,True,3,2,1,0,55.1,922.4,28.8,4,75.0,56.1,1
10,NH-08 Tripura Central,Tripura,3.1,13.8,29.2,60.5,91.4,True,1,1,0,2,28.3,163.9,14.9,1,75.0,30.7,0
6,NH-02 Imphal Lifeline,Manipur,31.2,86.3,19.3,40.3,65.3,True,6,2,4,0,34.3,809.0,18.2,0,0.0,30.0,0
7,NH-102 Moreh Border,Manipur,1.4,5.1,1.6,3.1,6.3,False,3,0,3,0,29.5,619.7,12.8,0,0.0,8.0,0
6,NH-02 Imphal Lifeline,Manipur,0.7,4.0,2.2,4.5,8.9,False,8,1,7,1,60.5,1102.8,18.0,0,0.0,15.5,0
8,NH-29 Kohima Mountain,Nagaland,1.1,4.6,2.3,4.6,9.2,False,8,3,5,1,71.0,1526.4,35.9,0,0.0,24.7,1
4,NH-06 Meghalaya Corridor,Meghalaya,0.8,2.9,2.5,4.9,9.9,False,3,2,1,1,27.2,1651.5,26.9,0,0.0,14.0,0
12,NH-27S Haflong Hill,Assam,23.5,97.8,3.5,5.1,10.3,True,4,1,3,0,51.1,657.2,38.0,0,0.0,36.8,1
6,NH-02 Imphal Lifeline,Manipur,36.7,108.4,18.9,28.5,67.0,True,3,2,1,0,53.8,963.0,32.0,0,0.0,40.1,0
4,NH-06 Meghalaya Corridor,Meghalaya,0.7,4.0,0.2,0.3,0.7,False,4,3,1,1,60.9,1430.4,30.4,0,0.0,22.0,0
11,NH-10 Teesta River Canyon,Sikkim,0.7,2.9,2.3,4.7,9.3,False,7,3,4,1,93.0,1797.0,37.8,0,0.0,28.1,0
8,NH-29 Kohima Mountain,Nagaland,8.5,59.8,2.0,3.8,8.1,False,3,3,0,3,40.6,1629.2,36.7,0,0.0,31.4,0
12,NH-27S Haflong Hill,Assam,46.3,217.4,11.4,17.2,24.8,True,4,4,0,1,20.3,854.2,27.0,0,0.0,46.4,1
8,NH-29 Kohima Mountain,Nagaland,12.8,94.8,4.7,11.1,24.8,True,9,3,6,2,100.0,1614.1,38.3,2,45.0,58.9,1
10,NH-08 Tripura Central,Tripura,1.4,4.1,13.3,28.3,40.6,True,3,0,3,0,81.2,51.6,10.7,1,75.0,33.9,1
8,NH-29 Kohima Mountain,Nagaland,0.2,1.1,10.1,15.9,24.1,False,4,4,0,2,14.2,1859.8,29.3,0,0.0,16.2,0
3,NH-229 Sela Pass,Arunachal Pradesh,0.3,1.2,3.5,6.9,13.8,False,2,2,0,1,60.6,3814.3,49.2,3,45.0,34.4,0
10,NH-08 Tripura Central,Tripura,0.2,0.8,0.3,0.7,1.4,False,2,2,0,1,27.0,92.6,23.5,0,0.0,12.9,0
2,NH-13 Trans-Arunachal,Arunachal Pradesh,0.9,5.1,3.8,8.8,21.2,True,6,2,4,2,38.9,1686.9,44.7,0,0.0,19.8,0
10,NH-08 Tripura Central,Tripura,6.9,18.5,14.2,20.4,34.6,False,3,2,1,0,31.0,272.5,3.4,0,0.0,13.0,0
12,NH-27S Haflong Hill,Assam,35.4,216.1,7.7,12.9,27.9,True,8,3,5,1,67.8,808.6,17.8,0,0.0,49.7,1
2,NH-13 Trans-Arunachal,Arunachal Pradesh,9.0,55.7,33.5,58.5,92.1,True,2,1,1,2,54.3,1724.4,43.9,4,75.0,48.8,1
7,NH-102 Moreh Border,Manipur,9.7,58.2,11.2,20.2,43.5,True,0,0,0,0,40.2,667.5,23.7,0,0.0,22.4,0
8,NH-29 Kohima Mountain,Nagaland,16.3,99.3,12.0,21.9,35.6,True,6,3,3,0,41.4,1439.4,34.4,0,0.0,39.0,0
3,NH-229 Sela Pass,Arunachal Pradesh,3.3,24.8,12.5,21.4,41.1,True,7,5,2,3,55.3,3712.7,41.4,2,45.0,42.8,1
9,NH-54 Aizawl Ridge,Mizoram,13.8,75.2,41.4,79.9,136.5,True,5,1,4,0,57.7,1393.5,33.3,1,45.0,43.6,0
11,NH-10 Teesta River Canyon,Sikkim,1.4,5.2,26.7,50.9,119.4,True,9,8,1,5,65.1,1398.1,42.4,1,95.0,59.1,1
3,NH-229 Sela Pass,Arunachal Pradesh,21.2,82.9,38.0,67.1,111.8,True,7,3,4,3,69.2,3752.7,49.5,0,0.0,42.9,1
6,NH-02 Imphal Lifeline,Manipur,15.6,49.6,12.4,24.6,59.2,False,6,0,6,0,57.0,1090.2,16.0,3,45.0,32.9,0
1,NH-27 Assam Arterial,Assam,77.6,194.5,18.4,28.5,65.9,True,1,1,0,2,37.3,50.0,2.0,0,0.0,38.0,1
4,NH-06 Meghalaya Corridor,Meghalaya,0.1,0.4,0.6,1.2,2.4,False,3,3,0,0,36.2,1589.0,30.9,4,75.0,36.4,1
4,NH-06 Meghalaya Corridor,Meghalaya,11.0,32.6,22.4,42.7,93.6,True,4,1,3,0,76.5,1466.4,29.7,1,75.0,44.7,1
3,NH-229 Sela Pass,Arunachal Pradesh,3.0,11.7,1.1,2.2,4.3,False,14,5,9,3,82.0,3998.8,47.6,0,0.0,34.2,0
2,NH-13 Trans-Arunachal,Arunachal Pradesh,54.4,264.6,21.9,34.1,75.8,True,9,7,2,2,46.2,1966.1,45.3,4,95.0,83.7,1
6,NH-02 Imphal Lifeline,Manipur,2.8,19.5,1.5,3.0,6.1,False,6,3,3,0,73.3,704.6,18.3,0,0.0,24.5,0
1,NH-27 Assam Arterial,Assam,3.9,19.3,0.0,0.0,0.0,False,2,0,2,0,30.7,162.9,2.0,3,75.0,27.6,1
10,NH-08 Tripura Central,Tripura,4.1,18.4,3.7,7.5,14.9,False,0,0,0,0,64.5,192.9,15.1,0,0.0,16.4,0
9,NH-54 Aizawl Ridge,Mizoram,5.6,24.8,1.3,2.6,5.3,False,4,3,1,0,56.9,1169.1,29.1,0,0.0,25.3,1
10,NH-08 Tripura Central,Tripura,33.7,85.0,1.5,3.0,4.5,True,1,1,0,1,33.3,50.0,6.7,1,75.0,44.1,0
1,NH-27 Assam Arterial,Assam,31.7,89.5,17.3,28.6,51.0,True,1,1,0,0,58.3,143.6,3.5,0,0.0,29.3,0
3,NH-229 Sela Pass,Arunachal Pradesh,4.3,26.7,0.3,0.5,1.0,False,7,3,4,2,63.6,3681.3,39.5,0,0.0,28.8,1
11,NH-10 Teesta River Canyon,Sikkim,2.5,10.2,10.5,21.0,41.9,False,5,5,0,2,48.3,1810.5,45.9,0,0.0,28.5,0
6,NH-02 Imphal Lifeline,Manipur,0.5,3.5,4.3,8.7,17.4,False,5,2,3,1,58.5,1141.6,15.9,0,0.0,16.6,0
12,NH-27S Haflong Hill,Assam,34.0,109.7,39.3,61.5,144.4,True,4,1,3,1,39.9,1197.5,30.4,2,75.0,54.8,1
2,NH-13 Trans-Arunachal,Arunachal Pradesh,0.2,1.0,6.3,12.6,25.2,False,3,2,1,1,56.9,1967.2,44.5,0,0.0,21.6,0
2,NH-13 Trans-Arunachal,Arunachal Pradesh,40.3,160.5,8.0,13.6,28.5,True,7,2,5,2,41.7,1788.8,24.9,3,45.0,56.5,0
10,NH-08 Tripura Central,Tripura,1.2,6.5,21.9,45.2,108.6,True,2,2,0,1,47.6,94.3,18.9,3,95.0,40.0,0
10,NH-08 Tripura Central,Tripura,1.6,7.8,2.3,3.5,5.3,False,1,0,1,0,65.6,50.0,17.0,3,75.0,33.6,1
7,NH-102 Moreh Border,Manipur,23.2,59.4,6.8,11.7,18.4,False,2,0,2,0,13.0,530.9,11.8,0,0.0,16.2,1
10,NH-08 Tripura Central,Tripura,3.1,26.9,0.5,0.9,1.9,False,0,0,0,1,56.5,164.9,12.9,0,0.0,16.4,0
11,NH-10 Teesta River Canyon,Sikkim,2.3,18.6,5.8,11.6,23.2,False,7,6,1,2,46.3,1761.3,50.9,0,0.0,32.7,1
8,NH-29 Kohima Mountain,Nagaland,2.6,9.5,0.0,0.0,0.0,True,6,6,0,1,58.4,1570.9,32.4,0,0.0,29.2,0
11,NH-10 Teesta River Canyon,Sikkim,6.3,17.7,12.6,20.6,43.5,False,8,3,5,3,59.1,1676.5,36.0,3,95.0,49.3,1
11,NH-10 Teesta River Canyon,Sikkim,4.0,25.1,3.8,7.6,15.2,False,3,3,0,5,54.8,1777.9,45.8,0,0.0,28.4,0
10,NH-08 Tripura Central,Tripura,14.3,141.9,44.7,69.5,105.9,True,0,0,0,0,59.8,50.0,11.0,3,75.0,58.3,1
5,SH-05 Cherrapunjee Highland,Meghalaya,60.7,183.5,7.7,17.5,32.9,True,4,4,0,4,70.9,1287.4,32.6,4,45.0,66.4,1
4,NH-06 Meghalaya Corridor,Meghalaya,0.1,0.4,1.4,2.7,5.5,False,1,1,0,2,37.1,1538.5,24.9,0,0.0,12.6,0
9,NH-54 Aizawl Ridge,Mizoram,13.1,37.4,16.3,24.5,45.4,False,7,3,4,2,48.4,1084.2,25.3,2,75.0,44.5,1
7,NH-102 Moreh Border,Manipur,1.8,8.4,2.4,4.7,9.5,False,3,1,2,1,48.8,938.2,14.6,4,45.0,25.2,1
2,NH-13 Trans-Arunachal,Arunachal Pradesh,0.5,1.4,53.4,91.2,158.3,True,3,3,0,0,75.2,1646.4,42.8,1,75.0,44.9,1
2,NH-13 Trans-Arunachal,Arunachal Pradesh,0.4,1.0,12.3,23.5,42.3,False,6,3,3,1,60.3,2107.1,37.1,1,75.0,41.4,0
11,NH-10 Teesta River Canyon,Sikkim,5.3,41.2,25.7,49.9,114.1,True,8,8,0,2,58.3,1662.8,38.0,1,45.0,51.8,1
6,NH-02 Imphal Lifeline,Manipur,2.6,11.2,7.0,14.1,28.1,False,6,0,6,0,20.9,917.4,26.2,0,0.0,10.6,1
4,NH-06 Meghalaya Corridor,Meghalaya,2.0,8.3,0.8,1.6,3.3,False,2,2,0,4,16.5,1568.3,23.9,0,0.0,12.9,0
4,NH-06 Meghalaya Corridor,Meghalaya,0.7,4.5,3.2,6.4,11.2,False,3,3,0,1,42.4,1084.8,13.1,2,45.0,27.1,1
7,NH-102 Moreh Border,Manipur,5.4,28.2,84.9,143.0,209.4,True,4,1,3,1,27.7,756.4,22.6,0,0.0,16.3,0
2,NH-13 Trans-Arunachal,Arunachal Pradesh,3.8,18.7,7.6,16.4,28.8,False,2,2,0,3,32.5,1806.7,43.4,0,0.0,21.3,0
2,NH-13 Trans-Arunachal,Arunachal Pradesh,46.1,190.7,20.6,35.1,76.6,True,3,3,0,1,41.4,2062.8,25.2,0,0.0,47.3,1
8,NH-29 Kohima Mountain,Nagaland,2.7,9.6,0.1,0.1,0.3,False,11,2,9,1,43.2,1562.4,44.2,0,0.0,21.2,0
1,NH-27 Assam Arterial,Assam,6.2,36.3,50.4,86.9,138.0,True,2,0,2,1,40.7,50.0,14.4,4,75.0,35.0,1
4,NH-06 Meghalaya Corridor,Meghalaya,27.0,90.6,24.5,43.2,77.4,True,1,1,0,0,42.1,1470.7,27.7,4,75.0,50.7,1
12,NH-27S Haflong Hill,Assam,1.8,6.1,4.5,9.1,18.1,False,2,2,0,0,79.5,730.9,31.7,0,0.0,23.5,1
5,SH-05 Cherrapunjee Highland,Meghalaya,20.5,51.5,8.4,18.3,37.0,False,9,5,4,3,68.3,1384.5,38.5,3,75.0,57.0,1
8,NH-29 Kohima Mountain,Nagaland,4.1,16.7,50.0,122.5,189.7,True,6,6,0,0,25.8,1137.2,34.4,4,45.0,37.3,1
6,NH-02 Imphal Lifeline,Manipur,6.0,31.0,18.7,37.9,55.9,True,2,2,0,4,59.5,1120.3,24.9,0,0.0,24.1,0
3,NH-229 Sela Pass,Arunachal Pradesh,10.5,40.2,2.7,5.4,10.9,False,7,1,6,2,76.9,3864.6,44.3,0,0.0,30.4,1
4,NH-06 Meghalaya Corridor,Meghalaya,0.7,3.3,2.1,4.3,8.6,False,6,1,5,2,49.4,1510.5,30.1,0,0.0,16.1,0
1,NH-27 Assam Arterial,Assam,4.8,20.9,4.4,8.9,17.7,False,1,0,1,0,39.0,50.0,3.5,0,0.0,10.7,1
12,NH-27S Haflong Hill,Assam,0.5,1.8,8.5,17.0,34.0,False,0,0,0,2,66.3,790.0,23.4,0,0.0,15.0,0
8,NH-29 Kohima Mountain,Nagaland,2.0,5.8,105.0,162.2,271.4,True,4,2,2,1,55.1,1564.7,34.4,4,45.0,31.6,1
5,SH-05 Cherrapunjee Highland,Meghalaya,11.6,58.7,0.7,1.3,3.1,False,5,5,0,3,38.7,1440.8,23.1,0,0.0,32.1,1
3,NH-229 Sela Pass,Arunachal Pradesh,0.4,1.5,35.4,60.3,94.6,True,5,3,2,2,78.3,3785.3,39.3,0,0.0,25.9,0
10,NH-08 Tripura Central,Tripura,32.5,117.3,27.4,46.7,69.8,True,1,1,0,0,42.3,50.0,2.0,1,75.0,51.0,0
6,NH-02 Imphal Lifeline,Manipur,2.4,9.7,1.1,2.3,3.4,False,1,1,0,1,49.8,1245.5,20.3,0,0.0,15.5,1
10,NH-08 Tripura Central,Tripura,3.8,14.7,0.9,1.8,3.5,False,2,1,1,0,33.2,199.7,22.5,3,75.0,33.2,1
5,SH-05 Cherrapunjee Highland,Meghalaya,3.0,14.6,2.9,4.4,10.2,False,6,4,2,4,69.0,1195.3,30.7,0,0.0,27.4,1
7,NH-102 Moreh Border,Manipur,15.4,66.1,7.0,10.4,19.8,False,2,2,0,0,35.4,720.9,11.7,1,45.0,36.1,0
10,NH-08 Tripura Central,Tripura,0.0,0.1,0.5,0.9,1.9,False,1,0,1,0,42.5,55.8,11.8,0,0.0,8.8,0
3,NH-229 Sela Pass,Arunachal Pradesh,18.9,93.5,7.4,15.1,22.4,True,9,7,2,4,69.8,3806.6,36.5,4,95.0,74.2,1
4,NH-06 Meghalaya Corridor,Meghalaya,8.3,26.9,14.0,22.8,54.9,False,6,2,4,1,93.4,1489.6,23.0,0,0.0,28.0,1
2,NH-13 Trans-Arunachal,Arunachal Pradesh,2.7,13.8,24.8,45.0,89.5,False,5,0,5,1,96.7,1651.4,36.0,4,75.0,43.2,1
6,NH-02 Imphal Lifeline,Manipur,0.0,0.1,2.8,5.6,11.1,False,8,2,6,3,42.2,1070.2,14.7,0,0.0,13.3,0
1,NH-27 Assam Arterial,Assam,12.0,87.3,1.9,3.1,5.5,True,3,0,3,2,44.1,50.0,5.7,3,45.0,36.5,0
1,NH-27 Assam Arterial,Assam,1.1,9.5,21.7,42.7,97.3,True,2,2,0,1,57.5,50.0,10.3,0,0.0,16.6,0
3,NH-229 Sela Pass,Arunachal Pradesh,21.0,71.1,34.0,56.8,124.8,True,4,4,0,1,55.4,3452.5,33.4,2,75.0,56.0,1
10,NH-08 Tripura Central,Tripura,0.2,0.8,0.2,0.4,0.8,False,1,1,0,0,37.3,50.0,9.0,0,0.0,9.6,0
3,NH-229 Sela Pass,Arunachal Pradesh,0.8,6.1,1.6,3.2,6.4,False,11,4,7,4,54.3,3830.5,59.0,1,75.0,46.1,1
7,NH-102 Moreh Border,Manipur,2.0,6.8,2.3,4.3,10.3,False,4,0,4,1,67.0,553.3,18.1,4,95.0,38.8,1
7,NH-102 Moreh Border,Manipur,3.8,23.3,83.3,129.7,206.4,True,1,0,1,0,27.8,547.3,11.7,0,0.0,11.2,0
8,NH-29 Kohima Mountain,Nagaland,8.7,47.0,3.0,6.0,12.0,False,5,3,2,2,61.1,1500.3,23.2,0,0.0,29.2,0
12,NH-27S Haflong Hill,Assam,1.4,6.9,5.1,10.3,20.6,False,5,4,1,0,57.5,762.7,25.2,0,0.0,23.1,0
3,NH-229 Sela Pass,Arunachal Pradesh,20.1,63.3,25.2,45.5,70.5,False,8,6,2,1,72.2,4111.9,38.3,0,0.0,43.1,1
10,NH-08 Tripura Central,Tripura,0.0,0.4,0.1,0.1,0.3,False,1,0,1,2,46.2,50.0,13.5,4,75.0,28.5,1
5,SH-05 Cherrapunjee Highland,Meghalaya,3.4,10.1,5.1,9.0,17.1,False,8,5,3,3,81.1,1178.6,42.7,1,75.0,51.5,1
11,NH-10 Teesta River Canyon,Sikkim,1.4,6.2,0.2,0.4,0.9,False,9,8,1,1,54.3,2013.7,43.0,0,0.0,34.0,0
3,NH-229 Sela Pass,Arunachal Pradesh,0.4,1.8,0.5,1.0,2.0,False,13,9,4,4,62.2,3575.1,35.4,1,95.0,58.5,0
8,NH-29 Kohima Mountain,Nagaland,16.2,43.1,23.3,36.9,87.5,False,2,2,0,1,73.7,1560.6,23.4,0,0.0,28.3,1
4,NH-06 Meghalaya Corridor,Meghalaya,21.9,107.8,5.4,12.0,22.0,True,3,0,3,1,58.6,1261.0,19.5,1,75.0,53.0,1
3,NH-229 Sela Pass,Arunachal Pradesh,0.5,2.4,4.2,8.3,16.6,False,8,3,5,1,67.7,3833.8,51.8,0,0.0,26.6,1
8,NH-29 Kohima Mountain,Nagaland,1.4,6.1,0.3,0.5,1.1,False,2,2,0,1,38.3,1577.0,32.7,0,0.0,17.5,1
5,SH-05 Cherrapunjee Highland,Meghalaya,4.4,25.1,5.2,10.5,19.1,False,11,6,5,3,58.5,1324.1,46.2,4,45.0,46.3,1
6,NH-02 Imphal Lifeline,Manipur,3.9,25.3,8.8,18.8,28.5,False,1,1,0,0,47.6,918.9,18.8,1,45.0,29.2,1
12,NH-27S Haflong Hill,Assam,1.8,5.9,7.2,15.2,33.7,True,3,3,0,2,77.6,489.7,28.0,3,75.0,43.2,1
7,NH-102 Moreh Border,Manipur,5.0,26.9,54.2,101.9,163.8,True,3,3,0,0,32.9,753.8,26.1,0,0.0,21.5,1
6,NH-02 Imphal Lifeline,Manipur,0.0,0.1,10.3,15.5,31.1,True,3,1,2,1,58.4,1043.1,22.4,1,75.0,34.0,0
8,NH-29 Kohima Mountain,Nagaland,14.7,38.0,22.8,34.6,57.8,False,3,0,3,2,66.9,1561.0,39.4,0,0.0,25.5,0
12,NH-27S Haflong Hill,Assam,9.0,58.8,29.2,47.3,82.8,True,7,4,3,1,57.8,955.7,29.2,0,0.0,34.3,0
7,NH-102 Moreh Border,Manipur,10.7,36.0,5.1,11.2,26.7,False,0,0,0,0,47.7,666.9,15.0,0,0.0,17.3,0
3,NH-229 Sela Pass,Arunachal Pradesh,4.8,31.2,16.0,30.5,48.1,False,7,6,1,2,52.5,3801.7,44.3,4,45.0,46.2,1
4,NH-06 Meghalaya Corridor,Meghalaya,3.9,22.6,2.2,4.1,9.0,False,4,1,3,1,36.7,1517.7,34.4,0,0.0,18.9,1
10,NH-08 Tripura Central,Tripura,9.7,28.2,4.2,10.4,20.2,False,2,2,0,0,39.9,274.5,10.8,0,0.0,17.8,0
10,NH-08 Tripura Central,Tripura,6.7,19.4,10.3,17.0,26.3,False,2,0,2,1,48.3,147.1,10.4,1,95.0,37.0,1
1,NH-27 Assam Arterial,Assam,3.2,10.1,27.3,40.6,91.1,True,0,0,0,0,21.1,170.5,18.7,1,75.0,27.7,1
3,NH-229 Sela Pass,Arunachal Pradesh,2.9,11.7,0.3,0.5,1.1,False,10,7,3,4,30.8,3695.6,34.4,4,95.0,51.6,0
6,NH-02 Imphal Lifeline,Manipur,1.3,4.3,0.3,0.6,1.2,False,5,3,2,0,34.5,1065.2,11.1,0,0.0,14.3,0
5,SH-05 Cherrapunjee Highland,Meghalaya,27.6,85.1,13.9,20.1,28.9,True,4,4,0,2,50.1,1444.8,37.2,3,45.0,51.2,1
6,NH-02 Imphal Lifeline,Manipur,1.2,5.1,9.5,17.3,42.4,False,3,2,1,0,53.2,770.3,17.5,0,0.0,16.5,0
11,NH-10 Teesta River Canyon,Sikkim,1.0,3.3,74.5,142.1,260.8,True,9,4,5,1,78.1,2036.2,50.1,2,45.0,41.6,1
1,NH-27 Assam Arterial,Assam,1.2,3.8,19.8,42.1,60.4,False,1,1,0,1,38.7,96.7,2.0,0,0.0,9.0,0
12,NH-27S Haflong Hill,Assam,3.2,23.9,1.4,2.7,5.4,False,4,2,2,1,55.6,901.6,21.1,0,0.0,21.4,0
5,SH-05 Cherrapunjee Highland,Meghalaya,5.5,46.4,56.7,106.5,167.5,True,5,4,1,1,87.0,923.4,34.8,2,95.0,61.0,1
4,NH-06 Meghalaya Corridor,Meghalaya,1.1,4.0,3.2,6.3,12.6,False,6,2,4,3,26.7,1489.0,20.7,0,0.0,13.0,0
12,NH-27S Haflong Hill,Assam,16.0,126.9,8.8,13.0,30.3,True,3,1,2,1,66.2,923.0,22.3,4,75.0,60.5,1
6,NH-02 Imphal Lifeline,Manipur,120.0,378.6,31.2,44.7,65.6,True,4,3,1,0,16.7,1376.3,25.2,4,75.0,62.3,1
11,NH-10 Teesta River Canyon,Sikkim,0.1,0.2,26.3,49.9,81.5,False,2,2,0,2,88.8,1484.2,52.2,0,0.0,27.3,0
7,NH-102 Moreh Border,Manipur,22.0,128.6,18.3,41.6,77.7,True,1,1,0,1,20.4,550.1,15.7,1,45.0,45.2,1
6,NH-02 Imphal Lifeline,Manipur,9.5,46.0,31.9,49.2,85.2,False,1,1,0,1,45.3,1057.1,27.3,0,0.0,23.4,0
7,NH-102 Moreh Border,Manipur,12.0,97.3,60.2,129.5,276.2,True,3,3,0,0,74.5,536.6,24.9,2,75.0,60.4,1
10,NH-08 Tripura Central,Tripura,0.4,2.4,5.3,10.7,21.3,False,1,1,0,0,32.1,50.0,10.1,0,0.0,9.3,0
2,NH-13 Trans-Arunachal,Arunachal Pradesh,6.8,29.9,5.2,8.2,17.3,True,2,2,0,1,44.1,2023.0,37.9,0,0.0,24.2,1
7,NH-102 Moreh Border,Manipur,9.6,32.3,12.6,28.1,49.7,True,3,2,1,2,38.2,502.8,16.8,0,0.0,19.5,0
11,NH-10 Teesta River Canyon,Sikkim,0.4,2.7,1.0,1.5,3.2,True,9,2,7,1,48.7,1505.0,52.4,1,45.0,33.1,1
6,NH-02 Imphal Lifeline,Manipur,0.2,0.9,0.3,0.6,1.1,False,4,0,4,0,74.6,1015.3,19.7,0,0.0,15.3,0
2,NH-13 Trans-Arunachal,Arunachal Pradesh,32.4,89.3,107.0,167.5,398.3,True,4,4,0,2,59.1,1806.9,37.2,0,0.0,42.2,1
1,NH-27 Assam Arterial,Assam,0.1,0.6,1.6,3.2,6.5,False,1,1,0,2,30.7,225.3,8.5,1,75.0,27.2,0
4,NH-06 Meghalaya Corridor,Meghalaya,2.0,17.5,2.9,5.9,11.8,False,2,2,0,0,69.4,1435.0,29.8,0,0.0,23.9,0
5,SH-05 Cherrapunjee Highland,Meghalaya,0.1,0.3,12.1,28.7,64.1,False,7,6,1,2,38.9,1309.2,39.6,3,95.0,49.6,1
8,NH-29 Kohima Mountain,Nagaland,2.5,11.4,1.8,3.7,7.3,False,5,5,0,1,65.3,1613.0,38.4,0,0.0,29.7,0
2,NH-13 Trans-Arunachal,Arunachal Pradesh,38.6,123.1,4.6,9.8,14.4,True,8,3,5,1,33.4,1878.3,36.9,3,75.0,61.8,1
6,NH-02 Imphal Lifeline,Manipur,0.7,3.1,5.0,10.1,20.1,False,6,2,4,0,55.6,926.4,9.7,0,0.0,14.9,0
9,NH-54 Aizawl Ridge,Mizoram,3.8,10.4,11.6,20.8,45.1,False,5,4,1,0,61.8,1351.6,36.4,0,0.0,26.6,0
4,NH-06 Meghalaya Corridor,Meghalaya,2.9,11.0,3.4,6.7,13.5,False,6,1,5,3,62.6,1288.0,20.9,0,0.0,17.8,1
8,NH-29 Kohima Mountain,Nagaland,33.1,100.6,23.6,52.4,93.9,True,5,5,0,2,60.5,1536.2,36.9,1,75.0,65.3,1
2,NH-13 Trans-Arunachal,Arunachal Pradesh,11.7,78.6,4.5,7.8,13.7,False,4,2,2,3,84.0,1947.9,48.8,1,45.0,53.3,1
6,NH-02 Imphal Lifeline,Manipur,3.1,10.6,0.3,0.7,1.4,False,3,1,2,0,57.7,1203.8,17.5,0,0.0,16.3,0
2,NH-13 Trans-Arunachal,Arunachal Pradesh,2.1,7.8,0.1,0.2,0.4,False,3,3,0,2,48.6,1830.6,22.3,0,0.0,19.3,0
5,SH-05 Cherrapunjee Highland,Meghalaya,0.7,4.2,0.1,0.1,0.3,False,6,4,2,1,57.5,1311.9,32.2,0,0.0,23.9,1
3,NH-229 Sela Pass,Arunachal Pradesh,7.7,70.4,12.6,26.8,44.5,False,8,2,6,1,76.8,3846.5,49.5,3,45.0,50.8,1
8,NH-29 Kohima Mountain,Nagaland,2.4,22.6,0.7,1.4,3.3,False,3,3,0,1,37.7,1602.6,36.6,0,0.0,23.5,0
8,NH-29 Kohima Mountain,Nagaland,64.6,207.6,0.9,1.6,3.6,True,7,3,4,3,52.4,1465.8,35.5,4,45.0,62.2,1
10,NH-08 Tripura Central,Tripura,0.2,1.0,2.4,4.7,9.5,False,3,0,3,0,75.9,50.0,12.7,0,0.0,14.1,1
5,SH-05 Cherrapunjee Highland,Meghalaya,3.6,16.9,10.4,15.6,38.7,False,7,5,2,2,63.6,1270.3,39.8,0,0.0,30.9,1
3,NH-229 Sela Pass,Arunachal Pradesh,5.2,16.7,60.9,92.5,160.3,True,9,3,6,5,50.4,3784.5,38.9,3,75.0,43.4,0
12,NH-27S Haflong Hill,Assam,0.7,3.0,33.1,47.9,85.7,True,1,1,0,0,44.0,701.0,34.2,3,75.0,34.8,0
10,NH-08 Tripura Central,Tripura,5.5,44.1,10.2,15.9,31.7,True,2,1,1,0,30.6,300.4,14.7,2,75.0,37.1,1
6,NH-02 Imphal Lifeline,Manipur,1.2,4.2,1.7,3.4,6.9,False,5,4,1,2,49.1,1053.7,30.2,0,0.0,22.2,0
7,NH-102 Moreh Border,Manipur,0.4,1.3,0.0,0.1,0.1,False,2,2,0,1,39.1,586.9,22.3,0,0.0,14.6,0
7,NH-102 Moreh Border,Manipur,0.2,0.9,3.4,6.8,13.7,False,2,0,2,0,11.6,666.9,23.3,3,45.0,17.8,0
8,NH-29 Kohima Mountain,Nagaland,27.3,253.8,8.5,15.3,24.3,True,6,4,2,3,58.6,1442.6,37.5,4,45.0,65.5,1
2,NH-13 Trans-Arunachal,Arunachal Pradesh,3.7,15.2,7.1,16.6,30.7,False,7,3,4,0,59.5,2019.7,36.2,0,0.0,25.2,0
10,NH-08 Tripura Central,Tripura,2.3,8.6,0.4,0.7,1.2,False,0,0,0,0,76.1,50.0,10.2,0,0.0,15.2,1
5,SH-05 Cherrapunjee Highland,Meghalaya,53.8,140.5,38.4,56.8,84.3,True,5,3,2,4,40.2,1513.2,30.8,0,0.0,46.3,1
4,NH-06 Meghalaya Corridor,Meghalaya,0.5,2.9,5.6,11.1,22.3,False,1,1,0,0,26.1,1616.1,22.3,0,0.0,11.0,1
4,NH-06 Meghalaya Corridor,Meghalaya,22.6,175.7,25.7,46.6,101.9,True,7,4,3,3,40.4,1690.4,23.6,0,0.0,48.8,1
7,NH-102 Moreh Border,Manipur,7.0,21.7,22.0,41.8,75.4,True,1,0,1,1,58.9,810.2,20.3,3,75.0,36.0,1
9,NH-54 Aizawl Ridge,Mizoram,2.4,18.7,0.8,1.5,3.0,True,4,4,0,1,89.8,1222.1,31.1,0,0.0,31.4,0
11,NH-10 Teesta River Canyon,Sikkim,6.5,23.2,1.9,3.8,7.6,False,9,5,4,0,72.9,1608.8,44.2,0,0.0,34.4,0
10,NH-08 Tripura Central,Tripura,19.4,57.2,1.1,1.9,3.7,False,3,2,1,0,17.3,93.2,6.4,1,75.0,38.1,0
7,NH-102 Moreh Border,Manipur,0.5,3.8,0.7,1.8,4.2,False,1,1,0,0,61.9,362.5,15.7,0,0.0,15.2,1
11,NH-10 Teesta River Canyon,Sikkim,28.6,181.4,0.6,1.2,2.0,True,8,8,0,2,76.0,1826.4,52.9,2,45.0,78.7,1
1,NH-27 Assam Arterial,Assam,4.9,15.3,40.2,63.3,107.6,True,1,1,0,1,78.9,50.0,11.6,0,0.0,19.2,0
3,NH-229 Sela Pass,Arunachal Pradesh,3.6,13.6,0.2,0.4,0.7,False,8,4,4,0,49.8,4081.4,39.1,0,0.0,26.0,0
4,NH-06 Meghalaya Corridor,Meghalaya,0.2,1.3,6.4,12.9,25.8,False,4,4,0,0,45.0,1635.5,25.2,0,0.0,20.0,0
9,NH-54 Aizawl Ridge,Mizoram,0.8,6.7,1.4,2.7,5.5,False,5,3,2,3,71.1,1150.4,24.5,2,45.0,34.2,0
1,NH-27 Assam Arterial,Assam,0.9,3.8,2.6,5.2,10.4,False,0,0,0,1,47.5,50.0,16.3,0,0.0,11.2,0
5,SH-05 Cherrapunjee Highland,Meghalaya,1.0,4.1,5.7,11.5,22.9,False,4,4,0,3,56.9,1198.8,31.2,0,0.0,23.6,1
9,NH-54 Aizawl Ridge,Mizoram,2.9,28.7,40.7,76.3,126.1,True,5,1,4,0,33.1,1122.7,27.3,3,45.0,29.4,0
6,NH-02 Imphal Lifeline,Manipur,0.4,2.5,3.5,7.0,14.0,False,2,2,0,1,28.6,875.3,20.2,0,0.0,12.8,1
5,SH-05 Cherrapunjee Highland,Meghalaya,0.8,3.3,7.3,14.5,29.1,False,5,5,0,7,58.0,1464.9,34.4,0,0.0,26.2,0
2,NH-13 Trans-Arunachal,Arunachal Pradesh,0.1,0.2,2.0,4.0,8.1,False,5,4,1,0,18.7,1814.7,45.9,0,0.0,20.0,0
12,NH-27S Haflong Hill,Assam,39.9,99.7,6.8,15.0,24.3,True,5,2,3,2,45.4,917.8,30.8,3,75.0,55.6,1
7,NH-102 Moreh Border,Manipur,0.4,2.1,2.8,5.6,11.2,False,5,3,2,1,36.0,642.3,20.9,0,0.0,16.0,0
7,NH-102 Moreh Border,Manipur,22.7,126.8,54.7,114.9,249.3,True,3,3,0,1,51.7,655.7,11.2,4,75.0,60.1,1
12,NH-27S Haflong Hill,Assam,1.6,11.5,1.1,2.1,4.3,False,5,5,0,0,58.8,845.4,38.5,0,0.0,28.8,0
8,NH-29 Kohima Mountain,Nagaland,17.6,129.2,1.6,3.0,4.5,True,5,5,0,2,96.4,1446.1,36.1,3,75.0,76.3,1
4,NH-06 Meghalaya Corridor,Meghalaya,0.7,6.1,13.8,27.5,55.0,False,3,0,3,1,83.1,1564.3,8.8,3,95.0,39.2,1
11,NH-10 Teesta River Canyon,Sikkim,2.3,10.8,3.6,7.3,14.6,False,12,7,5,2,71.9,1780.6,38.5,0,0.0,34.6,0
6,NH-02 Imphal Lifeline,Manipur,3.0,17.4,1.3,2.6,5.1,False,3,3,0,1,51.1,885.7,31.8,0,0.0,23.5,0
9,NH-54 Aizawl Ridge,Mizoram,0.2,0.7,0.2,0.4,0.9,False,4,4,0,0,58.2,1523.3,34.2,0,0.0,23.7,0
9,NH-54 Aizawl Ridge,Mizoram,0.1,0.7,1.0,2.0,4.1,False,8,2,6,1,61.9,1168.7,30.0,0,0.0,19.4,1
11,NH-10 Teesta River Canyon,Sikkim,3.5,24.4,7.5,15.1,23.7,False,6,6,0,1,67.0,1707.7,49.2,0,0.0,36.8,1
2,NH-13 Trans-Arunachal,Arunachal Pradesh,8.8,29.7,12.7,28.7,57.3,False,3,3,0,2,27.6,1417.9,39.5,0,0.0,24.0,1
5,SH-05 Cherrapunjee Highland,Meghalaya,0.9,4.4,3.4,6.8,13.7,False,8,7,1,2,34.3,1267.2,39.1,0,0.0,27.8,0
2,NH-13 Trans-Arunachal,Arunachal Pradesh,0.9,4.5,0.3,0.6,1.1,False,6,4,2,0,69.9,1796.3,38.8,0,0.0,27.1,0
7,NH-102 Moreh Border,Manipur,32.5,199.1,2.4,5.3,8.5,True,4,1,3,0,47.4,711.0,18.2,0,0.0,42.7,1
12,NH-27S Haflong Hill,Assam,13.6,78.8,25.1,40.0,81.8,True,2,2,0,0,49.5,855.4,24.8,1,45.0,43.4,1
2,NH-13 Trans-Arunachal,Arunachal Pradesh,0.3,1.6,1.0,2.0,4.0,False,3,3,0,0,84.1,2007.5,38.2,0,0.0,26.6,1
10,NH-08 Tripura Central,Tripura,17.8,65.2,26.0,38.4,56.5,False,0,0,0,0,35.0,74.1,5.2,3,75.0,38.1,1
9,NH-54 Aizawl Ridge,Mizoram,0.7,3.9,5.1,10.2,20.4,False,4,0,4,2,44.1,1327.9,34.1,3,75.0,33.0,0
11,NH-10 Teesta River Canyon,Sikkim,5.5,48.3,33.6,72.5,164.4,True,7,6,1,1,64.6,1704.5,42.6,0,0.0,39.9,0
1,NH-27 Assam Arterial,Assam,0.0,0.2,0.3,0.6,1.1,False,3,2,1,3,42.1,164.8,8.9,3,45.0,23.4,1
1,NH-27 Assam Arterial,Assam,26.9,87.8,20.2,38.1,93.4,True,3,0,3,0,55.3,107.0,8.3,1,75.0,46.3,1
8,NH-29 Kohima Mountain,Nagaland,25.6,132.7,13.9,32.0,65.8,True,6,2,4,0,39.2,1484.5,34.9,0,0.0,43.4,1
2,NH-13 Trans-Arunachal,Arunachal Pradesh,7.7,60.7,55.4,83.1,174.4,True,6,4,2,1,67.8,1798.7,37.3,0,0.0,37.8,1
4,NH-06 Meghalaya Corridor,Meghalaya,3.5,9.7,3.5,5.3,7.6,True,5,3,2,2,52.2,1273.2,23.6,0,0.0,20.5,0
2,NH-13 Trans-Arunachal,Arunachal Pradesh,2.1,13.5,0.2,0.4,0.8,True,6,1,5,3,56.1,1787.4,34.3,2,45.0,31.2,1
11,NH-10 Teesta River Canyon,Sikkim,5.7,19.1,13.6,26.0,57.1,False,7,7,0,2,83.2,1847.1,50.4,3,75.0,59.1,1
12,NH-27S Haflong Hill,Assam,1.0,6.2,0.4,0.8,1.7,False,5,2,3,2,43.4,746.1,27.0,0,0.0,17.1,1
4,NH-06 Meghalaya Corridor,Meghalaya,0.4,2.3,1.5,3.0,6.0,False,5,1,4,3,33.5,1417.3,19.3,0,0.0,11.4,0
3,NH-229 Sela Pass,Arunachal Pradesh,2.3,18.6,1.7,4.3,9.3,False,6,6,0,3,83.0,3781.3,33.8,0,0.0,34.9,1
4,NH-06 Meghalaya Corridor,Meghalaya,0.6,4.1,2.0,3.9,7.9,False,4,0,4,1,33.5,1404.1,29.9,0,0.0,11.8,0
10,NH-08 Tripura Central,Tripura,11.5,47.9,2.1,3.4,8.0,False,0,0,0,3,42.6,111.9,12.0,2,95.0,42.1,0
12,NH-27S Haflong Hill,Assam,10.6,28.9,4.5,7.2,17.4,True,8,2,6,0,5.0,771.0,39.5,0,0.0,18.4,1
11,NH-10 Teesta River Canyon,Sikkim,1.4,9.5,0.4,0.8,1.9,False,5,3,2,1,72.0,1523.4,35.6,2,95.0,49.6,0
12,NH-27S Haflong Hill,Assam,2.2,8.3,0.4,0.9,1.3,False,2,2,0,2,26.0,964.8,20.3,0,0.0,13.6,0
2,NH-13 Trans-Arunachal,Arunachal Pradesh,0.6,1.9,22.1,42.4,75.9,False,4,4,0,1,55.2,1857.0,44.9,0,0.0,25.6,0
1,NH-27 Assam Arterial,Assam,3.9,21.2,21.3,39.9,62.6,False,2,2,0,0,37.1,50.0,9.5,2,45.0,27.0,0
2,NH-13 Trans-Arunachal,Arunachal Pradesh,0.9,3.0,1.4,2.7,5.5,False,6,6,0,0,44.2,1725.6,34.0,0,0.0,26.0,0
11,NH-10 Teesta River Canyon,Sikkim,15.5,133.6,21.5,44.7,86.1,True,8,6,2,2,62.1,1906.1,36.8,0,0.0,55.4,0
3,NH-229 Sela Pass,Arunachal Pradesh,4.8,25.5,6.3,9.6,17.7,False,6,5,1,3,71.2,3660.4,43.2,0,0.0,34.4,0
11,NH-10 Teesta River Canyon,Sikkim,7.3,23.4,6.0,12.0,17.7,False,5,5,0,2,55.9,1954.9,41.2,1,45.0,42.6,1
7,NH-102 Moreh Border,Manipur,6.6,34.6,100.1,145.1,228.9,True,2,2,0,0,36.1,824.6,9.6,1,45.0,29.5,0
9,NH-54 Aizawl Ridge,Mizoram,38.3,114.6,2.8,5.0,9.9,True,3,2,1,1,21.3,1664.2,30.3,3,95.0,59.9,1
5,SH-05 Cherrapunjee Highland,Meghalaya,11.7,63.4,7.3,16.3,31.3,False,6,6,0,2,31.8,1201.4,32.7,1,75.0,54.7,0
6,NH-02 Imphal Lifeline,Manipur,5.3,15.1,35.5,56.7,116.7,True,5,1,4,1,23.3,906.9,15.7,2,45.0,22.9,0
5,SH-05 Cherrapunjee Highland,Meghalaya,0.2,0.9,5.0,10.0,20.0,False,6,1,5,1,59.7,1245.7,50.8,0,0.0,21.1,0
8,NH-29 Kohima Mountain,Nagaland,0.9,4.3,1.4,2.9,5.7,True,4,4,0,1,5.0,1788.2,32.2,4,95.0,39.8,1
9,NH-54 Aizawl Ridge,Mizoram,25.9,76.4,45.3,71.4,131.6,True,2,2,0,1,57.5,1092.8,29.2,0,0.0,33.7,1
12,NH-27S Haflong Hill,Assam,0.3,1.0,9.4,16.2,25.0,False,4,2,2,1,42.6,661.0,20.9,3,45.0,26.0,0
1,NH-27 Assam Arterial,Assam,10.0,29.6,59.9,115.9,197.3,True,2,0,2,1,29.3,354.5,4.9,0,0.0,11.3,1
5,SH-05 Cherrapunjee Highland,Meghalaya,14.4,40.0,37.0,72.0,125.7,True,6,6,0,0,49.7,1286.4,41.2,2,95.0,59.4,1
9,NH-54 Aizawl Ridge,Mizoram,0.5,2.3,40.6,58.6,123.5,True,6,3,3,1,49.8,974.5,38.9,0,0.0,21.7,1
12,NH-27S Haflong Hill,Assam,0.8,4.2,0.0,0.1,0.2,False,4,3,1,1,29.1,496.9,11.1,0,0.0,13.4,0
3,NH-229 Sela Pass,Arunachal Pradesh,0.9,3.5,25.2,45.2,72.6,False,7,5,2,4,44.6,3751.2,38.0,0,0.0,25.0,1
5,SH-05 Cherrapunjee Highland,Meghalaya,13.3,68.8,15.7,31.3,59.6,False,4,4,0,1,26.4,1219.0,39.6,0,0.0,33.6,0
10,NH-08 Tripura Central,Tripura,23.2,109.7,6.5,15.9,25.1,True,1,1,0,0,77.2,145.0,25.8,4,45.0,51.9,1
4,NH-06 Meghalaya Corridor,Meghalaya,0.4,3.6,48.3,76.7,127.2,True,7,2,5,0,44.8,1577.0,31.7,0,0.0,17.8,1
4,NH-06 Meghalaya Corridor,Meghalaya,10.0,29.4,43.3,75.0,114.1,True,2,1,1,1,21.8,1655.2,31.9,4,45.0,28.8,0
1,NH-27 Assam Arterial,Assam,1.0,4.6,0.5,1.0,2.1,False,1,1,0,1,43.2,50.0,10.5,0,0.0,11.5,0
1,NH-27 Assam Arterial,Assam,15.9,96.6,5.5,9.1,21.4,True,1,1,0,0,38.1,66.5,14.3,1,95.0,53.6,1
9,NH-54 Aizawl Ridge,Mizoram,5.5,36.3,17.0,32.9,49.8,True,3,0,3,0,40.6,1295.3,40.5,0,0.0,21.5,1
2,NH-13 Trans-Arunachal,Arunachal Pradesh,19.8,68.2,8.1,14.2,22.8,True,6,3,3,1,38.6,1995.6,37.3,1,95.0,56.6,0
11,NH-10 Teesta River Canyon,Sikkim,0.1,0.3,14.3,20.4,33.9,False,8,7,1,2,61.6,1623.7,56.7,3,75.0,52.0,0
10,NH-08 Tripura Central,Tripura,0.2,1.2,28.2,46.8,70.2,False,1,1,0,0,70.7,50.0,6.8,0,0.0,14.2,0
11,NH-10 Teesta River Canyon,Sikkim,5.3,28.5,1.9,3.8,7.6,False,4,4,0,1,82.1,1921.6,48.3,0,0.0,35.7,1
3,NH-229 Sela Pass,Arunachal Pradesh,1.3,9.8,2.8,5.5,11.1,False,3,3,0,1,55.7,3876.3,38.7,4,75.0,42.8,0
4,NH-06 Meghalaya Corridor,Meghalaya,0.0,0.2,1.5,3.0,5.9,False,5,5,0,1,97.4,1380.1,24.9,2,75.0,48.4,0
5,SH-05 Cherrapunjee Highland,Meghalaya,3.5,11.4,15.6,29.1,64.1,False,3,3,0,3,77.7,1441.7,34.3,0,0.0,26.8,0
9,NH-54 Aizawl Ridge,Mizoram,3.8,19.1,0.7,1.3,2.7,True,11,6,5,0,45.4,1329.3,21.7,1,75.0,45.7,0
4,NH-06 Meghalaya Corridor,Meghalaya,44.9,114.2,13.1,24.8,55.9,True,3,2,1,2,53.1,1502.6,12.1,1,45.0,48.5,0
4,NH-06 Meghalaya Corridor,Meghalaya,0.6,4.0,1.0,2.0,4.1,False,8,1,7,3,41.3,1388.6,19.3,0,0.0,12.9,1
8,NH-29 Kohima Mountain,Nagaland,1.3,8.6,18.1,27.0,42.5,True,3,3,0,1,67.6,1803.9,32.5,2,45.0,35.6,1
5,SH-05 Cherrapunjee Highland,Meghalaya,0.5,2.8,1.5,3.1,6.2,False,8,4,4,3,53.7,1044.7,39.6,0,0.0,24.5,0
3,NH-229 Sela Pass,Arunachal Pradesh,14.9,56.6,13.8,32.8,66.0,True,6,5,1,4,66.9,4067.6,42.1,2,45.0,51.0,1
7,NH-102 Moreh Border,Manipur,0.0,0.2,3.4,6.2,13.6,False,2,0,2,1,73.7,753.1,9.4,2,75.0,31.7,1
7,NH-102 Moreh Border,Manipur,18.6,63.1,0.6,1.2,1.8,False,1,1,0,1,50.2,771.2,20.8,3,45.0,37.6,0
3,NH-229 Sela Pass,Arunachal Pradesh,0.7,6.3,2.2,4.4,8.9,False,5,5,0,2,66.4,3726.0,36.3,0,0.0,28.5,1
8,NH-29 Kohima Mountain,Nagaland,11.2,61.0,3.1,7.5,17.1,False,9,3,6,1,50.4,1707.3,39.6,0,0.0,33.7,1
5,SH-05 Cherrapunjee Highland,Meghalaya,0.9,3.2,9.6,19.2,38.4,False,6,5,1,0,83.6,1373.5,37.0,0,0.0,30.6,0
4,NH-06 Meghalaya Corridor,Meghalaya,9.1,61.7,0.2,0.3,0.4,False,5,4,1,0,43.8,1708.3,15.8,1,45.0,41.3,0
2,NH-13 Trans-Arunachal,Arunachal Pradesh,2.4,8.3,0.5,0.9,1.8,False,6,5,1,1,35.9,1697.8,45.2,1,95.0,49.8,0
7,NH-102 Moreh Border,Manipur,2.0,9.3,1.2,2.3,4.6,False,3,1,2,0,59.8,867.5,14.3,0,0.0,15.7,1
9,NH-54 Aizawl Ridge,Mizoram,105.4,269.1,8.2,15.2,33.2,True,8,7,1,3,64.6,1443.4,38.5,0,0.0,61.4,1
4,NH-06 Meghalaya Corridor,Meghalaya,0.0,0.1,3.7,7.4,14.7,False,4,4,0,2,28.4,1185.0,22.3,0,0.0,16.7,0
4,NH-06 Meghalaya Corridor,Meghalaya,2.6,10.7,14.1,21.5,41.0,True,5,1,4,0,61.9,1388.8,23.4,1,45.0,29.4,1
6,NH-02 Imphal Lifeline,Manipur,2.0,9.9,15.7,31.9,52.1,False,6,3,3,2,7.3,964.9,21.8,4,45.0,24.7,0
4,NH-06 Meghalaya Corridor,Meghalaya,5.3,27.6,9.0,15.5,34.3,False,1,1,0,2,18.5,1403.3,32.7,0,0.0,16.8,1
3,NH-229 Sela Pass,Arunachal Pradesh,0.2,0.8,1.6,3.2,6.3,False,6,3,3,1,74.5,3842.8,47.4,0,0.0,26.8,0
12,NH-27S Haflong Hill,Assam,1.6,8.4,1.3,2.6,5.2,False,5,1,4,1,37.0,733.3,25.4,0,0.0,14.3,0
6,NH-02 Imphal Lifeline,Manipur,5.2,33.0,18.3,41.9,91.6,True,4,3,1,2,64.7,928.4,28.5,0,0.0,28.0,0
11,NH-10 Teesta River Canyon,Sikkim,1.7,10.0,7.0,14.0,27.9,False,7,5,2,3,78.2,1918.4,45.1,0,0.0,32.8,1
3,NH-229 Sela Pass,Arunachal Pradesh,5.9,20.2,1.6,3.2,6.3,False,10,5,5,1,46.2,3968.5,39.0,0,0.0,28.8,1
4,NH-06 Meghalaya Corridor,Meghalaya,7.2,26.9,4.0,7.8,18.8,False,6,1,5,0,30.4,1477.1,26.9,3,45.0,28.6,1
11,NH-10 Teesta River Canyon,Sikkim,0.2,1.1,2.6,5.3,10.5,False,5,3,2,5,54.0,1559.2,35.5,0,0.0,21.4,0
6,NH-02 Imphal Lifeline,Manipur,18.2,161.3,42.8,76.8,143.4,True,12,4,8,1,63.3,1058.2,23.7,3,45.0,63.5,1
5,SH-05 Cherrapunjee Highland,Meghalaya,25.4,128.3,4.1,5.9,12.0,True,8,0,8,1,61.7,1233.1,38.4,2,75.0,61.3,1
10,NH-08 Tripura Central,Tripura,47.6,129.2,3.4,7.7,11.0,True,3,3,0,2,50.6,50.0,6.8,1,75.0,59.5,1
5,SH-05 Cherrapunjee Highland,Meghalaya,17.9,60.0,24.8,35.8,72.2,False,6,6,0,3,45.0,1140.0,36.2,4,75.0,56.7,1
7,NH-102 Moreh Border,Manipur,1.8,12.0,4.3,7.1,15.2,True,1,1,0,0,72.3,623.9,10.8,3,75.0,36.2,0
7,NH-102 Moreh Border,Manipur,3.5,30.6,23.7,44.7,79.0,False,2,1,1,1,47.5,626.6,10.2,3,75.0,36.0,1
7,NH-102 Moreh Border,Manipur,54.9,140.4,6.1,11.2,19.5,True,4,2,2,2,46.2,530.8,18.5,4,75.0,61.5,1
5,SH-05 Cherrapunjee Highland,Meghalaya,8.4,57.5,5.1,9.4,18.4,False,7,2,5,2,74.8,1169.6,35.6,1,45.0,45.1,1
3,NH-229 Sela Pass,Arunachal Pradesh,1.1,7.6,11.6,23.2,46.4,False,5,5,0,2,82.3,3857.3,49.9,1,45.0,45.1,0
1,NH-27 Assam Arterial,Assam,25.6,155.9,10.0,14.8,30.5,True,2,1,1,1,73.4,50.0,13.3,4,75.0,64.4,1
1,NH-27 Assam Arterial,Assam,1.6,8.2,3.2,6.3,12.6,False,1,0,1,1,33.8,156.1,3.0,0,0.0,7.3,0
9,NH-54 Aizawl Ridge,Mizoram,9.6,46.8,19.9,31.7,46.1,True,3,2,1,1,49.1,1053.8,31.0,1,45.0,38.2,0
7,NH-102 Moreh Border,Manipur,16.8,69.4,5.4,12.8,22.4,False,1,1,0,0,51.7,589.7,15.3,0,0.0,26.7,0
12,NH-27S Haflong Hill,Assam,2.7,18.2,6.5,14.7,32.3,False,3,0,3,2,61.7,817.2,24.0,2,45.0,28.9,0
8,NH-29 Kohima Mountain,Nagaland,7.0,44.7,27.0,44.3,107.4,True,6,6,0,1,73.7,1525.2,32.3,0,0.0,38.5,1
7,NH-102 Moreh Border,Manipur,0.9,3.7,0.5,0.9,1.9,False,2,2,0,0,51.7,713.7,17.8,0,0.0,16.0,0
4,NH-06 Meghalaya Corridor,Meghalaya,6.1,23.5,0.5,0.9,2.0,True,2,1,1,0,47.7,1649.9,15.2,0,0.0,16.9,0
5,SH-05 Cherrapunjee Highland,Meghalaya,0.1,0.7,1.5,3.0,6.0,False,5,5,0,1,87.2,1383.3,32.0,0,0.0,29.6,0
5,SH-05 Cherrapunjee Highland,Meghalaya,2.2,16.9,20.5,29.7,50.9,True,9,4,5,1,53.3,1480.8,27.4,4,45.0,36.1,0
3,NH-229 Sela Pass,Arunachal Pradesh,27.3,99.1,5.3,11.5,24.3,True,10,6,4,1,28.3,3839.9,52.1,0,0.0,46.1,1
4,NH-06 Meghalaya Corridor,Meghalaya,0.4,2.1,2.8,4.1,8.9,False,5,2,3,0,43.0,1103.0,31.4,4,45.0,28.4,0
7,NH-102 Moreh Border,Manipur,0.1,1.0,20.0,48.2,75.5,False,3,3,0,1,34.4,826.5,13.4,3,75.0,32.8,0
6,NH-02 Imphal Lifeline,Manipur,1.4,6.6,2.1,4.3,8.5,False,3,3,0,2,59.3,883.3,18.4,4,95.0,43.6,0
12,NH-27S Haflong Hill,Assam,1.6,5.4,0.5,0.9,1.9,False,4,3,1,2,93.5,809.4,26.9,0,0.0,26.5,0
12,NH-27S Haflong Hill,Assam,18.6,47.8,8.8,14.3,22.8,True,4,3,1,0,36.2,700.8,27.4,4,95.0,50.2,1
5,SH-05 Cherrapunjee Highland,Meghalaya,11.9,46.4,7.8,12.4,29.6,False,8,5,3,3,34.9,1223.2,26.9,1,95.0,53.6,0
12,NH-27S Haflong Hill,Assam,4.6,13.7,13.0,19.2,29.5,False,3,3,0,1,36.6,986.6,25.2,0,0.0,19.3,0
5,SH-05 Cherrapunjee Highland,Meghalaya,25.8,130.8,7.4,10.7,20.9,True,10,6,4,3,52.3,1122.1,37.4,0,0.0,53.5,1
12,NH-27S Haflong Hill,Assam,4.0,18.0,27.0,39.3,56.3,False,5,3,2,4,65.3,919.1,36.5,1,75.0,45.4,0
5,SH-05 Cherrapunjee Highland,Meghalaya,14.1,38.8,24.6,57.3,87.1,False,6,4,2,4,66.8,1417.7,31.2,3,95.0,55.8,1
9,NH-54 Aizawl Ridge,Mizoram,8.8,75.7,0.4,0.9,1.4,False,4,2,2,1,74.8,1308.5,32.6,0,0.0,36.9,1
4,NH-06 Meghalaya Corridor,Meghalaya,0.4,1.6,1.5,3.0,6.1,False,6,2,4,0,54.0,1531.7,15.5,4,75.0,34.3,1
12,NH-27S Haflong Hill,Assam,0.4,1.8,1.1,2.2,4.5,False,8,0,8,2,47.9,653.0,29.0,2,75.0,32.1,1
2,NH-13 Trans-Arunachal,Arunachal Pradesh,1.9,8.4,2.0,4.0,7.9,False,5,5,0,1,56.6,1786.5,25.5,4,75.0,44.0,1
4,NH-06 Meghalaya Corridor,Meghalaya,32.7,136.9,22.6,34.8,66.8,True,3,3,0,2,57.5,1381.1,39.2,1,95.0,73.6,1
2,NH-13 Trans-Arunachal,Arunachal Pradesh,1.8,8.4,1.9,3.9,7.8,False,3,3,0,1,52.5,1990.6,21.8,0,0.0,19.9,0
6,NH-02 Imphal Lifeline,Manipur,1.2,6.5,2.8,5.5,11.0,False,2,1,1,0,36.8,933.1,31.5,0,0.0,15.1,0
9,NH-54 Aizawl Ridge,Mizoram,0.3,2.7,2.0,4.1,8.1,False,4,4,0,0,66.7,1407.3,36.2,2,45.0,37.0,1
1,NH-27 Assam Arterial,Assam,0.6,5.2,0.1,0.3,0.5,True,0,0,0,0,85.3,123.0,6.9,4,45.0,26.5,1
3,NH-229 Sela Pass,Arunachal Pradesh,0.0,0.1,2.3,4.6,9.2,False,10,4,6,1,32.6,3908.4,37.8,4,95.0,44.2,1
11,NH-10 Teesta River Canyon,Sikkim,2.0,8.5,2.0,4.1,8.1,False,7,3,4,3,33.7,1868.6,45.4,1,45.0,33.1,0
7,NH-102 Moreh Border,Manipur,4.5,15.3,0.4,0.8,1.5,False,4,3,1,0,59.7,923.1,15.1,0,0.0,21.0,0
10,NH-08 Tripura Central,Tripura,0.5,2.5,6.1,12.2,24.5,False,1,0,1,0,40.6,126.7,10.3,3,95.0,32.4,1
2,NH-13 Trans-Arunachal,Arunachal Pradesh,0.2,1.6,1.9,3.8,7.6,False,4,1,3,0,55.6,2032.0,37.2,0,0.0,18.1,1
5,SH-05 Cherrapunjee Highland,Meghalaya,21.6,93.0,45.0,90.5,208.7,True,11,5,6,1,17.7,1243.5,32.3,4,75.0,56.5,1
1,NH-27 Assam Arterial,Assam,7.3,19.5,37.5,63.1,155.4,True,0,0,0,0,45.8,50.0,2.0,0,0.0,11.2,1
3,NH-229 Sela Pass,Arunachal Pradesh,0.8,3.1,4.7,9.4,18.8,False,6,4,2,3,75.5,3811.7,37.4,2,95.0,51.2,1
8,NH-29 Kohima Mountain,Nagaland,3.0,8.2,22.3,52.5,87.8,False,10,2,8,0,50.8,1448.4,20.9,3,75.0,36.2,0
12,NH-27S Haflong Hill,Assam,0.5,4.2,0.3,0.5,1.0,False,3,3,0,1,56.9,918.5,33.4,4,75.0,40.8,0
1,NH-27 Assam Arterial,Assam,0.5,1.7,1.1,2.2,4.4,False,2,1,1,1,12.7,189.1,10.2,0,0.0,6.3,0
8,NH-29 Kohima Mountain,Nagaland,1.6,6.0,0.9,1.9,3.8,False,5,4,1,1,62.3,1605.9,39.1,0,0.0,26.4,0
9,NH-54 Aizawl Ridge,Mizoram,0.1,0.5,0.3,0.6,1.2,False,8,2,6,3,84.6,1220.4,32.4,1,95.0,47.0,0
4,NH-06 Meghalaya Corridor,Meghalaya,4.5,21.0,1.0,1.9,3.8,False,2,2,0,1,91.0,1248.2,11.7,0,0.0,24.2,0
7,NH-102 Moreh Border,Manipur,0.8,4.8,3.2,6.5,13.0,False,1,1,0,0,31.7,529.9,11.1,0,0.0,9.9,1
3,NH-229 Sela Pass,Arunachal Pradesh,0.7,2.4,1.0,1.9,3.9,False,9,4,5,1,78.5,3713.5,50.0,0,0.0,30.3,1
3,NH-229 Sela Pass,Arunachal Pradesh,4.8,17.6,9.4,18.9,37.7,False,6,4,2,3,59.6,3556.0,45.4,0,0.0,29.5,1
7,NH-102 Moreh Border,Manipur,21.8,77.5,2.0,3.6,6.4,True,4,3,1,1,91.5,717.2,16.1,0,0.0,38.5,0
8,NH-29 Kohima Mountain,Nagaland,0.3,1.5,3.4,7.1,13.8,False,4,4,0,0,56.5,1498.9,30.2,0,0.0,22.8,0
9,NH-54 Aizawl Ridge,Mizoram,0.1,0.8,2.3,4.6,9.2,False,9,4,5,1,41.2,1253.0,31.1,0,0.0,20.6,1
5,SH-05 Cherrapunjee Highland,Meghalaya,4.2,35.7,0.6,1.2,2.5,True,3,3,0,0,60.3,1394.3,22.8,0,0.0,26.8,0
4,NH-06 Meghalaya Corridor,Meghalaya,18.3,60.2,59.9,86.4,136.5,True,0,0,0,2,61.0,1613.0,27.3,2,45.0,37.9,1
4,NH-06 Meghalaya Corridor,Meghalaya,23.8,60.9,20.3,47.2,73.2,False,2,2,0,1,5.0,1360.6,26.6,0,0.0,22.2,1
11,NH-10 Teesta River Canyon,Sikkim,1.5,5.9,4.6,6.7,10.5,False,3,3,0,3,59.8,1659.9,41.8,1,75.0,43.3,0
10,NH-08 Tripura Central,Tripura,4.6,21.5,18.4,32.0,55.6,True,2,1,1,1,37.9,50.0,19.6,2,45.0,27.1,0
12,NH-27S Haflong Hill,Assam,0.5,1.9,3.2,6.3,12.7,False,2,2,0,3,53.3,1026.1,28.5,0,0.0,18.1,1
10,NH-08 Tripura Central,Tripura,2.9,28.0,5.2,10.4,20.8,False,0,0,0,1,45.0,326.7,13.9,0,0.0,15.1,0
10,NH-08 Tripura Central,Tripura,1.3,5.8,0.2,0.4,0.8,False,0,0,0,1,22.4,50.0,2.0,0,0.0,5.0,0
11,NH-10 Teesta River Canyon,Sikkim,1.5,10.0,0.2,0.4,0.7,False,6,4,2,1,73.7,1737.5,43.3,0,0.0,29.7,0
8,NH-29 Kohima Mountain,Nagaland,1.8,14.1,58.4,100.4,149.7,True,8,0,8,1,61.1,1391.5,42.4,2,75.0,39.2,1
6,NH-02 Imphal Lifeline,Manipur,0.9,2.5,0.8,1.9,2.9,False,12,2,10,2,42.6,1000.7,22.8,0,0.0,15.4,1
10,NH-08 Tripura Central,Tripura,29.3,87.2,5.9,10.8,16.6,True,3,0,3,0,36.2,50.0,18.4,3,45.0,37.8,0
4,NH-06 Meghalaya Corridor,Meghalaya,1.4,9.7,0.7,1.4,2.8,False,6,4,2,0,57.0,1587.3,16.9,2,95.0,45.6,1
3,NH-229 Sela Pass,Arunachal Pradesh,2.5,10.6,4.1,8.2,16.5,False,9,5,4,2,67.3,3807.2,44.1,0,0.0,31.0,0
1,NH-27 Assam Arterial,Assam,21.1,72.7,75.8,128.7,209.7,True,1,1,0,0,36.6,107.4,10.6,0,0.0,24.1,0
8,NH-29 Kohima Mountain,Nagaland,1.7,9.6,8.8,13.8,23.4,False,2,2,0,2,74.5,1653.7,31.9,4,75.0,42.2,0
1,NH-27 Assam Arterial,Assam,2.2,13.5,7.7,15.4,30.8,False,0,0,0,0,76.5,246.3,7.4,0,0.0,15.7,0
12,NH-27S Haflong Hill,Assam,41.4,166.7,15.3,23.6,34.1,True,7,2,5,1,67.0,770.1,27.4,0,0.0,49.5,1
11,NH-10 Teesta River Canyon,Sikkim,0.9,5.5,0.2,0.4,0.8,False,8,3,5,3,68.1,1691.1,49.6,2,75.0,46.0,0
9,NH-54 Aizawl Ridge,Mizoram,0.1,0.5,2.3,4.6,9.1,False,6,3,3,2,65.2,1362.6,32.1,0,0.0,22.3,0
6,NH-02 Imphal Lifeline,Manipur,1.5,9.6,1.0,2.1,4.1,False,2,2,0,0,31.2,1004.8,18.7,2,45.0,25.6,0
10,NH-08 Tripura Central,Tripura,2.7,10.7,4.4,8.8,17.7,False,3,0,3,0,23.3,50.0,15.1,0,0.0,8.7,0
3,NH-229 Sela Pass,Arunachal Pradesh,25.4,143.8,23.0,39.1,72.0,True,1,1,0,3,75.5,3795.0,55.9,0,0.0,52.1,1
3,NH-229 Sela Pass,Arunachal Pradesh,17.8,46.1,38.4,68.4,117.4,True,8,3,5,2,64.2,4075.0,39.9,4,45.0,44.1,1
6,NH-02 Imphal Lifeline,Manipur,37.6,311.8,0.5,0.8,1.5,True,0,0,0,0,81.6,992.6,18.2,2,45.0,57.1,1
8,NH-29 Kohima Mountain,Nagaland,1.2,5.5,0.6,1.3,2.5,False,11,5,6,0,40.4,1599.0,22.7,0,0.0,21.7,0
4,NH-06 Meghalaya Corridor,Meghalaya,6.3,22.8,4.3,8.6,17.1,False,7,2,5,3,34.6,1175.7,27.2,0,0.0,19.2,0
2,NH-13 Trans-Arunachal,Arunachal Pradesh,12.0,45.4,10.7,15.7,35.7,True,2,2,0,2,68.0,1740.7,32.8,2,45.0,41.1,1
5,SH-05 Cherrapunjee Highland,Meghalaya,1.5,5.4,0.0,0.1,0.1,False,11,5,6,4,54.1,1499.6,33.5,0,0.0,25.9,0
3,NH-229 Sela Pass,Arunachal Pradesh,2.4,6.9,0.6,1.3,2.0,False,5,3,2,1,46.4,3864.2,41.9,4,75.0,41.5,1
7,NH-102 Moreh Border,Manipur,3.2,16.4,34.1,68.5,103.6,True,3,2,1,1,50.0,571.7,14.2,4,45.0,28.8,1
2,NH-13 Trans-Arunachal,Arunachal Pradesh,21.3,57.2,6.3,9.9,19.6,True,5,3,2,1,62.1,1764.4,29.6,0,0.0,32.7,0
1,NH-27 Assam Arterial,Assam,12.1,70.7,72.5,175.9,314.3,True,2,2,0,1,45.3,101.5,9.0,1,45.0,38.0,1
5,SH-05 Cherrapunjee Highland,Meghalaya,4.4,16.1,67.7,155.9,256.6,True,9,3,6,1,62.6,1295.2,43.2,0,0.0,27.3,1
12,NH-27S Haflong Hill,Assam,4.9,21.2,3.8,8.9,21.7,False,2,2,0,0,5.0,1024.6,22.1,0,0.0,13.4,0
9,NH-54 Aizawl Ridge,Mizoram,1.9,9.1,60.2,104.2,207.4,True,1,1,0,1,54.0,1550.0,31.9,0,0.0,18.3,1
7,NH-102 Moreh Border,Manipur,0.7,5.1,4.6,9.2,18.5,False,4,0,4,0,73.5,891.0,26.0,0,0.0,17.3,0
5,SH-05 Cherrapunjee Highland,Meghalaya,0.7,6.1,2.8,6.6,10.4,False,6,3,3,3,63.8,1382.1,37.3,3,75.0,43.0,1
1,NH-27 Assam Arterial,Assam,1.3,11.2,11.5,23.0,46.0,False,4,0,4,0,5.0,213.2,12.2,4,95.0,29.2,0
7,NH-102 Moreh Border,Manipur,1.1,4.3,1.3,2.7,5.3,False,4,2,2,1,65.3,729.5,9.9,0,0.0,16.6,0
2,NH-13 Trans-Arunachal,Arunachal Pradesh,0.3,2.4,1.6,3.3,6.6,False,3,3,0,3,43.4,1485.6,29.7,0,0.0,18.9,0
7,NH-102 Moreh Border,Manipur,1.0,4.5,4.5,8.9,17.8,False,2,2,0,0,31.0,748.8,18.4,0,0.0,13.2,0
2,NH-13 Trans-Arunachal,Arunachal Pradesh,0.8,3.0,0.2,0.3,0.7,False,5,1,4,4,56.2,1726.0,43.6,0,0.0,19.7,0
9,NH-54 Aizawl Ridge,Mizoram,8.0,76.8,16.5,34.7,55.7,False,1,1,0,0,57.2,1370.3,29.4,4,45.0,43.1,1
3,NH-229 Sela Pass,Arunachal Pradesh,0.1,0.4,1.4,2.8,5.6,False,10,1,9,2,67.3,3646.7,40.5,0,0.0,20.3,1
6,NH-02 Imphal Lifeline,Manipur,1.7,11.8,1.0,2.0,4.1,False,3,2,1,3,33.5,999.9,10.0,0,0.0,13.4,0
8,NH-29 Kohima Mountain,Nagaland,6.5,21.9,11.1,25.7,47.5,False,6,4,2,0,36.4,1459.3,36.8,0,0.0,25.2,1
2,NH-13 Trans-Arunachal,Arunachal Pradesh,52.0,140.4,3.5,6.5,10.5,True,5,5,0,1,41.7,1852.1,28.5,4,75.0,68.8,1
7,NH-102 Moreh Border,Manipur,0.1,0.2,16.6,32.9,49.2,False,1,1,0,2,93.7,667.6,21.6,0,0.0,20.4,1
8,NH-29 Kohima Mountain,Nagaland,2.8,11.0,16.1,31.9,50.7,False,4,2,2,1,70.2,1238.2,36.2,2,75.0,42.7,1
2,NH-13 Trans-Arunachal,Arunachal Pradesh,0.3,1.0,5.7,11.5,22.9,False,4,2,2,4,74.4,1845.7,32.0,0,0.0,21.8,0
12,NH-27S Haflong Hill,Assam,1.4,4.7,4.2,8.4,16.9,False,4,3,1,4,50.4,939.0,23.4,0,0.0,19.2,1
7,NH-102 Moreh Border,Manipur,38.5,99.7,6.3,12.9,23.0,True,3,0,3,0,41.2,673.1,13.1,1,75.0,47.5,1
5,SH-05 Cherrapunjee Highland,Meghalaya,1.3,4.8,3.7,7.3,14.7,False,6,6,0,1,44.1,1101.0,39.1,3,45.0,38.6,0
7,NH-102 Moreh Border,Manipur,9.1,40.7,3.1,5.2,8.5,True,4,2,2,0,63.0,862.8,18.3,4,45.0,36.5,0
8,NH-29 Kohima Mountain,Nagaland,2.5,16.6,2.4,4.8,9.6,False,7,5,2,1,61.6,1448.1,35.3,1,45.0,40.9,0
11,NH-10 Teesta River Canyon,Sikkim,6.7,36.6,20.2,35.5,74.9,False,6,4,2,2,70.9,1796.8,44.2,0,0.0,34.8,0
3,NH-229 Sela Pass,Arunachal Pradesh,6.0,26.4,1.0,2.3,3.7,True,6,6,0,0,87.5,3605.6,42.7,4,95.0,62.7,1
9,NH-54 Aizawl Ridge,Mizoram,21.2,88.3,10.2,18.2,44.6,True,6,6,0,3,82.9,1406.7,25.8,0,0.0,47.3,0
11,NH-10 Teesta River Canyon,Sikkim,0.3,1.1,2.8,5.6,11.2,False,14,4,10,2,57.0,1584.3,41.1,0,0.0,25.0,0
9,NH-54 Aizawl Ridge,Mizoram,6.3,29.4,4.4,6.7,10.2,True,4,2,2,0,32.5,1219.4,33.6,3,45.0,32.7,1
6,NH-02 Imphal Lifeline,Manipur,29.6,75.7,132.2,202.0,314.3,True,2,0,2,2,53.9,1056.8,29.6,0,0.0,29.1,0
1,NH-27 Assam Arterial,Assam,45.0,145.4,36.6,66.4,146.7,True,1,0,1,1,45.9,50.0,9.4,0,0.0,37.9,1
11,NH-10 Teesta River Canyon,Sikkim,0.0,0.0,186.0,330.1,476.8,True,13,3,10,2,58.2,1784.7,48.5,0,0.0,24.4,0
8,NH-29 Kohima Mountain,Nagaland,18.8,162.3,2.3,3.4,8.6,True,2,2,0,3,38.8,1675.6,38.8,4,45.0,58.8,1
7,NH-102 Moreh Border,Manipur,7.5,32.0,23.8,49.3,108.6,True,0,0,0,0,32.3,704.4,11.0,0,0.0,13.4,0
1,NH-27 Assam Arterial,Assam,5.5,21.2,8.3,15.7,37.4,True,1,1,0,0,11.2,97.0,7.5,0,0.0,9.4,1
3,NH-229 Sela Pass,Arunachal Pradesh,28.9,90.4,13.6,23.3,41.1,True,4,3,1,0,51.9,3948.9,41.4,0,0.0,40.2,1
3,NH-229 Sela Pass,Arunachal Pradesh,4.7,27.2,3.5,8.2,15.8,False,6,2,4,1,74.6,3994.1,45.6,0,0.0,29.7,1
6,NH-02 Imphal Lifeline,Manipur,1.3,3.3,22.6,35.7,72.1,False,0,0,0,0,38.6,799.5,30.7,3,95.0,36.3,1
3,NH-229 Sela Pass,Arunachal Pradesh,0.2,1.5,1.7,3.3,6.7,False,7,5,2,4,45.1,3576.3,45.0,0,0.0,26.1,1
10,NH-08 Tripura Central,Tripura,1.2,7.0,15.9,37.1,61.0,False,4,1,3,0,69.0,345.9,2.0,0,0.0,14.2,0
1,NH-27 Assam Arterial,Assam,35.4,148.7,4.4,8.0,11.6,True,1,1,0,0,27.1,240.2,8.0,0,0.0,37.4,0
4,NH-06 Meghalaya Corridor,Meghalaya,24.5,73.7,10.9,24.2,37.2,False,3,1,2,2,16.7,1313.2,19.9,1,95.0,47.0,0
3,NH-229 Sela Pass,Arunachal Pradesh,1.8,7.4,0.7,1.3,2.6,False,7,6,1,1,79.7,3588.9,49.1,0,0.0,35.3,1
10,NH-08 Tripura Central,Tripura,0.5,3.1,3.6,7.3,14.5,False,0,0,0,0,49.8,56.1,7.0,0,0.0,9.5,0
12,NH-27S Haflong Hill,Assam,3.1,14.0,30.6,45.6,82.6,False,2,2,0,1,76.5,735.4,24.5,3,75.0,41.9,1
5,SH-05 Cherrapunjee Highland,Meghalaya,1.6,6.7,7.5,15.0,30.1,False,5,1,4,2,67.2,1474.7,32.2,0,0.0,19.9,0
11,NH-10 Teesta River Canyon,Sikkim,0.4,2.6,13.9,29.2,53.3,True,12,8,4,1,62.1,1495.6,46.8,4,45.0,46.4,0
1,NH-27 Assam Arterial,Assam,4.4,19.5,0.3,0.7,1.4,False,1,1,0,0,55.5,156.9,2.0,0,0.0,14.6,1
9,NH-54 Aizawl Ridge,Mizoram,2.3,6.3,22.4,39.3,72.6,False,5,5,0,2,56.9,1376.5,20.3,2,45.0,35.1,1
10,NH-08 Tripura Central,Tripura,9.7,24.3,3.6,7.3,13.6,False,2,1,1,1,34.7,60.7,11.9,1,45.0,25.7,0
11,NH-10 Teesta River Canyon,Sikkim,0.8,3.2,1.8,3.6,7.2,False,8,8,0,1,70.1,1585.2,43.7,0,0.0,35.9,0
3,NH-229 Sela Pass,Arunachal Pradesh,0.5,4.7,2.6,5.2,10.4,False,15,2,13,2,47.6,3809.6,38.8,0,0.0,19.8,0
3,NH-229 Sela Pass,Arunachal Pradesh,1.1,4.6,0.4,0.8,1.7,False,10,3,7,0,49.1,3996.9,38.9,0,0.0,22.1,1
12,NH-27S Haflong Hill,Assam,32.8,153.1,20.7,49.5,103.6,True,4,4,0,1,55.2,993.4,21.4,0,0.0,50.6,1
9,NH-54 Aizawl Ridge,Mizoram,9.7,61.8,2.2,4.9,12.1,False,3,3,0,1,11.4,1365.9,25.7,0,0.0,25.2,0
6,NH-02 Imphal Lifeline,Manipur,10.0,43.4,33.0,66.6,106.6,True,7,2,5,0,30.0,693.6,23.9,1,45.0,33.2,0
6,NH-02 Imphal Lifeline,Manipur,0.7,2.4,1.1,2.3,4.6,False,2,2,0,0,55.9,881.4,18.2,0,0.0,16.5,0
8,NH-29 Kohima Mountain,Nagaland,43.9,117.5,50.7,93.3,171.0,True,3,3,0,0,33.3,1616.3,28.7,1,75.0,59.0,1
9,NH-54 Aizawl Ridge,Mizoram,13.0,36.6,3.4,6.1,10.0,False,3,1,2,1,36.9,1161.9,30.8,0,0.0,21.0,1
3,NH-229 Sela Pass,Arunachal Pradesh,2.0,10.6,0.1,0.3,0.5,False,5,5,0,0,68.0,3956.1,44.0,0,0.0,31.1,1
6,NH-02 Imphal Lifeline,Manipur,0.1,0.5,0.0,0.0,0.0,False,1,1,0,1,41.3,1068.9,31.2,2,75.0,33.3,0
3,NH-229 Sela Pass,Arunachal Pradesh,1.0,4.1,0.5,0.9,1.9,False,7,7,0,5,76.6,3801.2,39.9,0,0.0,34.3,0
4,NH-06 Meghalaya Corridor,Meghalaya,6.9,25.3,5.8,11.6,23.2,False,10,1,9,0,51.3,1364.6,17.9,0,0.0,18.3,0
2,NH-13 Trans-Arunachal,Arunachal Pradesh,1.9,10.8,3.2,7.6,13.2,True,8,3,5,2,47.3,1756.4,47.4,3,45.0,36.0,1
6,NH-02 Imphal Lifeline,Manipur,1.2,8.7,1.3,2.6,5.2,False,4,3,1,3,29.8,1277.8,29.4,3,75.0,36.9,1
10,NH-08 Tripura Central,Tripura,23.5,58.9,36.5,58.6,110.5,True,0,0,0,1,62.2,50.0,2.5,0,0.0,21.6,1
12,NH-27S Haflong Hill,Assam,27.4,111.8,8.6,16.4,26.1,True,7,2,5,2,50.3,722.6,23.6,3,75.0,57.4,1
9,NH-54 Aizawl Ridge,Mizoram,21.7,67.4,10.1,20.3,30.0,False,6,2,4,0,60.8,1231.5,19.4,1,95.0,54.2,0
8,NH-29 Kohima Mountain,Nagaland,35.9,105.3,47.4,71.9,107.8,True,5,5,0,1,67.8,1627.9,28.9,0,0.0,47.0,0
9,NH-54 Aizawl Ridge,Mizoram,22.9,127.9,15.3,22.9,56.0,True,4,3,1,1,91.0,1464.8,22.2,0,0.0,49.7,0
11,NH-10 Teesta River Canyon,Sikkim,6.0,32.5,9.8,17.0,31.5,False,6,6,0,2,51.4,1486.2,50.5,3,75.0,55.0,1
2,NH-13 Trans-Arunachal,Arunachal Pradesh,3.1,15.5,0.2,0.4,0.9,False,2,2,0,0,51.2,1888.0,23.2,0,0.0,19.4,1
2,NH-13 Trans-Arunachal,Arunachal Pradesh,0.4,2.0,0.9,1.7,3.4,False,4,4,0,0,98.0,1974.2,33.0,2,45.0,40.9,0
12,NH-27S Haflong Hill,Assam,0.3,0.9,7.4,13.0,26.8,False,5,1,4,3,27.8,613.3,27.6,0,0.0,11.9,1
6,NH-02 Imphal Lifeline,Manipur,12.8,60.1,14.9,23.5,52.3,False,3,2,1,1,25.2,1122.6,24.3,4,75.0,43.4,1
6,NH-02 Imphal Lifeline,Manipur,8.6,38.7,10.5,18.0,30.2,False,5,2,3,1,67.3,1007.8,19.0,2,75.0,44.4,0
8,NH-29 Kohima Mountain,Nagaland,0.5,2.1,0.5,0.9,1.8,False,3,3,0,1,56.2,1482.5,34.8,4,75.0,40.6,1
6,NH-02 Imphal Lifeline,Manipur,10.7,94.2,25.1,48.4,86.6,True,6,2,4,0,69.4,1189.2,24.6,0,0.0,38.2,1
3,NH-229 Sela Pass,Arunachal Pradesh,1.1,7.6,2.5,5.0,10.0,False,6,4,2,5,69.7,3901.9,50.2,1,95.0,53.7,1
6,NH-02 Imphal Lifeline,Manipur,34.0,93.9,11.2,24.3,35.7,True,4,1,3,0,78.6,900.5,21.5,1,95.0,60.6,0
9,NH-54 Aizawl Ridge,Mizoram,11.2,31.8,39.3,91.1,223.9,True,6,0,6,2,54.9,1377.7,26.6,2,95.0,43.7,1
1,NH-27 Assam Arterial,Assam,3.3,10.8,12.7,29.8,68.9,True,2,0,2,0,39.2,124.2,13.3,0,0.0,10.7,0
6,NH-02 Imphal Lifeline,Manipur,7.3,20.1,9.0,18.4,32.1,False,9,7,2,1,41.8,979.4,20.0,0,0.0,28.3,0
7,NH-102 Moreh Border,Manipur,17.2,65.0,4.6,10.8,22.3,False,2,2,0,0,48.4,744.3,18.4,0,0.0,28.0,0
7,NH-102 Moreh Border,Manipur,2.1,18.3,0.1,0.3,0.5,False,3,1,2,1,45.1,656.5,8.7,0,0.0,14.2,0
3,NH-229 Sela Pass,Arunachal Pradesh,22.3,107.7,0.7,1.7,2.8,True,7,7,0,1,65.1,3919.4,38.3,0,0.0,53.0,1
12,NH-27S Haflong Hill,Assam,3.8,13.9,2.9,5.8,11.6,False,4,4,0,2,28.0,577.5,38.4,0,0.0,22.7,0
7,NH-102 Moreh Border,Manipur,0.3,2.3,5.0,10.0,20.0,False,1,0,1,0,31.2,933.3,12.3,0,0.0,7.6,0
10,NH-08 Tripura Central,Tripura,0.9,7.3,18.4,31.2,50.7,False,2,2,0,0,77.3,50.0,17.1,1,45.0,31.7,0
12,NH-27S Haflong Hill,Assam,12.4,36.0,13.1,20.7,49.2,False,7,3,4,1,72.2,960.5,22.9,1,45.0,39.8,0
1,NH-27 Assam Arterial,Assam,31.7,111.3,2.2,3.5,5.8,True,2,1,1,0,22.0,156.9,8.1,2,95.0,52.9,0
4,NH-06 Meghalaya Corridor,Meghalaya,0.9,2.4,2.7,4.4,7.6,False,4,1,3,0,47.6,1397.6,26.0,0,0.0,14.8,0
2,NH-13 Trans-Arunachal,Arunachal Pradesh,0.7,2.5,9.2,18.4,36.8,False,3,3,0,1,42.3,1842.3,34.6,1,45.0,31.0,0
8,NH-29 Kohima Mountain,Nagaland,6.3,45.6,14.5,21.2,46.5,False,5,4,1,2,69.2,1397.7,37.9,0,0.0,35.1,0
3,NH-229 Sela Pass,Arunachal Pradesh,0.5,5.1,3.5,7.0,14.0,False,7,7,0,1,55.1,3695.0,51.8,0,0.0,33.3,0
10,NH-08 Tripura Central,Tripura,5.7,22.0,2.8,4.4,8.5,False,3,1,2,1,32.6,253.0,3.6,0,0.0,12.0,0
8,NH-29 Kohima Mountain,Nagaland,0.8,5.7,5.1,10.2,20.5,False,5,4,1,0,61.1,1709.0,26.3,0,0.0,23.6,0
11,NH-10 Teesta River Canyon,Sikkim,1.1,11.3,1.4,2.8,5.6,False,10,3,7,3,36.4,1781.0,46.7,0,0.0,23.1,0
12,NH-27S Haflong Hill,Assam,78.1,220.3,9.3,14.4,29.4,True,4,4,0,2,5.0,1061.9,30.8,2,95.0,68.7,1
5,SH-05 Cherrapunjee Highland,Meghalaya,1.0,5.3,36.4,64.0,109.7,True,4,3,1,0,50.8,1139.4,32.4,0,0.0,21.2,0
3,NH-229 Sela Pass,Arunachal Pradesh,0.5,3.7,1.1,2.1,4.2,False,10,8,2,2,48.0,3764.3,44.2,2,45.0,44.0,1
2,NH-13 Trans-Arunachal,Arunachal Pradesh,8.9,22.3,20.8,36.7,57.9,False,8,4,4,2,86.9,1923.8,43.1,0,0.0,34.1,0
11,NH-10 Teesta River Canyon,Sikkim,8.8,28.4,0.6,1.2,1.9,True,10,2,8,3,68.4,1615.8,40.9,1,75.0,46.9,0
9,NH-54 Aizawl Ridge,Mizoram,3.0,13.7,17.0,34.3,54.7,False,6,2,4,2,74.7,1032.1,19.6,4,75.0,40.6,1
9,NH-54 Aizawl Ridge,Mizoram,2.4,7.7,13.5,30.8,56.4,False,5,3,2,1,54.9,1239.5,30.0,1,75.0,40.5,0
3,NH-229 Sela Pass,Arunachal Pradesh,1.2,5.2,1.6,3.2,6.4,False,5,5,0,4,69.0,3887.8,28.7,0,0.0,27.1,0
12,NH-27S Haflong Hill,Assam,1.6,15.4,1.9,3.8,7.6,False,2,1,1,2,58.0,972.4,28.7,0,0.0,19.5,1
3,NH-229 Sela Pass,Arunachal Pradesh,0.7,6.3,6.7,13.4,26.9,False,8,3,5,1,58.2,3629.4,31.5,0,0.0,22.3,0
9,NH-54 Aizawl Ridge,Mizoram,0.6,5.1,1.8,3.6,7.3,False,2,2,0,0,51.2,1188.0,32.4,0,0.0,19.2,0
11,NH-10 Teesta River Canyon,Sikkim,1.4,3.9,26.0,44.9,90.1,True,15,8,7,3,59.8,1570.1,47.3,0,0.0,35.2,0
9,NH-54 Aizawl Ridge,Mizoram,1.1,5.4,4.0,7.9,15.8,False,4,3,1,0,62.8,1170.0,28.8,0,0.0,22.3,0
3,NH-229 Sela Pass,Arunachal Pradesh,21.1,63.9,2.6,4.8,11.7,False,7,3,4,1,57.3,3731.7,34.8,2,45.0,45.6,0
11,NH-10 Teesta River Canyon,Sikkim,23.3,70.3,31.7,45.5,87.4,True,9,7,2,1,54.6,1692.8,45.6,0,0.0,45.4,1
3,NH-229 Sela Pass,Arunachal Pradesh,2.6,13.8,19.3,44.6,79.9,False,6,6,0,1,28.5,3964.3,41.8,2,45.0,38.6,0
3,NH-229 Sela Pass,Arunachal Pradesh,0.7,4.0,2.6,5.2,10.4,False,5,5,0,0,79.9,3837.9,34.2,0,0.0,29.6,0
10,NH-08 Tripura Central,Tripura,0.7,6.3,2.1,3.6,5.9,False,1,1,0,0,45.2,50.0,15.0,0,0.0,13.0,1
3,NH-229 Sela Pass,Arunachal Pradesh,5.4,31.8,7.3,12.5,23.9,False,6,4,2,1,64.1,3645.2,32.4,0,0.0,30.5,0
9,NH-54 Aizawl Ridge,Mizoram,29.4,90.1,0.7,1.2,2.7,True,6,3,3,2,49.3,1285.6,31.0,3,95.0,61.4,1
2,NH-13 Trans-Arunachal,Arunachal Pradesh,13.8,52.3,48.3,92.1,196.6,True,2,2,0,1,76.3,1805.5,34.8,0,0.0,32.8,1
8,NH-29 Kohima Mountain,Nagaland,8.9,67.6,23.0,56.0,104.1,True,4,4,0,5,44.7,1443.6,34.4,0,0.0,35.1,1
1,NH-27 Assam Arterial,Assam,51.2,138.4,28.3,44.8,79.8,True,1,0,1,0,54.4,340.9,2.0,3,75.0,55.0,1
8,NH-29 Kohima Mountain,Nagaland,2.9,13.2,3.5,7.1,14.1,False,2,2,0,0,39.2,1290.4,25.5,4,45.0,28.9,0
10,NH-08 Tripura Central,Tripura,54.0,199.8,17.9,34.5,57.8,True,3,1,2,0,49.8,50.0,8.7,2,45.0,52.5,1
3,NH-229 Sela Pass,Arunachal Pradesh,11.8,48.1,3.1,7.1,10.7,False,14,5,9,4,56.6,3832.2,39.6,0,0.0,36.0,0
9,NH-54 Aizawl Ridge,Mizoram,0.8,6.3,2.1,4.2,8.4,False,5,3,2,0,41.7,905.8,29.4,3,45.0,30.6,1
9,NH-54 Aizawl Ridge,Mizoram,0.9,3.4,1.8,3.6,7.1,False,8,1,7,3,97.4,966.0,38.0,1,75.0,43.6,0
2,NH-13 Trans-Arunachal,Arunachal Pradesh,34.1,103.4,17.4,34.4,51.5,True,5,1,4,0,80.5,1729.9,36.5,1,45.0,53.3,1
3,NH-229 Sela Pass,Arunachal Pradesh,18.6,102.4,1.5,3.0,4.8,True,9,7,2,1,66.1,3596.1,45.2,4,45.0,64.7,1
11,NH-10 Teesta River Canyon,Sikkim,1.3,6.0,1.4,2.9,5.8,False,11,6,5,0,55.3,1762.8,45.3,0,0.0,30.5,0
6,NH-02 Imphal Lifeline,Manipur,2.3,15.8,1.3,2.5,5.1,False,2,1,1,1,40.6,1339.4,20.9,0,0.0,15.4,0
11,NH-10 Teesta River Canyon,Sikkim,1.8,17.6,16.2,36.0,76.5,True,10,5,5,2,35.6,1673.1,43.5,4,45.0,38.8,0
1,NH-27 Assam Arterial,Assam,22.5,68.2,64.2,97.2,142.8,True,0,0,0,0,37.9,127.2,2.8,3,75.0,38.6,1
7,NH-102 Moreh Border,Manipur,1.3,10.1,2.4,4.9,9.7,False,0,0,0,2,65.4,626.9,20.7,0,0.0,16.0,0
2,NH-13 Trans-Arunachal,Arunachal Pradesh,14.3,71.2,1.4,2.5,4.7,False,5,4,1,2,55.3,2217.0,36.7,0,0.0,37.9,0
12,NH-27S Haflong Hill,Assam,7.3,56.5,8.2,13.1,25.0,False,8,2,6,1,48.5,1056.1,31.4,2,75.0,47.6,0
3,NH-229 Sela Pass,Arunachal Pradesh,0.5,1.6,17.0,34.0,68.1,False,6,6,0,1,55.2,3862.6,39.3,0,0.0,28.5,0
1,NH-27 Assam Arterial,Assam,15.3,103.7,31.3,58.3,115.1,True,3,1,2,0,18.1,50.0,8.9,3,75.0,46.0,1
12,NH-27S Haflong Hill,Assam,1.6,6.9,27.0,49.4,94.5,True,5,5,0,3,36.4,1219.9,23.8,2,45.0,32.9,0
10,NH-08 Tripura Central,Tripura,8.3,74.1,37.8,68.7,109.4,True,1,0,1,0,73.6,85.9,17.0,2,75.0,48.0,1
8,NH-29 Kohima Mountain,Nagaland,5.3,13.3,14.1,27.3,54.7,False,7,1,6,2,69.1,1543.4,35.7,1,45.0,33.4,0
12,NH-27S Haflong Hill,Assam,1.9,6.2,8.6,13.9,34.2,False,3,3,0,1,69.7,850.7,16.1,4,95.0,44.6,1
11,NH-10 Teesta River Canyon,Sikkim,43.1,109.0,14.4,30.6,58.8,True,7,2,5,3,68.0,1870.0,49.4,1,45.0,57.1,1
7,NH-102 Moreh Border,Manipur,15.1,41.0,30.9,63.9,95.7,True,1,1,0,1,53.7,836.5,21.9,2,75.0,41.4,1
10,NH-08 Tripura Central,Tripura,1.9,12.3,2.8,5.7,11.3,False,3,0,3,0,31.2,203.3,7.3,0,0.0,8.6,0
9,NH-54 Aizawl Ridge,Mizoram,0.2,1.1,3.8,7.5,15.0,False,2,2,0,2,59.2,1466.6,44.3,2,75.0,40.7,1
10,NH-08 Tripura Central,Tripura,13.6,62.5,35.8,87.5,209.7,True,1,1,0,0,32.4,195.2,3.4,2,75.0,38.8,1
11,NH-10 Teesta River Canyon,Sikkim,31.5,106.0,4.2,6.2,11.3,True,9,6,3,1,45.2,1800.1,43.6,0,0.0,48.7,1
5,SH-05 Cherrapunjee Highland,Meghalaya,1.0,3.3,2.5,4.9,9.8,False,4,1,3,1,62.7,1266.3,47.3,0,0.0,21.5,0
2,NH-13 Trans-Arunachal,Arunachal Pradesh,4.6,43.8,7.9,15.6,29.3,True,5,5,0,2,70.8,1946.9,22.8,4,45.0,45.2,1
3,NH-229 Sela Pass,Arunachal Pradesh,0.1,0.5,1.3,2.6,5.2,False,5,4,1,3,45.1,3781.1,38.6,0,0.0,22.6,0
3,NH-229 Sela Pass,Arunachal Pradesh,7.8,22.7,10.3,24.1,52.3,False,11,5,6,1,72.1,3804.4,48.5,2,75.0,53.8,0
6,NH-02 Imphal Lifeline,Manipur,0.4,1.5,1.5,3.0,6.0,False,2,2,0,1,65.3,811.7,15.2,0,0.0,17.1,0
12,NH-27S Haflong Hill,Assam,0.4,2.2,4.2,8.5,16.9,True,4,3,1,3,32.1,675.3,32.3,0,0.0,17.7,0
10,NH-08 Tripura Central,Tripura,3.5,9.4,1.9,4.5,7.2,True,1,1,0,1,40.9,266.4,15.7,0,0.0,13.2,0
1,NH-27 Assam Arterial,Assam,0.8,4.5,1.5,3.0,6.1,False,5,1,4,0,52.4,182.4,5.9,0,0.0,12.0,1
4,NH-06 Meghalaya Corridor,Meghalaya,0.7,3.6,24.0,40.9,86.1,False,5,1,4,3,69.0,1604.4,25.1,3,45.0,29.3,1
3,NH-229 Sela Pass,Arunachal Pradesh,2.0,8.4,46.2,70.5,109.9,True,7,6,1,1,69.7,3959.4,57.8,1,95.0,57.9,0
3,NH-229 Sela Pass,Arunachal Pradesh,3.7,12.2,16.8,28.6,57.4,False,6,6,0,5,55.3,3712.9,46.9,0,0.0,32.1,0
6,NH-02 Imphal Lifeline,Manipur,3.3,13.7,0.3,0.5,1.1,False,4,2,2,1,45.2,856.7,23.5,0,0.0,18.2,0
3,NH-229 Sela Pass,Arunachal Pradesh,3.0,7.9,11.7,18.5,42.7,True,9,3,6,1,49.6,3723.8,40.6,0,0.0,23.1,0
7,NH-102 Moreh Border,Manipur,20.1,66.4,19.1,40.6,64.3,False,4,4,0,0,84.7,677.9,15.7,2,95.0,60.9,1
5,SH-05 Cherrapunjee Highland,Meghalaya,32.4,119.6,5.8,8.9,20.4,True,7,5,2,2,36.5,1553.7,28.4,0,0.0,45.1,1
6,NH-02 Imphal Lifeline,Manipur,1.1,6.7,24.0,47.4,81.2,False,9,1,8,0,65.8,1091.7,24.0,0,0.0,18.0,0
11,NH-10 Teesta River Canyon,Sikkim,8.4,22.8,46.8,72.3,104.0,True,6,2,4,4,51.2,1650.6,53.5,0,0.0,26.2,0
1,NH-27 Assam Arterial,Assam,25.8,137.8,25.8,43.4,63.4,True,5,0,5,0,66.3,50.0,6.4,3,95.0,62.5,0
7,NH-102 Moreh Border,Manipur,4.7,18.8,0.7,1.4,2.8,False,4,3,1,0,47.5,601.7,19.8,0,0.0,20.9,0
7,NH-102 Moreh Border,Manipur,0.2,0.7,0.6,1.1,2.3,False,1,1,0,0,50.8,797.3,11.5,4,45.0,23.3,0
6,NH-02 Imphal Lifeline,Manipur,0.5,1.4,12.6,18.8,46.2,False,4,2,2,0,10.0,840.2,28.0,2,75.0,30.1,1
2,NH-13 Trans-Arunachal,Arunachal Pradesh,20.2,55.1,135.9,216.0,317.0,True,4,4,0,1,77.8,1921.9,39.8,0,0.0,38.6,1
1,NH-27 Assam Arterial,Assam,6.0,18.0,1.2,2.5,4.8,False,5,1,4,1,52.8,50.0,10.2,0,0.0,15.6,0
9,NH-54 Aizawl Ridge,Mizoram,3.4,18.6,20.6,47.6,104.5,True,1,1,0,0,52.2,1147.1,31.0,4,45.0,31.0,1
2,NH-13 Trans-Arunachal,Arunachal Pradesh,6.9,21.1,6.2,9.3,13.5,False,4,4,0,2,58.1,2117.2,31.2,0,0.0,27.2,0
7,NH-102 Moreh Border,Manipur,10.2,50.5,20.3,41.4,78.2,False,1,1,0,2,43.4,726.5,22.9,3,75.0,42.0,1
3,NH-229 Sela Pass,Arunachal Pradesh,0.5,2.0,4.8,7.5,17.1,False,5,5,0,2,48.7,3894.3,33.9,3,45.0,35.8,0
8,NH-29 Kohima Mountain,Nagaland,2.5,7.9,20.3,36.3,63.3,False,6,6,0,1,45.4,1568.1,38.2,1,95.0,51.8,1
8,NH-29 Kohima Mountain,Nagaland,0.1,0.5,0.0,0.1,0.1,False,3,3,0,2,13.3,1588.6,32.5,0,0.0,14.6,0
5,SH-05 Cherrapunjee Highland,Meghalaya,15.2,44.1,37.4,60.5,96.0,True,11,5,6,3,13.2,1420.6,40.0,3,45.0,40.0,1
4,NH-06 Meghalaya Corridor,Meghalaya,5.3,21.0,3.0,6.0,12.0,False,7,1,6,0,56.0,1346.9,23.2,0,0.0,19.3,1
10,NH-08 Tripura Central,Tripura,31.0,85.8,8.3,19.0,40.6,True,0,0,0,1,61.0,50.0,7.4,3,95.0,51.5,1
12,NH-27S Haflong Hill,Assam,0.2,1.6,27.2,45.9,91.7,True,4,0,4,0,46.1,780.5,29.4,1,95.0,36.9,1
9,NH-54 Aizawl Ridge,Mizoram,14.9,86.4,29.2,58.1,137.7,True,3,3,0,0,41.5,1297.5,18.0,2,75.0,51.9,1
3,NH-229 Sela Pass,Arunachal Pradesh,2.9,18.4,3.6,7.2,14.5,False,5,2,3,2,98.5,3894.3,47.8,0,0.0,32.0,1
7,NH-102 Moreh Border,Manipur,0.5,2.8,1.2,2.5,4.9,False,3,0,3,0,43.6,585.3,19.5,3,45.0,22.2,0
9,NH-54 Aizawl Ridge,Mizoram,2.5,8.8,65.2,128.7,215.5,True,4,2,2,1,29.7,1064.7,35.1,4,75.0,36.0,1
1,NH-27 Assam Arterial,Assam,0.5,2.7,3.4,6.7,13.5,False,1,0,1,0,43.0,59.1,19.5,0,0.0,10.9,0
6,NH-02 Imphal Lifeline,Manipur,0.3,2.7,0.0,0.0,0.1,True,4,1,3,0,41.1,937.7,34.8,1,45.0,26.9,1
10,NH-08 Tripura Central,Tripura,3.2,25.0,7.9,15.8,29.2,False,2,1,1,0,36.5,50.0,11.4,0,0.0,14.8,1
12,NH-27S Haflong Hill,Assam,2.8,10.3,5.5,10.9,21.8,False,4,4,0,2,62.0,981.8,30.6,0,0.0,25.5,0
2,NH-13 Trans-Arunachal,Arunachal Pradesh,1.0,6.1,1.5,3.0,5.9,False,7,7,0,2,60.7,2080.0,41.0,0,0.0,32.5,0
12,NH-27S Haflong Hill,Assam,7.3,29.3,17.4,35.0,66.9,True,3,2,1,1,66.1,787.1,37.6,1,45.0,38.5,1
3,NH-229 Sela Pass,Arunachal Pradesh,1.0,7.7,100.8,204.0,325.7,True,7,2,5,1,63.5,3637.7,40.7,1,75.0,42.0,1
5,SH-05 Cherrapunjee Highland,Meghalaya,2.2,14.0,0.4,0.7,1.5,False,8,8,0,2,60.2,1219.6,38.2,0,0.0,35.5,0
10,NH-08 Tripura Central,Tripura,2.7,12.4,32.5,46.5,106.5,True,4,1,3,1,46.1,50.0,4.2,2,75.0,31.0,0
4,NH-06 Meghalaya Corridor,Meghalaya,3.7,14.7,0.6,1.3,2.8,False,5,1,4,0,48.1,1419.0,14.4,4,75.0,33.8,1
9,NH-54 Aizawl Ridge,Mizoram,0.1,0.2,5.3,10.5,21.1,False,1,1,0,0,50.7,1287.7,32.9,0,0.0,16.2,0
3,NH-229 Sela Pass,Arunachal Pradesh,40.1,116.2,33.1,55.6,135.1,True,16,3,13,1,56.6,3933.3,45.2,1,95.0,70.5,1
10,NH-08 Tripura Central,Tripura,10.2,32.5,3.6,6.7,10.7,False,2,2,0,0,34.5,191.0,6.4,3,95.0,40.7,1
4,NH-06 Meghalaya Corridor,Meghalaya,0.1,1.1,0.7,1.4,2.9,False,5,2,3,2,36.9,1494.8,19.0,0,0.0,13.6,0
10,NH-08 Tripura Central,Tripura,6.7,37.1,9.2,19.0,35.8,True,2,1,1,0,71.9,274.9,9.5,0,0.0,22.1,0
2,NH-13 Trans-Arunachal,Arunachal Pradesh,0.4,1.2,1.9,3.8,7.5,False,2,2,0,2,54.4,2067.0,30.2,4,75.0,37.2,0
11,NH-10 Teesta River Canyon,Sikkim,87.5,265.6,6.6,13.3,22.0,True,9,7,2,3,51.3,1608.9,41.6,1,45.0,71.3,1
9,NH-54 Aizawl Ridge,Mizoram,2.2,9.2,0.6,1.1,2.2,False,7,4,3,1,95.8,1287.3,22.2,0,0.0,28.6,0
11,NH-10 Teesta River Canyon,Sikkim,2.5,12.2,1.4,2.8,5.6,True,8,8,0,2,75.7,2027.8,37.1,0,0.0,37.2,0
2,NH-13 Trans-Arunachal,Arunachal Pradesh,0.1,1.0,6.1,12.1,24.2,False,1,1,0,1,49.6,1965.7,41.2,0,0.0,17.9,0
2,NH-13 Trans-Arunachal,Arunachal Pradesh,6.4,59.8,3.7,7.2,14.8,False,7,3,4,0,76.0,1927.0,30.1,0,0.0,35.4,0
10,NH-08 Tripura Central,Tripura,4.2,38.3,35.0,82.8,121.6,True,0,0,0,0,70.2,50.0,15.9,0,0.0,21.4,0
3,NH-229 Sela Pass,Arunachal Pradesh,1.1,6.7,2.8,5.5,11.0,False,6,6,0,2,54.8,3657.3,42.1,0,0.0,30.0,1
9,NH-54 Aizawl Ridge,Mizoram,7.8,48.5,0.1,0.3,0.6,False,5,3,2,2,55.5,1269.8,37.7,1,75.0,50.3,0
2,NH-13 Trans-Arunachal,Arunachal Pradesh,5.0,20.7,1.4,2.9,5.7,False,1,1,0,0,47.4,1749.0,42.6,0,0.0,21.8,1
3,NH-229 Sela Pass,Arunachal Pradesh,12.1,42.5,30.3,75.3,136.7,True,4,4,0,0,32.8,3828.3,35.2,3,45.0,39.7,1
12,NH-27S Haflong Hill,Assam,0.2,1.0,0.7,1.3,2.6,False,8,1,7,3,13.9,856.6,35.7,0,0.0,11.4,0
8,NH-29 Kohima Mountain,Nagaland,2.0,9.1,1.2,2.3,4.7,False,5,4,1,2,61.1,1444.1,28.9,1,75.0,43.5,1
1,NH-27 Assam Arterial,Assam,6.3,23.2,35.5,56.0,125.6,True,0,0,0,1,67.1,286.8,2.0,1,45.0,26.4,0
3,NH-229 Sela Pass,Arunachal Pradesh,1.6,8.8,2.1,4.2,8.3,False,8,7,1,3,76.1,4003.9,42.0,4,45.0,46.8,1
11,NH-10 Teesta River Canyon,Sikkim,0.1,0.4,2.4,4.8,9.5,False,5,5,0,4,64.1,1683.8,38.9,0,0.0,27.5,0
10,NH-08 Tripura Central,Tripura,17.7,95.6,2.2,3.6,7.7,True,2,1,1,0,68.8,228.9,10.1,4,45.0,44.7,1
9,NH-54 Aizawl Ridge,Mizoram,2.6,18.1,13.7,20.7,48.2,False,5,2,3,4,63.2,1376.6,27.3,4,45.0,33.8,0
1,NH-27 Assam Arterial,Assam,0.1,0.6,2.0,4.2,6.7,False,4,0,4,0,29.1,115.4,6.5,1,95.0,29.5,1
2,NH-13 Trans-Arunachal,Arunachal Pradesh,0.7,3.5,4.2,8.4,16.8,False,7,5,2,2,80.9,1996.9,26.4,0,0.0,28.1,1
9,NH-54 Aizawl Ridge,Mizoram,2.5,10.4,5.3,10.6,21.2,False,6,4,2,0,25.6,1309.8,41.6,0,0.0,22.2,0
12,NH-27S Haflong Hill,Assam,2.3,9.1,13.7,28.0,42.9,False,7,1,6,1,38.3,871.0,28.5,0,0.0,15.3,0
8,NH-29 Kohima Mountain,Nagaland,0.2,1.9,52.5,126.4,180.8,True,7,3,4,1,43.7,1489.4,25.9,0,0.0,18.1,0
11,NH-10 Teesta River Canyon,Sikkim,17.6,115.4,29.7,43.4,63.5,True,7,5,2,1,45.6,1743.5,54.2,1,45.0,61.2,1
7,NH-102 Moreh Border,Manipur,0.6,3.4,1.4,2.8,5.6,False,0,0,0,1,68.0,809.7,18.7,0,0.0,14.6,0
4,NH-06 Meghalaya Corridor,Meghalaya,0.7,2.9,1.8,3.5,7.1,False,3,3,0,0,63.4,1441.3,22.1,0,0.0,20.5,0
9,NH-54 Aizawl Ridge,Mizoram,7.2,32.8,42.0,70.7,120.5,True,4,1,3,2,36.1,970.5,34.0,1,45.0,32.0,1
6,NH-02 Imphal Lifeline,Manipur,5.9,20.6,44.6,83.4,133.2,True,6,2,4,0,36.8,1257.1,13.5,3,95.0,40.1,1
4,NH-06 Meghalaya Corridor,Meghalaya,0.1,0.3,1.0,1.9,3.8,False,3,3,0,1,64.1,1493.9,11.4,0,0.0,18.0,1
9,NH-54 Aizawl Ridge,Mizoram,0.8,3.6,0.7,1.5,2.9,False,8,4,4,2,54.3,1354.6,30.4,0,0.0,22.9,0
7,NH-102 Moreh Border,Manipur,6.6,21.9,65.6,95.5,198.6,True,5,2,3,0,57.9,545.6,26.6,1,75.0,41.1,0
3,NH-229 Sela Pass,Arunachal Pradesh,3.5,12.2,0.5,1.0,2.1,False,8,5,3,0,97.5,3950.7,38.5,4,95.0,58.5,1
2,NH-13 Trans-Arunachal,Arunachal Pradesh,3.1,8.7,9.1,15.5,31.0,False,3,3,0,3,74.6,1645.5,31.4,3,75.0,44.0,1
2,NH-13 Trans-Arunachal,Arunachal Pradesh,2.1,8.0,7.9,14.8,25.7,False,6,3,3,1,72.7,1786.1,33.1,0,0.0,25.1,0
10,NH-08 Tripura Central,Tripura,1.0,4.9,3.5,6.9,13.9,False,1,1,0,0,44.6,209.3,4.3,0,0.0,10.5,1
7,NH-102 Moreh Border,Manipur,18.4,62.1,45.4,74.7,135.9,True,1,0,1,0,29.1,486.3,2.0,4,45.0,28.4,0
6,NH-02 Imphal Lifeline,Manipur,24.0,88.1,0.7,1.3,1.9,True,3,3,0,0,32.6,1036.6,11.5,3,95.0,54.6,1
9,NH-54 Aizawl Ridge,Mizoram,7.9,34.5,16.9,29.0,43.0,False,7,2,5,0,46.2,1158.6,26.8,0,0.0,23.2,1
3,NH-229 Sela Pass,Arunachal Pradesh,8.1,59.5,16.2,31.1,58.5,False,6,2,4,2,67.5,3904.3,37.0,0,0.0,33.4,1
5,SH-05 Cherrapunjee Highland,Meghalaya,24.2,89.5,0.6,1.0,2.2,True,4,2,2,4,64.3,1449.8,37.1,3,95.0,62.7,1
4,NH-06 Meghalaya Corridor,Meghalaya,1.8,6.4,1.0,2.1,4.2,False,5,2,3,2,55.6,1461.3,21.4,0,0.0,17.9,0
2,NH-13 Trans-Arunachal,Arunachal Pradesh,2.0,5.6,4.9,11.0,16.6,False,6,2,4,1,39.0,2209.6,51.0,0,0.0,21.0,0
2,NH-13 Trans-Arunachal,Arunachal Pradesh,2.3,22.6,0.0,0.0,0.0,False,6,1,5,2,63.9,1942.4,42.3,0,0.0,24.6,0
9,NH-54 Aizawl Ridge,Mizoram,2.7,22.2,0.7,1.4,2.7,False,5,3,2,2,63.4,985.2,38.7,0,0.0,27.7,0
7,NH-102 Moreh Border,Manipur,27.5,71.7,13.6,20.9,34.2,False,1,1,0,1,54.9,454.1,18.9,1,45.0,39.6,1
7,NH-102 Moreh Border,Manipur,0.4,2.6,13.9,31.8,72.2,False,1,1,0,2,46.6,614.9,11.9,0,0.0,11.9,0
10,NH-08 Tripura Central,Tripura,6.5,24.4,19.2,39.4,81.8,False,2,0,2,0,27.5,175.8,26.9,3,75.0,33.1,1
10,NH-08 Tripura Central,Tripura,1.3,7.7,0.9,1.8,3.5,False,1,1,0,0,74.7,386.8,5.7,0,0.0,15.9,0
10,NH-08 Tripura Central,Tripura,40.3,101.3,32.4,47.9,80.8,True,2,2,0,1,48.3,50.0,15.7,0,0.0,34.7,1
9,NH-54 Aizawl Ridge,Mizoram,10.0,31.0,16.2,29.2,49.1,False,4,2,2,2,64.8,1097.5,30.3,0,0.0,26.0,1
6,NH-02 Imphal Lifeline,Manipur,28.5,97.0,44.1,68.6,117.9,True,3,3,0,0,27.0,821.8,20.8,0,0.0,33.6,0
1,NH-27 Assam Arterial,Assam,4.7,29.7,34.2,68.0,112.3,True,2,0,2,1,29.3,126.1,3.1,0,0.0,11.0,0
11,NH-10 Teesta River Canyon,Sikkim,4.3,18.8,46.4,68.7,112.3,True,4,4,0,2,60.1,1710.8,44.9,0,0.0,29.8,0
6,NH-02 Imphal Lifeline,Manipur,12.0,89.6,41.9,64.9,115.4,True,10,2,8,1,9.8,792.9,22.0,0,0.0,27.8,0
1,NH-27 Assam Arterial,Assam,1.1,5.3,33.0,47.5,107.6,True,0,0,0,1,42.5,50.0,2.0,1,75.0,26.6,1
12,NH-27S Haflong Hill,Assam,3.9,10.9,19.3,28.5,50.4,False,5,1,4,2,98.2,814.2,15.7,4,75.0,40.8,1
6,NH-02 Imphal Lifeline,Manipur,21.0,57.5,10.2,21.9,33.0,False,2,2,0,0,5.0,955.5,15.4,0,0.0,19.3,1
10,NH-08 Tripura Central,Tripura,45.8,169.4,57.9,130.4,227.7,True,2,0,2,0,46.3,136.2,2.0,1,75.0,56.1,1
1,NH-27 Assam Arterial,Assam,14.7,57.1,5.0,10.5,15.7,False,1,0,1,0,7.3,311.1,9.6,0,0.0,14.4,0
3,NH-229 Sela Pass,Arunachal Pradesh,8.5,33.2,8.3,14.8,23.0,False,7,7,0,3,58.1,3685.5,37.4,1,45.0,48.1,1
7,NH-102 Moreh Border,Manipur,0.3,2.5,1.8,3.6,7.1,False,2,2,0,0,21.4,718.0,22.0,0,0.0,12.1,0
9,NH-54 Aizawl Ridge,Mizoram,2.0,11.8,1.0,2.1,4.2,False,5,3,2,0,35.2,1215.0,44.2,0,0.0,22.5,0
7,NH-102 Moreh Border,Manipur,6.4,19.8,4.0,7.6,13.2,True,2,1,1,0,45.5,553.7,16.9,0,0.0,16.2,0
7,NH-102 Moreh Border,Manipur,0.8,7.2,1.5,3.1,6.2,False,5,2,3,0,43.2,578.9,12.1,0,0.0,14.3,0
1,NH-27 Assam Arterial,Assam,19.3,88.0,30.1,45.0,86.7,True,1,1,0,0,50.8,261.8,2.3,0,0.0,27.7,1
6,NH-02 Imphal Lifeline,Manipur,2.3,17.9,4.6,9.2,18.3,False,4,4,0,1,47.7,881.2,18.3,0,0.0,22.4,0
7,NH-102 Moreh Border,Manipur,11.9,111.3,6.8,10.3,17.7,True,2,1,1,2,62.7,422.6,16.6,0,0.0,37.0,1
7,NH-102 Moreh Border,Manipur,0.2,1.6,2.2,4.5,8.9,False,4,3,1,0,42.0,635.4,11.8,0,0.0,15.0,1
7,NH-102 Moreh Border,Manipur,8.8,36.9,19.7,38.0,62.9,False,2,1,1,0,75.5,415.4,14.9,3,75.0,42.4,1
6,NH-02 Imphal Lifeline,Manipur,2.0,20.1,9.2,14.8,28.4,True,5,2,3,1,49.9,805.2,24.4,0,0.0,20.4,0
3,NH-229 Sela Pass,Arunachal Pradesh,1.4,5.1,0.4,0.7,1.5,False,8,6,2,5,47.0,4120.9,43.6,2,95.0,52.5,0
8,NH-29 Kohima Mountain,Nagaland,9.3,39.0,41.3,68.4,129.7,True,3,2,1,2,54.9,1348.4,31.4,0,0.0,26.3,0
8,NH-29 Kohima Mountain,Nagaland,6.3,28.1,22.5,35.2,68.6,True,6,1,5,0,100.0,1622.8,33.4,1,75.0,48.0,1
2,NH-13 Trans-Arunachal,Arunachal Pradesh,24.9,73.4,2.9,4.3,10.5,False,6,3,3,1,55.1,1510.5,28.2,0,0.0,34.6,1
9,NH-54 Aizawl Ridge,Mizoram,5.1,18.9,3.9,7.7,15.5,False,6,5,1,0,78.3,1259.5,27.6,0,0.0,31.0,0
1,NH-27 Assam Arterial,Assam,35.0,130.9,12.8,30.7,65.0,True,1,1,0,0,46.7,455.3,12.9,0,0.0,37.8,0
2,NH-13 Trans-Arunachal,Arunachal Pradesh,3.8,27.1,9.1,13.7,31.8,False,5,2,3,0,35.0,1809.5,33.6,4,75.0,40.1,0
3,NH-229 Sela Pass,Arunachal Pradesh,4.3,40.5,12.8,21.2,43.0,True,10,6,4,1,58.4,3670.2,47.5,3,75.0,57.1,1
1,NH-27 Assam Arterial,Assam,1.6,7.7,12.1,24.1,48.3,False,1,1,0,0,69.2,50.0,9.3,4,75.0,34.5,0
3,NH-229 Sela Pass,Arunachal Pradesh,0.9,3.3,3.1,6.2,12.5,False,6,6,0,1,45.9,3857.3,42.3,1,45.0,39.3,0
1,NH-27 Assam Arterial,Assam,1.4,11.0,51.3,120.1,183.2,True,1,0,1,0,43.2,228.0,5.8,4,45.0,21.1,1
7,NH-102 Moreh Border,Manipur,11.2,66.3,11.7,28.7,43.1,False,3,2,1,0,38.4,360.6,25.4,1,45.0,39.3,1
6,NH-02 Imphal Lifeline,Manipur,0.6,2.9,1.6,3.2,6.5,False,7,3,4,1,73.8,709.7,6.2,0,0.0,18.9,0
9,NH-54 Aizawl Ridge,Mizoram,14.1,138.1,34.6,58.3,119.3,True,8,3,5,0,34.9,1255.6,26.7,2,45.0,55.4,1
5,SH-05 Cherrapunjee Highland,Meghalaya,8.7,23.4,11.1,26.8,47.2,False,11,3,8,4,56.0,1212.6,40.7,0,0.0,27.2,1
11,NH-10 Teesta River Canyon,Sikkim,1.0,4.9,7.1,14.3,28.6,False,7,7,0,4,52.7,1588.5,43.9,0,0.0,31.7,0
8,NH-29 Kohima Mountain,Nagaland,5.8,41.6,126.7,243.6,385.7,True,9,3,6,1,8.3,1790.2,36.0,2,45.0,34.0,1
2,NH-13 Trans-Arunachal,Arunachal Pradesh,0.7,5.4,20.0,35.2,71.8,False,7,1,6,3,57.2,1901.0,37.1,4,45.0,30.3,1
9,NH-54 Aizawl Ridge,Mizoram,3.4,11.9,6.7,13.3,26.6,False,1,1,0,3,48.2,1205.6,25.6,0,0.0,16.7,0
10,NH-08 Tripura Central,Tripura,0.2,1.5,4.0,8.0,16.1,False,4,1,3,0,41.6,337.2,13.8,0,0.0,11.3,0
7,NH-102 Moreh Border,Manipur,2.2,10.6,0.3,0.5,1.1,False,2,1,1,0,5.0,664.4,14.3,0,0.0,7.7,0
12,NH-27S Haflong Hill,Assam,1.7,8.8,48.1,85.8,127.5,True,5,3,2,1,34.3,903.6,29.0,2,45.0,30.0,0
9,NH-54 Aizawl Ridge,Mizoram,45.6,137.3,14.0,31.6,59.0,True,9,4,5,1,45.4,1091.0,30.6,0,0.0,48.4,0
8,NH-29 Kohima Mountain,Nagaland,9.3,46.8,16.8,28.3,46.8,True,9,2,7,0,59.6,1537.3,36.8,1,45.0,40.9,0
7,NH-102 Moreh Border,Manipur,2.2,9.0,3.1,6.2,12.5,False,2,2,0,0,61.8,925.4,21.2,0,0.0,19.3,0
4,NH-06 Meghalaya Corridor,Meghalaya,2.9,13.9,0.2,0.5,1.0,False,8,1,7,0,36.2,1718.0,26.6,0,0.0,15.5,1
12,NH-27S Haflong Hill,Assam,3.7,27.6,19.2,44.2,68.3,False,2,2,0,4,40.7,859.8,26.0,2,75.0,39.6,1
4,NH-06 Meghalaya Corridor,Meghalaya,2.5,17.2,0.4,0.7,1.5,True,4,3,1,0,50.4,1205.3,19.3,0,0.0,20.9,0
11,NH-10 Teesta River Canyon,Sikkim,0.7,2.7,0.7,1.4,2.7,False,5,1,4,4,53.0,1525.1,57.4,0,0.0,20.5,0
8,NH-29 Kohima Mountain,Nagaland,5.7,18.9,17.0,29.6,55.9,False,3,3,0,0,34.6,1725.6,22.0,4,75.0,38.1,1
3,NH-229 Sela Pass,Arunachal Pradesh,17.8,46.0,18.7,29.8,51.8,False,9,8,1,1,71.6,3915.7,44.9,0,0.0,44.9,1
5,SH-05 Cherrapunjee Highland,Meghalaya,10.4,63.3,26.8,40.5,80.0,False,7,6,1,4,60.2,1383.9,40.9,3,75.0,60.6,1
8,NH-29 Kohima Mountain,Nagaland,1.5,7.3,0.6,1.2,2.4,False,8,3,5,0,83.2,1695.3,31.2,0,0.0,26.2,0
1,NH-27 Assam Arterial,Assam,0.1,0.5,0.2,0.3,0.6,False,1,0,1,0,5.0,50.0,6.4,0,0.0,5.0,0
6,NH-02 Imphal Lifeline,Manipur,35.0,100.7,29.8,61.1,113.0,True,8,3,5,1,45.9,1089.9,19.5,0,0.0,36.9,1
8,NH-29 Kohima Mountain,Nagaland,1.2,6.1,0.1,0.2,0.5,False,5,2,3,0,64.8,1859.0,37.2,0,0.0,22.4,0
7,NH-102 Moreh Border,Manipur,0.5,2.1,9.2,18.4,36.9,False,3,1,2,0,45.4,844.6,12.3,0,0.0,11.7,0
9,NH-54 Aizawl Ridge,Mizoram,0.1,1.0,11.7,23.4,46.7,False,5,5,0,2,69.0,1109.4,18.3,0,0.0,24.2,0
5,SH-05 Cherrapunjee Highland,Meghalaya,3.9,13.2,1.2,2.5,5.0,False,8,5,3,1,79.2,1459.2,38.9,0,0.0,32.3,1
8,NH-29 Kohima Mountain,Nagaland,56.1,182.8,1.0,1.8,3.3,True,6,4,2,1,53.4,1458.0,32.5,0,0.0,52.5,1
5,SH-05 Cherrapunjee Highland,Meghalaya,22.6,63.4,6.5,9.8,17.4,True,5,5,0,2,53.2,1406.5,44.9,4,75.0,58.4,1
3,NH-229 Sela Pass,Arunachal Pradesh,2.5,22.0,41.5,68.6,130.5,True,11,3,8,2,85.7,3997.8,40.6,0,0.0,31.4,0
11,NH-10 Teesta River Canyon,Sikkim,19.1,127.0,18.8,41.1,61.2,True,8,5,3,4,59.6,1573.7,53.7,2,95.0,78.1,1
2,NH-13 Trans-Arunachal,Arunachal Pradesh,3.1,14.6,10.1,23.0,35.1,True,5,2,3,4,61.9,1636.5,51.6,0,0.0,26.2,0
1,NH-27 Assam Arterial,Assam,11.8,32.0,38.0,57.5,141.1,True,2,0,2,1,54.3,237.2,19.0,0,0.0,18.4,0
10,NH-08 Tripura Central,Tripura,16.1,51.8,13.8,32.3,63.0,True,2,1,1,0,73.8,339.0,4.0,0,0.0,24.2,0
12,NH-27S Haflong Hill,Assam,43.8,146.7,13.4,22.1,39.7,True,6,6,0,2,55.1,924.3,27.4,0,0.0,55.1,1
2,NH-13 Trans-Arunachal,Arunachal Pradesh,22.9,59.8,31.0,48.4,110.8,True,6,3,3,1,71.2,1806.4,35.5,2,45.0,47.0,1
1,NH-27 Assam Arterial,Assam,11.4,45.9,17.0,40.0,58.7,False,2,2,0,0,24.0,274.8,14.9,4,45.0,31.0,1
1,NH-27 Assam Arterial,Assam,1.3,4.9,0.2,0.5,0.9,False,2,1,1,0,32.6,517.7,2.0,0,0.0,8.3,0
9,NH-54 Aizawl Ridge,Mizoram,1.0,8.3,0.9,1.8,3.7,False,4,3,1,0,23.6,1156.4,31.1,0,0.0,17.4,1
9,NH-54 Aizawl Ridge,Mizoram,8.3,30.8,18.3,27.7,44.8,False,6,6,0,2,52.3,1200.2,31.6,1,75.0,51.1,1
12,NH-27S Haflong Hill,Assam,8.4,28.6,34.9,53.1,80.4,False,11,2,9,0,42.0,968.0,30.2,0,0.0,22.1,0
11,NH-10 Teesta River Canyon,Sikkim,4.4,16.1,1.3,2.7,5.4,False,6,6,0,1,50.7,1622.3,42.1,0,0.0,31.2,0
5,SH-05 Cherrapunjee Highland,Meghalaya,26.8,78.0,3.2,4.7,7.6,False,11,3,8,2,63.6,1664.3,30.7,0,0.0,37.3,0
4,NH-06 Meghalaya Corridor,Meghalaya,17.1,76.6,1.3,2.2,3.5,False,4,4,0,1,34.5,1556.3,30.2,0,0.0,34.5,1
11,NH-10 Teesta River Canyon,Sikkim,0.1,1.1,1.2,2.4,4.7,False,10,7,3,2,68.8,1707.7,41.4,1,75.0,51.6,0
7,NH-102 Moreh Border,Manipur,0.5,2.9,1.9,3.9,7.8,True,1,0,1,0,11.8,490.9,13.9,0,0.0,5.1,0
6,NH-02 Imphal Lifeline,Manipur,0.6,1.9,1.0,2.1,4.2,False,8,2,6,1,57.0,1096.2,19.3,0,0.0,16.8,1
1,NH-27 Assam Arterial,Assam,0.5,2.0,0.8,1.5,3.1,False,2,0,2,0,24.2,214.8,10.8,0,0.0,6.2,0
7,NH-102 Moreh Border,Manipur,0.7,4.3,48.7,114.2,253.3,True,4,2,2,1,52.1,592.4,27.4,1,75.0,36.9,0
7,NH-102 Moreh Border,Manipur,1.8,7.7,5.2,10.4,20.8,False,3,3,0,0,67.1,1021.7,21.5,1,45.0,33.2,0
4,NH-06 Meghalaya Corridor,Meghalaya,4.1,16.3,1.1,2.2,4.4,True,3,3,0,1,28.7,1309.7,16.7,0,0.0,16.9,0
7,NH-102 Moreh Border,Manipur,2.7,9.1,0.6,1.2,2.3,False,2,2,0,1,27.9,628.3,23.6,0,0.0,14.7,0
8,NH-29 Kohima Mountain,Nagaland,25.7,92.7,21.7,41.9,84.7,True,13,1,12,2,71.7,1442.3,33.8,0,0.0,38.1,1
9,NH-54 Aizawl Ridge,Mizoram,0.1,0.4,0.1,0.2,0.3,False,0,0,0,0,60.7,1282.1,34.3,0,0.0,16.0,0
3,NH-229 Sela Pass,Arunachal Pradesh,120.0,374.2,15.4,24.8,38.5,True,9,9,0,4,50.9,3714.7,53.8,0,0.0,65.6,1
7,NH-102 Moreh Border,Manipur,31.6,89.7,4.4,10.9,19.1,True,1,1,0,1,26.3,839.0,4.1,0,0.0,24.7,0
9,NH-54 Aizawl Ridge,Mizoram,4.1,28.7,20.3,37.3,82.5,False,4,4,0,0,100.0,1178.4,37.8,1,75.0,55.0,1
11,NH-10 Teesta River Canyon,Sikkim,1.2,5.0,1.1,2.1,4.3,False,6,6,0,3,33.5,2047.2,46.7,0,0.0,27.4,0
6,NH-02 Imphal Lifeline,Manipur,1.5,9.4,2.6,5.3,10.6,False,2,2,0,0,39.0,1071.7,22.8,0,0.0,16.3,0
10,NH-08 Tripura Central,Tripura,35.1,88.2,35.4,74.1,178.7,True,2,2,0,0,16.8,75.7,5.1,2,45.0,36.4,1
2,NH-13 Trans-Arunachal,Arunachal Pradesh,34.1,93.6,35.3,73.9,142.4,True,4,4,0,1,36.8,1659.2,29.5,0,0.0,38.1,0
6,NH-02 Imphal Lifeline,Manipur,22.0,69.6,1.2,1.7,3.0,False,6,3,3,0,80.9,984.5,21.6,2,75.0,55.1,1
5,SH-05 Cherrapunjee Highland,Meghalaya,2.6,21.4,0.5,1.0,2.1,False,7,3,4,2,36.4,1318.3,24.5,3,45.0,31.9,0
2,NH-13 Trans-Arunachal,Arunachal Pradesh,1.3,9.8,1.6,3.1,6.2,False,6,1,5,1,66.4,1708.7,29.5,0,0.0,19.8,0
2,NH-13 Trans-Arunachal,Arunachal Pradesh,13.8,53.3,14.3,34.1,83.1,False,7,2,5,0,36.6,1931.7,28.4,0,0.0,25.8,0
3,NH-229 Sela Pass,Arunachal Pradesh,7.3,26.5,26.7,42.5,92.6,True,9,3,6,2,59.1,3891.1,32.8,2,75.0,45.5,0
2,NH-13 Trans-Arunachal,Arunachal Pradesh,4.6,22.5,54.0,83.4,122.6,True,4,4,0,2,41.7,1828.6,33.9,0,0.0,25.5,0
3,NH-229 Sela Pass,Arunachal Pradesh,11.5,28.7,10.6,21.9,36.2,False,7,5,2,2,94.3,3602.4,31.8,2,95.0,60.0,1
3,NH-229 Sela Pass,Arunachal Pradesh,0.8,3.2,9.0,14.0,34.7,False,3,3,0,3,37.8,3787.1,40.8,1,75.0,39.2,0
12,NH-27S Haflong Hill,Assam,0.3,1.3,0.5,1.0,2.1,False,4,1,3,1,63.9,904.6,29.3,0,0.0,17.7,0
5,SH-05 Cherrapunjee Highland,Meghalaya,1.4,7.4,0.4,0.8,1.6,False,10,3,7,1,71.1,1487.1,39.2,0,0.0,26.0,0
6,NH-02 Imphal Lifeline,Manipur,1.3,11.8,18.5,26.9,43.2,False,4,3,1,1,66.6,1026.5,34.0,2,45.0,36.4,1
10,NH-08 Tripura Central,Tripura,9.3,29.6,11.6,17.6,26.8,False,0,0,0,0,44.1,50.0,4.2,1,95.0,37.1,0
1,NH-27 Assam Arterial,Assam,0.3,2.7,2.9,5.8,11.6,False,3,1,2,1,26.5,50.0,2.0,0,0.0,6.9,1
12,NH-27S Haflong Hill,Assam,0.2,1.0,4.3,8.7,17.4,False,2,0,2,1,21.3,1026.4,25.5,0,0.0,8.5,0
4,NH-06 Meghalaya Corridor,Meghalaya,1.5,5.4,4.3,8.5,17.1,False,0,0,0,2,43.8,1426.5,15.4,0,0.0,10.7,0
9,NH-54 Aizawl Ridge,Mizoram,9.2,44.7,3.7,7.3,13.4,False,4,2,2,0,70.5,1241.9,29.8,3,45.0,40.7,1
2,NH-13 Trans-Arunachal,Arunachal Pradesh,7.1,35.8,6.4,11.7,21.9,False,5,3,2,3,58.1,1712.9,35.5,0,0.0,29.0,0
3,NH-229 Sela Pass,Arunachal Pradesh,2.7,9.6,0.0,0.0,0.0,False,4,4,0,3,91.7,3777.0,40.3,2,75.0,50.5,0
2,NH-13 Trans-Arunachal,Arunachal Pradesh,78.5,281.8,6.2,11.1,16.1,True,2,2,0,2,48.8,1757.7,23.6,0,0.0,46.0,0
6,NH-02 Imphal Lifeline,Manipur,7.3,43.3,16.2,38.0,75.4,True,4,0,4,1,23.2,904.4,21.6,0,0.0,16.5,0
11,NH-10 Teesta River Canyon,Sikkim,0.6,5.6,0.3,0.7,1.3,False,11,6,5,1,65.6,1659.0,42.5,3,95.0,55.2,0
10,NH-08 Tripura Central,Tripura,12.4,64.1,9.8,14.9,26.5,False,0,0,0,1,45.0,50.0,8.5,0,0.0,21.3,0
11,NH-10 Teesta River Canyon,Sikkim,6.2,21.8,28.3,49.0,73.6,True,9,5,4,2,56.2,1748.7,49.0,1,95.0,56.3,0
4,NH-06 Meghalaya Corridor,Meghalaya,2.6,15.3,5.7,11.3,22.7,False,2,0,2,1,45.5,1582.2,23.3,0,0.0,14.5,0
3,NH-229 Sela Pass,Arunachal Pradesh,24.1,100.1,19.8,39.8,62.1,True,6,4,2,1,36.4,3778.8,47.1,1,45.0,54.1,0
10,NH-08 Tripura Central,Tripura,19.8,68.8,3.7,9.3,16.0,True,0,0,0,0,53.8,228.5,2.0,0,0.0,22.2,1
12,NH-27S Haflong Hill,Assam,0.9,8.0,4.3,8.6,17.1,False,3,3,0,1,63.3,897.3,30.5,0,0.0,23.2,0
5,SH-05 Cherrapunjee Highland,Meghalaya,4.5,11.4,3.7,7.6,17.2,False,11,2,9,2,41.0,1377.5,34.2,2,45.0,30.5,0
9,NH-54 Aizawl Ridge,Mizoram,11.5,53.3,7.5,17.0,35.3,False,2,1,1,1,17.3,1483.6,37.5,4,75.0,41.5,1
10,NH-08 Tripura Central,Tripura,1.8,16.7,21.3,39.2,67.3,False,2,2,0,0,29.4,50.0,11.9,0,0.0,14.1,0
12,NH-27S Haflong Hill,Assam,6.6,27.2,8.0,12.3,19.7,False,2,2,0,0,48.4,701.8,25.7,0,0.0,21.8,0
8,NH-29 Kohima Mountain,Nagaland,7.6,27.5,25.2,39.0,83.5,False,3,3,0,0,46.5,1472.2,27.9,2,75.0,42.8,0
12,NH-27S Haflong Hill,Assam,0.4,2.3,0.6,1.2,2.3,False,5,5,0,2,73.8,925.4,33.7,0,0.0,28.3,1
9,NH-54 Aizawl Ridge,Mizoram,0.6,2.5,3.0,6.0,12.1,False,8,1,7,3,69.4,1259.4,34.6,0,0.0,19.8,1
5,SH-05 Cherrapunjee Highland,Meghalaya,1.7,14.3,24.5,43.4,89.6,False,13,6,7,2,47.5,1570.7,42.9,0,0.0,30.6,0
5,SH-05 Cherrapunjee Highland,Meghalaya,15.4,43.9,4.6,8.9,14.6,False,3,3,0,4,71.7,1247.1,37.8,2,75.0,51.8,1
1,NH-27 Assam Arterial,Assam,11.7,33.6,4.8,10.6,23.9,False,0,0,0,2,26.3,85.5,8.7,0,0.0,12.4,1
7,NH-102 Moreh Border,Manipur,78.2,327.0,35.8,60.1,93.3,True,0,0,0,2,42.6,462.1,14.1,0,0.0,39.2,1
12,NH-27S Haflong Hill,Assam,0.3,1.4,2.0,3.9,7.9,False,10,1,9,1,64.5,946.4,24.2,0,0.0,16.8,0
9,NH-54 Aizawl Ridge,Mizoram,14.7,127.1,3.1,4.6,8.9,True,4,3,1,4,56.2,1225.9,29.0,2,95.0,69.4,1
11,NH-10 Teesta River Canyon,Sikkim,0.9,6.2,1.3,2.5,5.1,False,11,2,9,1,53.5,1674.4,42.3,0,0.0,21.7,0
6,NH-02 Imphal Lifeline,Manipur,7.2,45.4,9.1,21.2,44.0,False,4,3,1,2,57.9,1077.4,7.1,3,45.0,36.4,0
7,NH-102 Moreh Border,Manipur,27.6,155.2,13.3,27.7,54.0,True,4,3,1,0,32.0,568.1,2.0,0,0.0,41.2,0
6,NH-02 Imphal Lifeline,Manipur,1.3,4.5,0.7,1.5,3.0,False,2,2,0,0,36.1,905.9,26.5,0,0.0,15.6,0
1,NH-27 Assam Arterial,Assam,47.9,149.1,21.7,33.4,48.7,True,1,0,1,0,31.9,50.0,2.0,0,0.0,35.0,0
6,NH-02 Imphal Lifeline,Manipur,3.1,22.6,9.4,18.1,39.3,False,2,0,2,2,51.9,1244.2,32.6,0,0.0,18.8,0
11,NH-10 Teesta River Canyon,Sikkim,3.1,10.7,0.7,1.4,2.8,False,6,6,0,5,38.8,1786.0,40.8,1,45.0,39.4,0
8,NH-29 Kohima Mountain,Nagaland,0.8,4.1,0.8,1.7,3.3,False,4,3,1,2,79.9,1524.7,29.0,1,75.0,43.4,1
5,SH-05 Cherrapunjee Highland,Meghalaya,2.3,11.2,0.2,0.3,0.6,False,11,3,8,0,48.3,1308.8,24.8,0,0.0,20.4,0
3,NH-229 Sela Pass,Arunachal Pradesh,3.0,9.4,30.4,44.5,77.9,True,11,7,4,5,29.8,3991.2,35.4,0,0.0,27.4,0
4,NH-06 Meghalaya Corridor,Meghalaya,9.4,42.0,10.0,16.3,35.4,False,3,1,2,1,15.0,1812.1,21.8,1,75.0,35.8,0
1,NH-27 Assam Arterial,Assam,2.4,15.4,4.2,8.4,16.8,False,1,0,1,0,28.3,52.1,9.2,0,0.0,9.2,0
10,NH-08 Tripura Central,Tripura,82.1,251.8,35.0,79.0,146.5,True,1,1,0,0,41.6,50.0,12.9,0,0.0,40.8,1
7,NH-102 Moreh Border,Manipur,1.9,6.3,1.1,2.1,4.3,False,4,1,3,1,39.7,526.1,12.3,3,45.0,22.9,1
4,NH-06 Meghalaya Corridor,Meghalaya,0.1,0.6,4.6,9.1,18.3,False,1,0,1,0,26.9,1419.4,26.3,0,0.0,9.4,0
11,NH-10 Teesta River Canyon,Sikkim,0.1,1.0,0.6,1.2,2.4,False,6,3,3,2,72.3,1684.5,37.6,0,0.0,24.6,0
6,NH-02 Imphal Lifeline,Manipur,13.5,40.8,12.6,22.0,31.9,False,7,1,6,0,44.3,911.3,27.3,0,0.0,22.3,0
8,NH-29 Kohima Mountain,Nagaland,0.2,1.4,2.5,5.0,10.0,False,6,2,4,2,62.3,1334.8,26.0,0,0.0,18.8,0
6,NH-02 Imphal Lifeline,Manipur,1.0,8.5,1.3,2.6,5.1,False,9,3,6,2,63.7,1033.2,24.3,0,0.0,22.1,1
4,NH-06 Meghalaya Corridor,Meghalaya,0.1,1.2,8.7,17.4,34.9,False,6,3,3,0,36.8,1519.2,25.7,4,75.0,35.7,1
11,NH-10 Teesta River Canyon,Sikkim,1.0,5.0,0.8,1.6,3.2,False,7,4,3,5,44.9,1943.2,37.7,0,0.0,23.3,1
12,NH-27S Haflong Hill,Assam,3.0,20.4,0.2,0.3,0.6,False,3,1,2,1,60.0,739.5,27.5,0,0.0,20.6,1
1,NH-27 Assam Arterial,Assam,0.9,7.4,5.4,10.9,21.7,False,2,1,1,1,58.3,50.0,6.3,0,0.0,13.5,0
5,SH-05 Cherrapunjee Highland,Meghalaya,8.7,42.1,4.3,10.5,22.9,False,11,7,4,3,36.1,1153.0,31.3,0,0.0,34.1,0
4,NH-06 Meghalaya Corridor,Meghalaya,0.5,5.0,5.5,11.0,21.9,False,5,5,0,4,28.3,1255.8,28.1,0,0.0,20.9,0
9,NH-54 Aizawl Ridge,Mizoram,10.0,31.9,17.3,38.0,73.0,False,3,3,0,2,54.7,1388.1,18.1,3,75.0,43.0,0
6,NH-02 Imphal Lifeline,Manipur,25.4,230.4,0.9,1.7,2.5,True,4,3,1,1,13.6,1311.5,16.7,1,45.0,52.6,1
7,NH-102 Moreh Border,Manipur,0.7,2.6,3.8,7.6,15.3,False,3,1,2,1,41.9,855.1,9.8,0,0.0,10.7,0
7,NH-102 Moreh Border,Manipur,31.2,106.3,7.0,11.4,17.4,True,3,2,1,3,18.9,447.0,18.9,0,0.0,31.9,0
9,NH-54 Aizawl Ridge,Mizoram,4.4,32.8,5.4,9.9,23.5,False,4,2,2,2,55.3,1153.3,35.8,0,0.0,26.0,0
1,NH-27 Assam Arterial,Assam,0.1,0.2,0.1,0.3,0.6,False,1,0,1,1,28.3,56.1,13.3,0,0.0,7.0,0
12,NH-27S Haflong Hill,Assam,1.8,7.0,2.1,4.2,8.4,False,3,3,0,1,39.7,978.3,20.3,0,0.0,17.4,0
10,NH-08 Tripura Central,Tripura,1.8,8.3,0.9,1.8,3.6,False,0,0,0,0,87.0,50.0,10.5,0,0.0,16.8,0
4,NH-06 Meghalaya Corridor,Meghalaya,20.2,116.4,3.1,6.0,13.4,True,3,1,2,1,71.3,1394.7,26.9,4,45.0,52.6,1
3,NH-229 Sela Pass,Arunachal Pradesh,8.6,28.6,4.9,8.9,13.3,True,10,1,9,3,78.0,3676.4,37.1,3,75.0,45.6,0
2,NH-13 Trans-Arunachal,Arunachal Pradesh,30.1,132.9,26.4,46.8,69.3,True,14,2,12,1,59.6,2194.6,37.2,0,0.0,47.0,1
3,NH-229 Sela Pass,Arunachal Pradesh,0.2,1.5,4.9,9.7,19.4,False,8,4,4,3,60.3,3494.5,54.1,3,75.0,46.1,1
1,NH-27 Assam Arterial,Assam,4.1,20.9,1.2,2.5,5.0,False,4,2,2,0,60.2,268.9,2.0,0,0.0,17.6,0
4,NH-06 Meghalaya Corridor,Meghalaya,2.2,11.8,1.3,2.5,5.1,False,5,5,0,0,54.3,1450.9,29.5,0,0.0,26.4,1
12,NH-27S Haflong Hill,Assam,0.4,3.2,0.5,1.1,2.1,False,4,2,2,2,38.2,796.2,32.3,0,0.0,16.8,0
11,NH-10 Teesta River Canyon,Sikkim,14.9,75.8,4.0,7.0,14.8,False,11,5,6,4,57.8,1577.3,46.6,4,75.0,61.9,1
4,NH-06 Meghalaya Corridor,Meghalaya,1.8,8.6,26.2,40.1,67.8,False,4,4,0,1,58.8,1210.4,23.6,4,95.0,47.0,1
4,NH-06 Meghalaya Corridor,Meghalaya,0.4,3.1,2.1,4.2,8.5,False,2,0,2,2,30.0,1534.1,23.8,3,95.0,33.6,0
8,NH-29 Kohima Mountain,Nagaland,7.6,37.6,2.3,3.6,6.7,False,6,3,3,1,53.9,1502.0,37.0,4,75.0,47.8,1
10,NH-08 Tripura Central,Tripura,0.1,0.3,0.5,1.0,2.1,False,0,0,0,1,58.2,50.0,2.0,0,0.0,9.2,0
7,NH-102 Moreh Border,Manipur,29.8,182.4,6.1,11.5,23.3,True,3,3,0,1,41.5,746.8,17.4,2,75.0,64.5,0
4,NH-06 Meghalaya Corridor,Meghalaya,17.5,46.5,3.1,5.4,9.5,False,4,2,2,1,74.6,1337.1,21.6,1,95.0,52.6,0
3,NH-229 Sela Pass,Arunachal Pradesh,5.4,19.6,59.2,98.9,204.3,True,10,5,5,4,74.7,3822.4,49.3,2,45.0,46.2,1
8,NH-29 Kohima Mountain,Nagaland,1.5,12.4,10.8,21.6,43.2,False,4,4,0,0,37.3,1392.9,26.7,0,0.0,21.4,1
8,NH-29 Kohima Mountain,Nagaland,7.8,47.3,19.7,29.0,65.8,False,4,4,0,0,92.3,1305.2,40.1,0,0.0,39.3,1
9,NH-54 Aizawl Ridge,Mizoram,31.5,81.6,7.8,14.7,23.9,True,3,3,0,3,59.2,1161.3,31.9,2,45.0,48.8,1
10,NH-08 Tripura Central,Tripura,3.3,16.8,2.1,4.2,8.5,False,1,1,0,0,7.2,124.8,9.9,0,0.0,8.4,0
2,NH-13 Trans-Arunachal,Arunachal Pradesh,3.4,12.5,23.8,44.7,75.1,False,6,4,2,1,50.0,1859.8,38.3,0,0.0,25.7,0
10,NH-08 Tripura Central,Tripura,2.8,17.5,19.4,30.5,68.9,True,1,0,1,2,35.6,115.7,7.3,4,75.0,29.1,1
6,NH-02 Imphal Lifeline,Manipur,10.9,53.0,33.6,56.7,129.1,True,6,6,0,0,29.0,837.2,25.1,3,45.0,43.2,1
8,NH-29 Kohima Mountain,Nagaland,1.3,11.7,0.6,1.3,2.5,False,8,3,5,0,5.2,1694.0,43.6,0,0.0,17.9,1
9,NH-54 Aizawl Ridge,Mizoram,19.1,150.0,6.9,15.9,28.8,True,5,2,3,0,22.9,1158.5,25.6,0,0.0,42.5,0
6,NH-02 Imphal Lifeline,Manipur,2.7,13.6,2.4,4.9,9.8,False,3,3,0,0,59.7,966.4,32.8,0,0.0,24.2,0
4,NH-06 Meghalaya Corridor,Meghalaya,15.0,42.8,5.8,9.8,23.3,False,2,1,1,2,48.1,1725.3,24.3,0,0.0,22.6,1
10,NH-08 Tripura Central,Tripura,12.2,36.7,4.1,6.8,13.9,True,1,1,0,1,20.1,50.0,6.5,3,45.0,24.9,0
5,SH-05 Cherrapunjee Highland,Meghalaya,1.8,7.7,1.3,2.6,5.2,False,9,4,5,4,60.5,1204.0,38.3,0,0.0,26.3,1
12,NH-27S Haflong Hill,Assam,3.9,15.1,1.2,2.3,4.7,False,4,2,2,0,20.7,1024.9,39.6,2,45.0,29.3,0
9,NH-54 Aizawl Ridge,Mizoram,3.4,16.5,7.7,13.0,19.8,False,11,1,10,1,64.3,1175.0,28.2,0,0.0,20.6,1
3,NH-229 Sela Pass,Arunachal Pradesh,32.2,95.2,46.8,67.3,134.1,True,8,3,5,3,67.3,3737.2,47.1,3,75.0,63.3,1
5,SH-05 Cherrapunjee Highland,Meghalaya,1.5,10.8,1.2,2.4,4.8,False,6,4,2,1,44.9,1429.0,21.6,0,0.0,21.2,0
12,NH-27S Haflong Hill,Assam,4.6,44.0,23.2,47.7,87.0,False,5,4,1,0,49.8,1251.7,32.4,0,0.0,30.8,1
10,NH-08 Tripura Central,Tripura,1.6,6.0,0.3,0.5,1.0,False,1,1,0,1,29.0,50.0,7.6,0,0.0,9.1,0
12,NH-27S Haflong Hill,Assam,6.4,44.4,5.5,11.3,20.3,True,1,1,0,0,38.0,764.9,32.0,1,75.0,41.7,1
12,NH-27S Haflong Hill,Assam,3.0,15.2,3.7,7.3,14.7,False,6,2,4,2,34.6,993.4,20.1,4,75.0,35.0,1
3,NH-229 Sela Pass,Arunachal Pradesh,2.5,20.9,3.4,6.8,13.7,False,6,6,0,0,88.8,3580.0,38.8,0,0.0,37.3,1
3,NH-229 Sela Pass,Arunachal Pradesh,16.5,64.2,22.7,38.5,64.1,False,12,5,7,3,58.5,3505.4,48.4,0,0.0,41.3,1
7,NH-102 Moreh Border,Manipur,15.0,45.6,2.7,5.0,12.2,False,2,2,0,0,21.0,725.0,9.8,0,0.0,18.2,0
10,NH-08 Tripura Central,Tripura,11.9,35.6,30.9,63.5,97.2,True,1,1,0,0,39.0,73.8,2.0,0,0.0,15.4,0
6,NH-02 Imphal Lifeline,Manipur,67.5,362.3,5.0,11.0,21.6,True,4,2,2,0,36.4,682.9,10.2,0,0.0,41.5,0
4,NH-06 Meghalaya Corridor,Meghalaya,9.2,31.6,4.2,6.5,10.9,True,0,0,0,1,42.7,1511.0,20.1,2,75.0,35.5,0
2,NH-13 Trans-Arunachal,Arunachal Pradesh,3.4,17.3,8.8,15.5,25.1,False,8,3,5,1,15.6,2138.9,42.1,0,0.0,20.2,0
8,NH-29 Kohima Mountain,Nagaland,0.0,0.4,1.4,3.1,5.0,False,9,4,5,2,72.4,1326.1,28.0,2,95.0,48.3,0
9,NH-54 Aizawl Ridge,Mizoram,9.2,38.1,9.8,20.0,48.8,False,6,2,4,1,85.6,1017.9,37.8,2,75.0,50.8,0
12,NH-27S Haflong Hill,Assam,0.9,5.6,1.5,3.2,7.6,False,4,1,3,0,53.7,859.4,25.4,0,0.0,16.2,0
3,NH-229 Sela Pass,Arunachal Pradesh,1.0,3.6,14.8,29.0,43.1,False,4,4,0,1,24.0,3991.1,35.3,1,75.0,38.1,0
1,NH-27 Assam Arterial,Assam,2.7,10.0,6.7,11.5,20.7,False,1,1,0,1,61.2,167.8,4.2,0,0.0,14.0,0
7,NH-102 Moreh Border,Manipur,1.1,5.2,0.8,1.5,3.0,False,1,1,0,0,35.7,569.6,7.8,0,0.0,10.0,0
1,NH-27 Assam Arterial,Assam,5.3,14.4,7.5,15.8,25.7,False,3,1,2,0,59.0,186.9,8.8,0,0.0,15.5,1
9,NH-54 Aizawl Ridge,Mizoram,0.0,0.2,0.8,1.7,3.3,False,1,1,0,1,66.0,1238.6,33.9,3,75.0,37.5,0
5,SH-05 Cherrapunjee Highland,Meghalaya,28.0,73.3,10.5,23.1,35.1,True,2,2,0,2,79.8,1424.2,30.1,0,0.0,36.7,1
4,NH-06 Meghalaya Corridor,Meghalaya,1.2,3.9,0.2,0.4,0.9,False,13,0,13,1,52.2,1466.9,31.4,2,95.0,38.6,0
6,NH-02 Imphal Lifeline,Manipur,28.4,101.2,4.0,7.3,13.2,True,5,1,4,2,56.5,1141.0,25.6,0,0.0,35.8,1
8,NH-29 Kohima Mountain,Nagaland,11.7,34.6,19.5,30.7,55.6,False,7,3,4,0,35.0,1573.2,34.1,4,75.0,43.7,0
2,NH-13 Trans-Arunachal,Arunachal Pradesh,5.0,21.6,7.2,16.0,25.5,False,4,2,2,1,61.0,2192.5,36.1,4,95.0,48.4,1
12,NH-27S Haflong Hill,Assam,1.9,13.0,41.1,62.9,120.2,True,1,1,0,3,26.4,545.0,20.8,0,0.0,12.7,0
5,SH-05 Cherrapunjee Highland,Meghalaya,0.7,2.9,0.3,0.5,1.0,False,8,2,6,2,35.0,1141.2,29.6,0,0.0,15.8,0
1,NH-27 Assam Arterial,Assam,2.0,8.8,0.2,0.5,1.1,False,0,0,0,1,26.8,65.8,8.4,0,0.0,7.4,0
10,NH-08 Tripura Central,Tripura,5.6,21.4,7.2,11.9,26.2,False,0,0,0,0,39.2,60.0,9.5,2,95.0,35.8,0
12,NH-27S Haflong Hill,Assam,1.2,3.9,3.2,5.9,11.4,False,6,4,2,4,91.6,961.3,15.2,0,0.0,25.6,1
4,NH-06 Meghalaya Corridor,Meghalaya,11.5,36.0,61.1,130.2,314.8,True,4,3,1,1,37.5,1508.0,27.4,0,0.0,24.3,0
12,NH-27S Haflong Hill,Assam,3.2,10.8,2.7,5.3,10.6,False,4,3,1,1,33.6,792.6,28.0,0,0.0,18.8,0
3,NH-229 Sela Pass,Arunachal Pradesh,1.7,13.8,3.4,6.7,13.4,False,14,4,10,0,65.2,3972.6,43.4,0,0.0,29.2,1
4,NH-06 Meghalaya Corridor,Meghalaya,7.5,26.2,25.4,57.5,93.8,True,2,2,0,1,61.2,1395.9,29.9,1,45.0,35.6,0
4,NH-06 Meghalaya Corridor,Meghalaya,0.1,1.0,3.0,4.8,11.7,False,7,3,4,0,46.5,1635.6,19.3,4,45.0,28.3,1
6,NH-02 Imphal Lifeline,Manipur,1.0,5.3,3.1,6.3,12.5,False,4,1,3,0,58.3,899.6,17.9,0,0.0,15.4,0
7,NH-102 Moreh Border,Manipur,0.6,2.5,2.3,4.5,9.1,False,0,0,0,0,42.0,661.0,13.4,0,0.0,9.5,0
8,NH-29 Kohima Mountain,Nagaland,7.4,19.8,1.1,2.2,4.1,False,5,2,3,0,56.1,1653.8,32.4,0,0.0,22.8,0
12,NH-27S Haflong Hill,Assam,1.4,5.0,3.2,6.4,12.8,False,5,3,2,1,61.0,833.5,26.3,0,0.0,21.4,0
6,NH-02 Imphal Lifeline,Manipur,0.3,2.3,0.6,1.1,2.3,False,4,2,2,1,40.6,1001.8,13.6,0,0.0,13.3,0
5,SH-05 Cherrapunjee Highland,Meghalaya,27.7,137.6,7.8,18.2,38.8,True,5,4,1,2,69.9,1262.7,31.9,0,0.0,52.4,1
9,NH-54 Aizawl Ridge,Mizoram,7.2,70.6,3.4,5.0,8.1,False,4,2,2,0,42.4,1321.0,35.9,3,95.0,55.4,1
3,NH-229 Sela Pass,Arunachal Pradesh,13.3,40.3,5.9,10.4,20.1,False,6,6,0,1,22.3,3882.6,45.2,1,75.0,51.2,0
10,NH-08 Tripura Central,Tripura,1.6,14.8,1.9,3.8,7.7,False,1,1,0,2,47.5,50.0,3.2,3,45.0,24.0,1
7,NH-102 Moreh Border,Manipur,2.6,11.8,33.7,55.6,135.9,True,6,2,4,0,47.9,664.0,9.6,3,95.0,39.2,1
7,NH-102 Moreh Border,Manipur,5.5,25.7,7.1,10.4,25.6,False,2,1,1,3,67.5,722.9,9.4,2,45.0,30.4,1
5,SH-05 Cherrapunjee Highland,Meghalaya,1.8,6.2,3.2,5.3,7.8,False,10,5,5,2,77.2,1094.3,28.1,0,0.0,28.4,0
5,SH-05 Cherrapunjee Highland,Meghalaya,0.3,1.0,1.0,1.6,3.8,True,3,3,0,1,29.4,1292.7,40.8,0,0.0,18.8,1
11,NH-10 Teesta River Canyon,Sikkim,0.3,1.4,2.5,5.1,10.2,False,9,6,3,2,25.6,1752.2,44.7,0,0.0,25.1,0
3,NH-229 Sela Pass,Arunachal Pradesh,0.7,4.0,1.3,2.6,5.1,False,11,6,5,3,68.0,3791.3,40.8,0,0.0,31.2,0
5,SH-05 Cherrapunjee Highland,Meghalaya,4.7,19.6,11.3,25.1,36.4,False,10,6,4,2,49.6,1390.7,36.0,4,45.0,41.8,1
8,NH-29 Kohima Mountain,Nagaland,2.9,17.2,40.9,97.9,194.5,True,8,7,1,1,65.8,1453.7,36.9,0,0.0,34.7,0
1,NH-27 Assam Arterial,Assam,27.4,68.6,12.6,24.1,42.4,False,6,0,6,1,50.9,169.2,10.7,0,0.0,23.5,0
9,NH-54 Aizawl Ridge,Mizoram,1.3,6.1,1.2,2.5,4.9,False,3,3,0,0,60.3,1470.8,27.8,1,45.0,33.1,1
12,NH-27S Haflong Hill,Assam,2.0,5.3,8.0,11.6,25.7,True,4,4,0,2,70.1,803.9,37.1,0,0.0,27.0,1
3,NH-229 Sela Pass,Arunachal Pradesh,18.9,150.8,11.7,17.6,40.7,True,11,5,6,3,81.3,3514.5,37.2,0,0.0,59.6,1
12,NH-27S Haflong Hill,Assam,0.2,1.3,1.5,3.0,6.1,False,7,1,6,1,65.7,832.9,34.8,0,0.0,19.1,0
5,SH-05 Cherrapunjee Highland,Meghalaya,14.0,72.8,2.5,5.8,11.9,False,8,2,6,1,42.9,1243.0,31.9,0,0.0,31.4,0
2,NH-13 Trans-Arunachal,Arunachal Pradesh,0.8,6.1,25.8,40.3,58.9,False,8,1,7,2,39.7,2095.2,29.5,1,75.0,33.8,0
7,NH-102 Moreh Border,Manipur,3.7,17.0,1.9,3.7,7.4,False,2,2,0,1,57.7,568.0,9.5,0,0.0,18.0,1
8,NH-29 Kohima Mountain,Nagaland,1.4,7.5,19.0,37.7,71.1,True,11,3,8,0,72.9,1686.8,35.9,3,75.0,44.4,1
4,NH-06 Meghalaya Corridor,Meghalaya,0.1,0.5,19.3,44.4,90.7,True,2,1,1,1,60.7,1245.0,27.8,1,75.0,35.5,0
1,NH-27 Assam Arterial,Assam,0.7,3.3,0.6,1.3,2.6,False,0,0,0,0,50.5,492.2,17.7,0,0.0,11.8,1
8,NH-29 Kohima Mountain,Nagaland,0.5,2.0,8.7,17.4,34.7,False,7,5,2,1,62.8,1597.3,38.6,0,0.0,27.5,0
11,NH-10 Teesta River Canyon,Sikkim,2.2,6.4,20.1,35.4,63.9,False,8,4,4,2,46.2,1750.3,44.0,2,75.0,43.8,1
11,NH-10 Teesta River Canyon,Sikkim,49.7,138.8,20.1,31.7,69.5,True,8,4,4,0,89.9,1658.8,49.9,3,95.0,83.0,1
8,NH-29 Kohima Mountain,Nagaland,1.4,5.8,1.4,2.9,5.8,False,5,2,3,1,84.0,1458.5,25.8,1,75.0,41.7,0
4,NH-06 Meghalaya Corridor,Meghalaya,0.1,0.4,4.1,8.2,16.3,False,6,3,3,0,38.0,1440.6,21.9,2,75.0,34.9,0
9,NH-54 Aizawl Ridge,Mizoram,2.7,9.2,5.7,11.4,22.8,False,5,1,4,0,73.6,1098.7,35.8,0,0.0,22.0,1
1,NH-27 Assam Arterial,Assam,0.3,2.5,4.8,10.2,16.9,True,2,0,2,0,63.2,76.6,6.3,0,0.0,11.2,0
3,NH-229 Sela Pass,Arunachal Pradesh,3.6,16.0,45.6,76.5,152.9,True,10,2,8,1,83.7,3723.2,34.7,1,75.0,45.4,1
3,NH-229 Sela Pass,Arunachal Pradesh,16.8,76.0,83.3,160.3,355.4,True,7,7,0,1,50.8,3942.0,44.1,0,0.0,45.6,1
4,NH-06 Meghalaya Corridor,Meghalaya,10.0,57.6,53.2,110.7,170.1,True,4,4,0,3,85.3,1563.9,30.9,0,0.0,38.5,0
6,NH-02 Imphal Lifeline,Manipur,2.0,20.0,0.4,0.9,1.7,False,1,1,0,3,14.0,1144.1,31.5,0,0.0,14.4,0
3,NH-229 Sela Pass,Arunachal Pradesh,1.4,6.3,13.3,22.3,37.1,False,3,3,0,2,25.5,4081.0,36.3,0,0.0,18.3,0
12,NH-27S Haflong Hill,Assam,5.6,19.3,4.0,8.1,16.2,False,4,4,0,1,58.7,834.3,25.4,0,0.0,25.7,1
5,SH-05 Cherrapunjee Highland,Meghalaya,15.5,54.7,5.4,12.4,23.5,False,1,1,0,2,99.6,1275.9,45.5,0,0.0,37.0,0
4,NH-06 Meghalaya Corridor,Meghalaya,0.2,0.8,0.7,1.5,2.9,False,8,2,6,1,26.9,1550.5,23.6,0,0.0,12.9,0
9,NH-54 Aizawl Ridge,Mizoram,3.4,16.0,6.5,12.6,26.3,True,5,0,5,0,50.2,1245.6,38.5,1,45.0,29.7,0
8,NH-29 Kohima Mountain,Nagaland,3.3,15.5,3.8,7.3,13.6,True,7,2,5,2,61.0,1411.4,33.1,0,0.0,22.9,0
2,NH-13 Trans-Arunachal,Arunachal Pradesh,1.3,9.0,0.6,1.2,2.3,False,5,5,0,1,44.5,1842.6,25.3,0,0.0,23.5,1
1,NH-27 Assam Arterial,Assam,11.3,36.2,1.4,2.4,3.5,False,1,1,0,0,34.8,81.2,6.6,1,75.0,34.5,0
9,NH-54 Aizawl Ridge,Mizoram,6.4,18.7,9.7,18.3,31.1,False,3,3,0,1,88.8,1250.9,27.3,0,0.0,28.5,0
3,NH-229 Sela Pass,Arunachal Pradesh,0.3,3.0,3.2,6.4,12.9,False,9,6,3,1,38.9,3802.8,41.0,0,0.0,26.6,0
11,NH-10 Teesta River Canyon,Sikkim,35.3,117.3,20.3,37.9,88.6,True,9,5,4,1,72.9,1875.9,49.4,0,0.0,54.3,1
5,SH-05 Cherrapunjee Highland,Meghalaya,0.0,0.3,1.9,3.8,7.7,False,9,6,3,1,66.5,1124.0,41.4,0,0.0,30.3,0
3,NH-229 Sela Pass,Arunachal Pradesh,2.1,12.2,24.0,50.1,112.7,True,9,5,4,2,42.8,3840.8,38.7,0,0.0,26.6,0
12,NH-27S Haflong Hill,Assam,1.2,4.8,8.1,16.2,32.4,False,5,5,0,0,21.4,575.3,29.3,1,45.0,31.3,0
10,NH-08 Tripura Central,Tripura,13.8,58.9,37.2,59.5,97.0,True,3,1,2,1,41.6,85.8,10.0,0,0.0,22.0,1
11,NH-10 Teesta River Canyon,Sikkim,1.9,14.0,1.9,3.8,7.7,False,3,3,0,2,71.9,1520.3,39.7,0,0.0,27.5,0
11,NH-10 Teesta River Canyon,Sikkim,1.5,5.0,2.2,4.4,8.7,False,3,3,0,2,95.1,1745.5,43.8,0,0.0,30.0,0
1,NH-27 Assam Arterial,Assam,9.8,59.9,35.9,53.1,121.7,True,0,0,0,0,38.9,180.0,7.0,0,0.0,19.2,0
6,NH-02 Imphal Lifeline,Manipur,15.2,59.2,10.7,25.3,61.8,False,4,4,0,0,57.7,946.2,12.2,0,0.0,30.9,1
11,NH-10 Teesta River Canyon,Sikkim,0.2,1.6,5.1,10.2,20.4,False,11,3,8,0,72.4,1769.1,44.5,0,0.0,26.1,1
11,NH-10 Teesta River Canyon,Sikkim,21.0,66.0,9.9,14.4,22.5,True,11,5,6,1,65.0,1712.2,48.6,4,45.0,53.9,1
4,NH-06 Meghalaya Corridor,Meghalaya,1.9,7.2,1.2,1.8,3.9,False,3,2,1,0,54.7,1532.2,25.3,3,75.0,37.5,0
11,NH-10 Teesta River Canyon,Sikkim,5.5,38.1,2.4,4.7,7.0,True,10,4,6,2,60.3,1787.7,40.3,0,0.0,32.7,1
7,NH-102 Moreh Border,Manipur,41.1,106.3,5.2,9.1,18.6,True,1,1,0,1,34.8,562.4,22.6,0,0.0,33.0,0
5,SH-05 Cherrapunjee Highland,Meghalaya,0.8,3.3,0.5,1.0,2.0,False,9,2,7,0,50.6,1038.5,40.9,0,0.0,20.4,0
6,NH-02 Imphal Lifeline,Manipur,27.5,80.0,25.5,36.6,69.6,True,4,1,3,2,53.8,1253.9,28.8,3,95.0,55.6,1
1,NH-27 Assam Arterial,Assam,1.4,4.3,83.2,119.0,220.4,True,3,2,1,2,47.3,130.6,5.9,1,95.0,36.9,0
11,NH-10 Teesta River Canyon,Sikkim,3.7,18.2,1.3,2.6,5.2,False,6,6,0,2,61.1,1915.1,43.1,0,0.0,33.4,0
2,NH-13 Trans-Arunachal,Arunachal Pradesh,12.2,59.9,2.7,6.0,13.8,False,9,6,3,0,52.2,1983.3,38.4,0,0.0,39.5,1
5,SH-05 Cherrapunjee Highland,Meghalaya,61.2,202.0,2.6,4.3,8.6,True,6,2,4,0,47.4,1403.2,30.2,0,0.0,47.1,1
12,NH-27S Haflong Hill,Assam,4.9,18.8,0.4,0.6,1.4,False,2,0,2,3,61.4,328.0,31.9,0,0.0,19.3,0
8,NH-29 Kohima Mountain,Nagaland,5.4,17.8,29.1,44.0,67.0,True,6,3,3,1,91.0,1600.2,33.9,1,95.0,53.7,0
1,NH-27 Assam Arterial,Assam,21.9,109.1,15.0,24.2,48.9,True,1,1,0,0,46.4,337.8,8.1,2,45.0,43.6,0
2,NH-13 Trans-Arunachal,Arunachal Pradesh,5.7,22.6,1.3,2.5,5.0,False,2,2,0,0,46.5,1983.1,26.6,1,95.0,44.6,1
2,NH-13 Trans-Arunachal,Arunachal Pradesh,0.7,2.4,10.5,21.0,42.0,False,2,2,0,0,62.9,1771.4,28.1,0,0.0,19.5,0
10,NH-08 Tripura Central,Tripura,3.4,10.2,15.5,28.9,46.1,False,2,0,2,1,21.5,50.0,2.0,0,0.0,5.7,0
10,NH-08 Tripura Central,Tripura,1.5,7.8,2.2,4.4,8.9,False,1,0,1,1,54.1,93.6,14.4,4,45.0,23.8,0
8,NH-29 Kohima Mountain,Nagaland,5.9,15.2,16.7,31.2,69.4,False,6,5,1,0,29.7,1582.1,24.9,0,0.0,22.5,1
8,NH-29 Kohima Mountain,Nagaland,2.5,12.5,6.7,13.4,26.9,False,4,3,1,1,88.3,1251.4,28.7,3,75.0,46.2,0
9,NH-54 Aizawl Ridge,Mizoram,10.0,26.1,11.5,18.0,26.9,False,7,4,3,0,70.1,833.5,40.8,3,75.0,50.6,1
11,NH-10 Teesta River Canyon,Sikkim,2.5,9.8,0.5,0.9,1.8,False,7,5,2,1,70.4,1783.3,44.0,0,0.0,31.3,0
12,NH-27S Haflong Hill,Assam,1.2,5.3,1.2,2.4,4.7,False,6,6,0,1,45.5,1048.9,23.3,0,0.0,24.5,0
7,NH-102 Moreh Border,Manipur,7.6,21.4,9.7,14.3,24.5,True,1,0,1,0,52.6,633.4,10.3,0,0.0,14.2,0
10,NH-08 Tripura Central,Tripura,1.9,7.0,0.3,0.5,1.1,False,1,1,0,0,55.0,151.7,6.0,1,75.0,31.6,1
10,NH-08 Tripura Central,Tripura,8.3,36.2,0.5,1.4,2.2,False,1,0,1,0,55.7,50.0,12.4,0,0.0,18.1,0
7,NH-102 Moreh Border,Manipur,1.0,5.8,0.5,0.9,1.3,False,5,1,4,0,58.5,701.4,8.8,0,0.0,13.7,0
5,SH-05 Cherrapunjee Highland,Meghalaya,10.7,47.1,7.2,12.3,19.5,False,6,5,1,1,65.7,1130.4,43.9,4,45.0,49.3,0
8,NH-29 Kohima Mountain,Nagaland,10.0,63.8,15.5,27.1,52.4,False,4,3,1,1,55.5,1309.3,30.3,0,0.0,33.2,1
7,NH-102 Moreh Border,Manipur,3.5,12.1,18.6,30.8,64.2,False,2,2,0,0,15.8,567.9,24.0,3,75.0,32.4,0
2,NH-13 Trans-Arunachal,Arunachal Pradesh,15.6,47.0,9.7,14.6,24.9,False,5,4,1,4,50.1,1596.3,31.1,0,0.0,31.1,0
1,NH-27 Assam Arterial,Assam,7.2,34.4,21.3,32.8,80.8,False,1,0,1,1,48.6,50.1,11.6,2,95.0,40.2,1
12,NH-27S Haflong Hill,Assam,16.2,57.3,9.7,18.4,37.9,True,3,1,2,1,65.2,735.9,28.8,0,0.0,29.0,1
5,SH-05 Cherrapunjee Highland,Meghalaya,4.0,19.2,5.4,12.2,26.9,False,5,5,0,1,49.3,1503.5,30.9,0,0.0,27.4,0
2,NH-13 Trans-Arunachal,Arunachal Pradesh,1.2,8.0,1.0,2.0,3.9,False,8,6,2,1,37.3,1773.5,24.9,0,0.0,24.2,0
7,NH-102 Moreh Border,Manipur,19.6,151.0,18.0,39.5,64.3,True,1,0,1,3,58.9,768.3,19.3,3,75.0,61.4,1
12,NH-27S Haflong Hill,Assam,8.1,27.5,10.7,21.3,41.6,False,4,3,1,1,43.4,927.2,33.4,2,45.0,35.9,0
11,NH-10 Teesta River Canyon,Sikkim,14.4,55.0,6.8,9.9,19.8,False,9,7,2,3,100.0,1954.9,42.2,0,0.0,48.4,0
10,NH-08 Tripura Central,Tripura,31.8,102.7,11.5,26.2,48.7,True,0,0,0,0,51.0,50.0,15.9,3,95.0,55.1,1
6,NH-02 Imphal Lifeline,Manipur,4.2,14.2,0.1,0.3,0.6,False,4,4,0,0,36.8,834.1,21.7,0,0.0,20.7,0
6,NH-02 Imphal Lifeline,Manipur,0.9,5.3,6.4,12.8,25.5,False,5,4,1,0,48.4,830.7,12.1,0,0.0,18.7,0
4,NH-06 Meghalaya Corridor,Meghalaya,0.5,1.8,2.8,5.0,9.6,False,2,2,0,1,37.1,1390.0,25.7,3,45.0,26.3,0
7,NH-102 Moreh Border,Manipur,8.5,38.9,2.2,4.7,8.1,False,1,1,0,0,83.7,791.0,25.0,2,75.0,46.1,0
5,SH-05 Cherrapunjee Highland,Meghalaya,3.9,19.8,7.2,12.0,17.6,False,8,4,4,3,53.6,1202.9,30.7,3,45.0,37.4,0
5,SH-05 Cherrapunjee Highland,Meghalaya,1.0,7.4,1.8,3.3,6.5,False,7,2,5,3,55.3,1346.4,36.0,0,0.0,21.0,0
3,NH-229 Sela Pass,Arunachal Pradesh,94.3,253.3,1.1,2.2,4.9,True,10,4,6,4,19.9,3740.9,46.9,3,45.0,61.6,1
3,NH-229 Sela Pass,Arunachal Pradesh,0.1,0.8,0.4,0.9,1.8,False,13,9,4,1,63.4,3921.5,42.7,0,0.0,36.2,0
11,NH-10 Teesta River Canyon,Sikkim,1.8,6.1,0.5,1.1,2.2,False,7,7,0,3,51.7,1812.2,41.5,0,0.0,31.3,0
5,SH-05 Cherrapunjee Highland,Meghalaya,5.3,16.1,18.8,28.2,59.2,True,9,4,5,2,37.6,1498.7,33.1,0,0.0,23.5,0
10,NH-08 Tripura Central,Tripura,1.1,3.6,25.1,47.4,72.0,True,3,0,3,1,12.6,159.2,10.5,4,45.0,16.0,0
8,NH-29 Kohima Mountain,Nagaland,38.2,129.9,3.7,7.3,12.9,True,5,5,0,1,68.9,1225.6,31.2,0,0.0,52.6,1
4,NH-06 Meghalaya Corridor,Meghalaya,54.4,151.3,19.6,42.2,70.1,True,5,4,1,2,5.0,1389.0,24.3,0,0.0,43.6,1
6,NH-02 Imphal Lifeline,Manipur,49.3,123.2,1.5,2.9,4.6,True,3,3,0,0,60.4,1077.7,15.1,0,0.0,42.7,0
3,NH-229 Sela Pass,Arunachal Pradesh,5.2,36.4,7.0,11.6,23.6,True,7,4,3,1,51.2,4042.3,33.8,4,95.0,53.5,0
7,NH-102 Moreh Border,Manipur,1.3,6.4,1.3,2.6,5.3,False,4,0,4,1,38.7,417.6,26.1,0,0.0,12.3,0
1,NH-27 Assam Arterial,Assam,4.4,42.1,6.7,10.0,23.7,False,5,1,4,1,38.1,50.0,17.8,2,75.0,38.4,0
4,NH-06 Meghalaya Corridor,Meghalaya,2.1,10.5,0.8,1.5,3.1,False,2,2,0,0,67.3,1478.3,33.6,0,0.0,22.9,0
9,NH-54 Aizawl Ridge,Mizoram,0.1,0.7,0.4,0.8,1.6,False,8,0,8,0,77.2,835.2,32.7,0,0.0,18.3,0
11,NH-10 Teesta River Canyon,Sikkim,4.1,13.8,2.0,4.1,8.2,False,6,3,3,1,74.2,1747.8,53.3,0,0.0,29.9,0
2,NH-13 Trans-Arunachal,Arunachal Pradesh,1.1,4.6,2.6,5.3,10.5,False,8,5,3,1,48.5,1830.6,42.4,0,0.0,26.7,0
6,NH-02 Imphal Lifeline,Manipur,27.8,88.8,0.3,0.5,0.9,True,3,2,1,0,53.8,1050.2,14.2,3,75.0,51.4,1
4,NH-06 Meghalaya Corridor,Meghalaya,22.1,64.4,3.2,6.2,10.0,False,4,4,0,1,48.4,1500.5,18.2,3,75.0,50.6,1
4,NH-06 Meghalaya Corridor,Meghalaya,11.8,38.1,39.5,69.5,105.1,True,3,1,2,4,47.4,1303.8,23.1,4,75.0,40.1,1
11,NH-10 Teesta River Canyon,Sikkim,0.1,0.4,0.2,0.3,0.6,False,11,6,5,5,51.7,1448.3,46.8,3,95.0,53.0,1
3,NH-229 Sela Pass,Arunachal Pradesh,6.8,20.4,132.1,223.8,324.0,True,6,3,3,3,39.9,3820.1,39.7,1,95.0,47.7,1
4,NH-06 Meghalaya Corridor,Meghalaya,0.3,1.2,0.1,0.2,0.5,False,4,4,0,0,29.8,1559.3,31.6,0,0.0,19.0,0
11,NH-10 Teesta River Canyon,Sikkim,0.6,4.1,0.2,0.4,0.7,False,9,5,4,2,99.2,1832.6,48.8,0,0.0,35.5,0
1,NH-27 Assam Arterial,Assam,20.1,104.1,6.6,14.2,21.7,True,1,1,0,0,37.3,100.7,2.0,0,0.0,28.8,0
6,NH-02 Imphal Lifeline,Manipur,1.2,11.1,10.3,20.6,41.1,False,2,1,1,0,37.4,893.1,23.7,0,0.0,14.6,0
10,NH-08 Tripura Central,Tripura,0.6,3.2,7.5,15.0,30.0,False,0,0,0,0,75.1,50.0,7.8,0,0.0,13.5,1
11,NH-10 Teesta River Canyon,Sikkim,0.6,2.2,1.1,2.3,4.5,False,11,7,4,3,29.1,1582.6,44.3,4,45.0,38.9,1
1,NH-27 Assam Arterial,Assam,6.9,33.8,10.4,17.2,29.9,False,0,0,0,0,27.8,148.6,2.0,2,95.0,35.1,0
6,NH-02 Imphal Lifeline,Manipur,2.3,11.3,0.5,0.9,1.8,False,2,2,0,1,43.5,1050.4,23.2,0,0.0,17.4,0
5,SH-05 Cherrapunjee Highland,Meghalaya,4.9,15.1,44.7,73.1,130.3,True,2,2,0,3,30.0,1385.4,40.8,4,75.0,38.4,1
12,NH-27S Haflong Hill,Assam,1.1,8.3,4.4,8.8,17.6,False,2,2,0,1,28.8,1049.9,39.9,2,75.0,36.7,1
3,NH-229 Sela Pass,Arunachal Pradesh,1.7,5.9,1.9,3.8,7.6,False,8,4,4,2,96.9,3957.0,32.9,2,95.0,54.0,1
10,NH-08 Tripura Central,Tripura,0.1,1.2,2.7,5.5,11.0,False,2,1,1,0,51.6,50.0,6.4,0,0.0,11.3,1
4,NH-06 Meghalaya Corridor,Meghalaya,20.3,62.9,56.8,102.9,150.5,True,3,2,1,0,57.6,1428.0,25.9,4,45.0,41.6,1
12,NH-27S Haflong Hill,Assam,10.0,37.5,26.7,55.8,131.8,True,5,1,4,1,49.4,818.5,34.8,0,0.0,23.9,0
6,NH-02 Imphal Lifeline,Manipur,0.1,0.8,1.2,2.4,4.7,True,2,2,0,1,32.1,962.8,17.1,0,0.0,12.4,1
8,NH-29 Kohima Mountain,Nagaland,1.4,5.6,0.3,0.7,1.3,False,3,3,0,4,31.8,1167.3,40.7,0,0.0,20.0,0
12,NH-27S Haflong Hill,Assam,1.9,7.6,25.1,37.2,55.3,False,4,2,2,0,27.7,704.9,28.7,1,75.0,34.2,1
3,NH-229 Sela Pass,Arunachal Pradesh,1.2,9.9,0.8,1.6,3.1,False,15,6,9,0,61.2,3564.9,44.0,0,0.0,32.0,1
8,NH-29 Kohima Mountain,Nagaland,8.4,40.8,80.3,126.3,181.7,True,1,1,0,2,50.1,1712.8,38.2,3,45.0,36.6,1
3,NH-229 Sela Pass,Arunachal Pradesh,17.2,54.2,2.6,5.5,12.2,False,7,5,2,1,60.0,3996.5,52.1,1,45.0,51.1,1
12,NH-27S Haflong Hill,Assam,24.3,82.6,71.0,120.6,272.8,True,5,5,0,0,58.3,1029.8,27.3,2,75.0,59.5,1
6,NH-02 Imphal Lifeline,Manipur,10.8,39.6,3.6,9.0,21.0,False,5,1,4,1,46.2,892.0,16.5,0,0.0,20.1,0
5,SH-05 Cherrapunjee Highland,Meghalaya,1.4,8.7,0.2,0.4,0.7,False,4,4,0,1,82.9,1159.1,32.9,0,0.0,28.8,0
8,NH-29 Kohima Mountain,Nagaland,5.7,23.9,1.0,2.0,4.1,False,7,4,3,2,63.6,1566.6,38.9,0,0.0,30.1,1
2,NH-13 Trans-Arunachal,Arunachal Pradesh,1.2,6.7,8.2,16.5,33.0,False,6,2,4,3,87.8,2071.1,46.7,0,0.0,27.8,1
5,SH-05 Cherrapunjee Highland,Meghalaya,10.5,39.6,57.3,99.9,151.9,True,8,2,6,1,44.5,1239.9,39.0,2,95.0,50.1,1
8,NH-29 Kohima Mountain,Nagaland,3.8,10.9,12.9,29.3,42.6,False,4,3,1,1,45.3,1498.6,33.6,0,0.0,21.7,0
2,NH-13 Trans-Arunachal,Arunachal Pradesh,17.9,70.0,20.2,32.8,63.1,False,6,3,3,2,42.5,1392.2,33.7,3,45.0,44.4,1
9,NH-54 Aizawl Ridge,Mizoram,15.0,60.4,10.5,22.8,44.9,False,4,2,2,0,73.8,1463.1,18.2,2,75.0,49.5,0
8,NH-29 Kohima Mountain,Nagaland,27.6,77.1,2.2,3.4,8.0,True,5,3,2,0,39.7,1310.1,30.9,1,75.0,52.3,0
2,NH-13 Trans-Arunachal,Arunachal Pradesh,18.7,59.4,6.3,15.1,31.5,True,3,3,0,3,28.9,1763.5,31.7,4,45.0,39.8,0
1,NH-27 Assam Arterial,Assam,14.1,55.3,1.5,3.7,8.4,False,0,0,0,1,53.3,116.7,4.6,0,0.0,20.0,0
12,NH-27S Haflong Hill,Assam,0.2,1.3,0.7,1.4,2.8,False,4,2,2,3,73.9,878.5,18.4,0,0.0,19.0,0
8,NH-29 Kohima Mountain,Nagaland,1.5,6.7,2.3,4.6,9.2,False,6,1,5,3,67.9,1627.7,32.1,0,0.0,20.0,0
11,NH-10 Teesta River Canyon,Sikkim,0.5,1.8,4.0,8.1,16.1,False,7,6,1,6,90.5,1567.6,53.0,0,0.0,35.9,0
10,NH-08 Tripura Central,Tripura,2.5,12.4,0.9,1.9,3.8,False,4,0,4,0,68.6,145.1,6.2,0,0.0,14.0,0
2,NH-13 Trans-Arunachal,Arunachal Pradesh,23.5,88.3,19.1,29.7,48.6,True,10,1,9,0,48.6,1792.8,37.1,2,75.0,53.1,0
7,NH-102 Moreh Border,Manipur,0.5,3.3,1.7,3.3,6.7,False,0,0,0,1,34.2,531.3,20.3,0,0.0,9.9,1
1,NH-27 Assam Arterial,Assam,26.9,104.0,0.4,0.9,1.3,True,0,0,0,0,65.2,90.7,16.4,2,75.0,52.6,1
3,NH-229 Sela Pass,Arunachal Pradesh,2.5,6.4,6.2,15.3,21.9,False,8,8,0,3,67.2,3908.8,46.1,0,0.0,36.6,0
11,NH-10 Teesta River Canyon,Sikkim,37.4,132.4,42.3,91.9,146.0,True,2,2,0,3,85.7,1616.9,48.1,0,0.0,52.9,1
12,NH-27S Haflong Hill,Assam,1.8,9.3,3.0,5.9,11.9,False,7,5,2,1,44.7,472.5,27.5,0,0.0,24.1,1
5,SH-05 Cherrapunjee Highland,Meghalaya,2.7,16.1,4.9,7.7,12.3,False,4,4,0,1,38.5,1457.3,43.8,0,0.0,25.8,1
9,NH-54 Aizawl Ridge,Mizoram,0.0,0.0,3.5,7.0,14.1,False,4,1,3,3,26.2,1335.6,33.1,0,0.0,12.6,0
1,NH-27 Assam Arterial,Assam,19.8,64.5,0.2,0.3,0.4,True,0,0,0,1,41.1,142.8,21.2,3,75.0,42.0,1
7,NH-102 Moreh Border,Manipur,6.2,21.7,0.1,0.2,0.4,False,1,1,0,0,50.7,825.3,20.5,3,75.0,36.8,1
11,NH-10 Teesta River Canyon,Sikkim,45.2,159.9,11.6,18.5,31.8,True,9,3,6,2,66.1,1935.2,42.1,2,45.0,65.6,1
11,NH-10 Teesta River Canyon,Sikkim,0.4,2.8,3.3,6.7,13.3,False,5,5,0,1,46.2,1559.3,44.7,0,0.0,26.4,0
7,NH-102 Moreh Border,Manipur,12.3,42.4,55.8,109.9,221.1,True,3,1,2,1,68.5,501.5,21.8,4,95.0,48.9,1
3,NH-229 Sela Pass,Arunachal Pradesh,5.0,21.2,0.6,1.5,2.3,False,9,3,6,3,59.1,3907.3,47.3,4,45.0,39.8,1
7,NH-102 Moreh Border,Manipur,34.5,241.1,4.2,6.4,10.0,True,0,0,0,1,38.1,704.9,17.2,2,75.0,57.9,1
6,NH-02 Imphal Lifeline,Manipur,22.6,75.9,5.2,10.8,25.8,False,1,1,0,0,42.9,897.3,26.5,3,75.0,47.7,1
6,NH-02 Imphal Lifeline,Manipur,1.4,6.9,0.7,1.5,3.0,False,2,2,0,1,44.0,1183.4,22.8,0,0.0,16.5,1
3,NH-229 Sela Pass,Arunachal Pradesh,4.6,15.4,76.4,118.2,176.9,True,5,2,3,1,66.7,3851.0,43.7,4,75.0,44.6,1
4,NH-06 Meghalaya Corridor,Meghalaya,0.9,3.0,22.9,39.2,89.3,False,6,3,3,2,46.1,1340.0,29.5,4,75.0,38.2,1
10,NH-08 Tripura Central,Tripura,1.3,4.5,1.1,2.3,4.6,False,3,1,2,1,16.0,50.0,8.3,0,0.0,7.0,1
7,NH-102 Moreh Border,Manipur,15.6,106.5,4.0,6.8,12.1,True,2,0,2,0,45.4,963.3,20.8,0,0.0,32.3,0
1,NH-27 Assam Arterial,Assam,1.1,4.8,3.3,6.7,13.3,False,1,1,0,0,98.3,155.4,6.9,2,95.0,42.8,0
4,NH-06 Meghalaya Corridor,Meghalaya,0.6,2.8,1.8,3.5,7.1,False,3,2,1,1,40.4,1436.1,40.5,3,45.0,30.0,0
4,NH-06 Meghalaya Corridor,Meghalaya,6.0,27.9,0.8,1.7,3.4,False,5,2,3,3,90.7,1057.1,16.5,0,0.0,26.5,1
3,NH-229 Sela Pass,Arunachal Pradesh,5.0,30.2,54.0,96.7,212.8,True,9,6,3,3,45.5,3963.8,34.6,0,0.0,31.8,0
6,NH-02 Imphal Lifeline,Manipur,0.7,4.2,0.0,0.0,0.0,False,4,4,0,2,66.0,1118.5,19.2,0,0.0,22.6,1
6,NH-02 Imphal Lifeline,Manipur,10.9,38.6,31.8,57.4,88.4,False,4,4,0,2,62.1,880.5,18.8,4,75.0,47.6,0
5,SH-05 Cherrapunjee Highland,Meghalaya,4.8,17.7,1.5,3.1,6.1,False,5,2,3,2,40.8,1260.5,42.5,0,0.0,22.2,0
5,SH-05 Cherrapunjee Highland,Meghalaya,1.1,3.3,19.0,29.0,45.7,True,6,6,0,1,86.4,1419.7,37.6,3,75.0,51.9,0
11,NH-10 Teesta River Canyon,Sikkim,0.0,0.2,27.4,39.9,96.9,True,9,6,3,3,78.9,1695.0,31.3,0,0.0,30.1,1
9,NH-54 Aizawl Ridge,Mizoram,10.3,47.3,2.9,5.7,11.5,False,2,1,1,3,55.8,1299.8,41.5,0,0.0,28.1,0
6,NH-02 Imphal Lifeline,Manipur,23.0,61.9,24.4,38.5,57.6,False,3,2,1,1,71.6,1317.3,29.6,0,0.0,33.0,0
5,SH-05 Cherrapunjee Highland,Meghalaya,2.2,8.5,3.7,7.3,14.7,False,8,5,3,1,84.2,1155.1,32.5,0,0.0,30.8,0
10,NH-08 Tripura Central,Tripura,28.7,176.1,4.3,9.3,23.2,True,1,0,1,0,69.2,50.0,2.0,3,75.0,59.5,0
2,NH-13 Trans-Arunachal,Arunachal Pradesh,3.8,18.0,1.2,2.5,4.9,False,7,3,4,1,54.5,1979.2,31.2,0,0.0,24.0,1
2,NH-13 Trans-Arunachal,Arunachal Pradesh,10.7,91.3,29.3,71.3,116.0,True,3,2,1,1,61.7,1670.3,26.7,1,45.0,48.1,1
3,NH-229 Sela Pass,Arunachal Pradesh,0.8,3.5,0.3,0.6,1.3,False,9,3,6,3,53.2,3733.6,37.9,0,0.0,22.3,1
12,NH-27S Haflong Hill,Assam,16.2,42.0,33.6,80.0,166.0,True,8,1,7,2,41.8,760.5,26.1,1,45.0,33.1,1
10,NH-08 Tripura Central,Tripura,20.4,68.5,2.5,5.0,9.4,False,1,1,0,0,46.2,50.0,20.4,3,75.0,45.4,1
9,NH-54 Aizawl Ridge,Mizoram,7.4,32.9,68.0,105.5,181.7,True,6,3,3,2,43.9,1149.4,26.4,2,45.0,35.7,1
9,NH-54 Aizawl Ridge,Mizoram,3.8,11.3,16.9,29.5,65.4,False,4,4,0,0,62.3,1221.5,27.4,4,75.0,43.8,1
12,NH-27S Haflong Hill,Assam,3.9,13.8,1.8,3.7,7.3,False,8,2,6,1,57.8,875.3,38.6,3,75.0,41.9,0
12,NH-27S Haflong Hill,Assam,1.5,9.6,2.1,4.4,10.5,False,6,6,0,0,42.9,955.1,26.9,2,45.0,37.0,0
1,NH-27 Assam Arterial,Assam,24.9,93.0,15.2,25.2,51.7,True,3,3,0,0,54.9,292.6,7.0,2,95.0,58.0,1
9,NH-54 Aizawl Ridge,Mizoram,0.7,4.0,4.1,8.2,16.4,False,5,4,1,3,57.2,1262.7,25.1,3,45.0,33.6,0
3,NH-229 Sela Pass,Arunachal Pradesh,0.4,3.7,1.5,3.0,6.0,False,7,3,4,5,28.4,3540.0,32.7,0,0.0,17.5,0
10,NH-08 Tripura Central,Tripura,1.7,9.2,5.2,10.4,20.8,False,2,0,2,0,52.6,81.9,5.2,0,0.0,10.8,0
7,NH-102 Moreh Border,Manipur,10.8,44.4,19.4,39.2,83.2,False,1,1,0,0,18.2,525.3,23.5,2,45.0,29.6,0
3,NH-229 Sela Pass,Arunachal Pradesh,6.2,40.2,0.1,0.1,0.2,False,5,5,0,2,71.6,4057.7,45.5,4,75.0,56.6,1
4,NH-06 Meghalaya Corridor,Meghalaya,8.0,35.3,2.3,5.4,9.6,False,6,2,4,1,76.0,1625.9,26.8,0,0.0,27.8,1
6,NH-02 Imphal Lifeline,Manipur,0.1,0.9,0.8,1.6,3.1,False,5,3,2,2,29.4,882.0,24.4,0,0.0,15.5,0
7,NH-102 Moreh Border,Manipur,7.5,33.1,5.0,10.4,23.0,False,3,0,3,0,56.7,689.4,15.0,3,95.0,41.9,0
2,NH-13 Trans-Arunachal,Arunachal Pradesh,13.7,121.1,5.1,10.5,21.3,True,6,2,4,2,56.1,1680.2,32.3,2,45.0,54.4,1
3,NH-229 Sela Pass,Arunachal Pradesh,1.7,12.8,24.0,35.7,74.1,False,6,6,0,2,60.3,3759.4,44.1,1,45.0,43.7,0
9,NH-54 Aizawl Ridge,Mizoram,5.0,26.7,4.5,9.0,18.0,False,3,3,0,2,29.0,945.5,27.4,0,0.0,21.2,0
10,NH-08 Tripura Central,Tripura,0.5,2.0,1.6,3.3,6.5,False,2,0,2,0,78.7,50.0,13.5,0,0.0,14.9,0
12,NH-27S Haflong Hill,Assam,1.2,5.1,1.7,3.3,6.6,True,4,4,0,0,91.3,990.5,27.1,0,0.0,28.1,0
7,NH-102 Moreh Border,Manipur,3.1,12.9,9.0,20.0,42.6,True,1,0,1,1,12.2,426.1,19.1,0,0.0,8.2,0
10,NH-08 Tripura Central,Tripura,34.2,97.3,13.6,30.2,69.1,True,1,0,1,0,19.1,119.8,12.5,0,0.0,24.8,0
9,NH-54 Aizawl Ridge,Mizoram,15.2,144.9,1.5,2.5,5.6,True,5,1,4,2,44.8,1347.6,25.4,0,0.0,42.8,1
2,NH-13 Trans-Arunachal,Arunachal Pradesh,1.6,7.7,4.4,8.8,17.5,False,8,0,8,0,32.6,1807.3,45.5,0,0.0,15.5,0
8,NH-29 Kohima Mountain,Nagaland,4.5,15.9,2.7,5.4,10.9,False,8,7,1,3,80.5,1629.4,30.9,0,0.0,35.4,0
10,NH-08 Tripura Central,Tripura,2.2,7.5,1.1,2.2,4.5,False,1,0,1,0,35.1,213.5,9.2,0,0.0,8.6,0
11,NH-10 Teesta River Canyon,Sikkim,16.1,45.4,22.8,33.9,50.4,False,16,4,12,4,60.4,1792.4,33.8,2,75.0,51.6,0
7,NH-102 Moreh Border,Manipur,13.0,35.3,16.9,35.6,80.6,False,1,1,0,0,8.5,936.2,16.2,4,45.0,24.8,0
10,NH-08 Tripura Central,Tripura,0.7,2.4,1.1,2.2,4.4,False,1,0,1,1,54.4,113.9,13.3,3,95.0,35.0,1
5,SH-05 Cherrapunjee Highland,Meghalaya,2.5,12.2,0.8,1.5,3.1,False,6,4,2,2,78.5,1097.9,27.9,0,0.0,27.8,1
6,NH-02 Imphal Lifeline,Manipur,28.9,104.1,123.1,203.8,311.9,True,2,2,0,0,54.0,943.0,27.0,4,45.0,49.6,1
1,NH-27 Assam Arterial,Assam,1.1,3.9,3.0,6.1,12.2,False,0,0,0,0,32.3,263.0,17.5,0,0.0,9.1,0
10,NH-08 Tripura Central,Tripura,3.7,10.8,48.0,99.1,213.5,True,2,2,0,0,44.6,50.0,29.7,4,75.0,37.5,1
10,NH-08 Tripura Central,Tripura,9.9,45.4,3.9,6.2,10.3,False,1,1,0,1,41.1,158.0,14.9,0,0.0,20.2,1
8,NH-29 Kohima Mountain,Nagaland,5.7,25.9,4.6,6.7,12.9,False,3,3,0,1,25.1,1573.9,35.9,1,95.0,45.9,0
10,NH-08 Tripura Central,Tripura,2.8,9.4,7.9,18.3,26.2,False,1,0,1,1,39.3,214.3,18.0,3,75.0,30.1,0
10,NH-08 Tripura Central,Tripura,23.6,83.2,16.2,34.3,54.9,True,2,0,2,0,23.0,50.0,5.8,2,75.0,40.0,0
9,NH-54 Aizawl Ridge,Mizoram,0.7,4.8,0.5,1.1,2.2,False,4,4,0,0,59.9,1081.3,34.9,0,0.0,24.9,0
8,NH-29 Kohima Mountain,Nagaland,4.2,35.8,20.1,46.9,86.9,False,7,2,5,0,53.2,1570.9,29.3,1,45.0,36.2,0
5,SH-05 Cherrapunjee Highland,Meghalaya,2.8,18.0,2.4,4.9,9.7,False,14,6,8,2,57.9,1234.9,35.6,0,0.0,31.4,0
10,NH-08 Tripura Central,Tripura,19.5,89.7,25.9,55.1,122.9,True,1,1,0,0,38.2,182.6,2.0,0,0.0,26.1,0
1,NH-27 Assam Arterial,Assam,28.9,114.5,49.8,99.1,197.3,True,1,1,0,0,5.0,68.6,11.8,1,45.0,39.3,1
3,NH-229 Sela Pass,Arunachal Pradesh,0.7,6.1,1.4,2.8,5.7,False,6,1,5,3,91.8,4244.2,46.2,0,0.0,26.2,0
1,NH-27 Assam Arterial,Assam,3.3,10.0,32.0,54.2,115.3,True,1,1,0,0,46.7,50.0,8.3,0,0.0,12.7,1
5,SH-05 Cherrapunjee Highland,Meghalaya,35.3,111.1,2.3,3.3,4.9,True,7,4,3,3,70.5,1276.4,32.8,2,75.0,66.1,1
9,NH-54 Aizawl Ridge,Mizoram,3.7,9.5,4.3,9.0,14.1,True,5,3,2,3,59.5,1303.1,31.7,0,0.0,23.2,1
8,NH-29 Kohima Mountain,Nagaland,16.3,54.2,18.0,30.1,55.1,False,5,4,1,2,60.3,1556.7,41.6,4,95.0,59.9,1
12,NH-27S Haflong Hill,Assam,0.8,6.1,0.4,0.7,1.4,False,4,3,1,1,28.1,749.5,24.2,0,0.0,16.3,0
1,NH-27 Assam Arterial,Assam,4.5,16.4,18.6,37.0,77.7,False,1,1,0,0,43.2,261.9,9.6,0,0.0,13.7,0
1,NH-27 Assam Arterial,Assam,19.8,54.1,50.1,104.1,161.0,True,1,1,0,0,44.0,191.5,13.6,3,45.0,33.4,1
11,NH-10 Teesta River Canyon,Sikkim,3.9,16.8,7.6,16.8,24.1,False,6,5,1,2,62.9,1732.7,34.0,0,0.0,29.6,0
11,NH-10 Teesta River Canyon,Sikkim,4.6,32.3,25.1,46.6,70.6,False,9,2,7,6,52.5,1864.1,52.4,0,0.0,28.3,1
2,NH-13 Trans-Arunachal,Arunachal Pradesh,30.0,76.6,24.5,54.5,87.2,False,2,2,0,0,73.0,1795.5,22.8,4,45.0,46.1,0
11,NH-10 Teesta River Canyon,Sikkim,1.0,4.7,0.3,0.7,1.4,False,9,9,0,3,50.5,1768.3,46.8,0,0.0,35.9,0
9,NH-54 Aizawl Ridge,Mizoram,0.4,3.0,2.5,5.1,10.2,False,3,3,0,0,39.6,1090.2,23.8,0,0.0,17.3,0
9,NH-54 Aizawl Ridge,Mizoram,1.9,12.4,30.3,57.8,135.7,True,1,1,0,0,71.4,816.5,23.5,1,45.0,31.1,1
11,NH-10 Teesta River Canyon,Sikkim,0.2,1.1,1.1,2.2,4.5,False,6,6,0,1,73.2,1815.6,51.6,0,0.0,33.2,1
4,NH-06 Meghalaya Corridor,Meghalaya,31.5,98.5,3.7,7.3,11.3,True,4,3,1,1,41.2,1681.9,10.1,3,75.0,52.7,1
10,NH-08 Tripura Central,Tripura,0.4,3.3,0.6,1.2,2.4,False,1,1,0,0,62.4,50.0,7.8,0,0.0,13.6,0
7,NH-102 Moreh Border,Manipur,35.2,109.2,2.3,4.0,6.3,True,2,1,1,0,69.0,696.8,13.3,0,0.0,36.9,0
6,NH-02 Imphal Lifeline,Manipur,7.7,68.9,1.2,2.1,4.8,False,2,2,0,3,47.8,852.6,32.5,2,45.0,42.7,1
6,NH-02 Imphal Lifeline,Manipur,0.1,0.9,4.7,9.5,18.9,False,7,2,5,0,22.3,818.7,27.3,0,0.0,13.0,0
7,NH-102 Moreh Border,Manipur,1.0,7.6,3.2,6.4,12.8,False,6,1,5,0,34.7,512.5,18.0,0,0.0,12.3,1
1,NH-27 Assam Arterial,Assam,3.6,18.6,38.4,61.0,138.4,True,2,1,1,1,38.8,50.0,11.9,3,45.0,25.2,1
1,NH-27 Assam Arterial,Assam,21.7,68.6,19.0,32.6,65.3,False,0,0,0,1,51.5,253.5,2.2,0,0.0,21.9,0
5,SH-05 Cherrapunjee Highland,Meghalaya,1.0,7.5,3.8,7.7,15.3,False,7,1,6,2,30.4,1101.9,44.1,0,0.0,16.9,0
6,NH-02 Imphal Lifeline,Manipur,14.1,68.3,0.5,0.9,2.1,False,3,0,3,0,57.4,898.8,25.1,0,0.0,27.3,0
6,NH-02 Imphal Lifeline,Manipur,29.5,113.1,52.7,87.3,196.0,True,2,2,0,1,59.6,1089.1,23.5,0,0.0,40.3,0
5,SH-05 Cherrapunjee Highland,Meghalaya,11.8,37.3,18.3,36.7,64.9,False,7,1,6,2,100.0,1329.8,33.0,1,95.0,54.8,1
4,NH-06 Meghalaya Corridor,Meghalaya,21.9,120.7,20.4,40.1,77.8,True,4,2,2,2,27.3,1500.8,27.3,0,0.0,37.7,0
2,NH-13 Trans-Arunachal,Arunachal Pradesh,2.4,8.9,3.3,6.5,13.1,False,3,3,0,1,81.2,1916.5,38.4,2,45.0,38.9,0
8,NH-29 Kohima Mountain,Nagaland,1.0,8.4,15.0,37.0,74.8,False,7,2,5,0,59.8,1563.5,34.9,2,95.0,45.4,0
9,NH-54 Aizawl Ridge,Mizoram,6.0,15.5,29.2,42.0,74.7,False,4,2,2,0,43.1,982.1,33.2,2,95.0,43.9,1
11,NH-10 Teesta River Canyon,Sikkim,11.5,59.7,11.4,17.1,37.3,False,8,2,6,0,65.4,1694.4,33.1,3,45.0,43.6,1
2,NH-13 Trans-Arunachal,Arunachal Pradesh,0.7,2.5,2.2,4.5,9.0,False,3,3,0,0,14.2,1849.3,36.3,0,0.0,15.9,1
2,NH-13 Trans-Arunachal,Arunachal Pradesh,2.5,17.7,16.0,38.0,67.5,False,6,6,0,3,60.0,1935.7,38.2,1,95.0,55.9,1
10,NH-08 Tripura Central,Tripura,3.3,9.7,74.9,128.1,198.7,True,1,0,1,1,29.9,172.6,7.1,3,75.0,26.6,1
4,NH-06 Meghalaya Corridor,Meghalaya,1.5,11.1,1.6,3.2,6.4,False,6,2,4,0,67.0,1558.0,13.8,0,0.0,19.0,1
8,NH-29 Kohima Mountain,Nagaland,0.6,2.8,4.7,9.5,19.0,False,4,4,0,1,72.3,1343.0,29.6,0,0.0,25.3,0
8,NH-29 Kohima Mountain,Nagaland,15.0,74.9,29.1,51.3,80.2,False,9,0,9,3,51.6,1522.7,29.1,0,0.0,28.5,0
8,NH-29 Kohima Mountain,Nagaland,4.3,12.0,14.3,26.8,40.8,False,5,2,3,1,38.2,1512.1,38.4,0,0.0,19.8,1
6,NH-02 Imphal Lifeline,Manipur,1.5,11.2,9.6,15.2,23.1,False,3,3,0,0,58.0,1119.5,27.9,2,75.0,41.3,1
4,NH-06 Meghalaya Corridor,Meghalaya,8.9,38.0,44.8,76.8,166.2,True,4,2,2,0,50.5,1412.3,24.0,0,0.0,24.0,1
4,NH-06 Meghalaya Corridor,Meghalaya,0.4,4.1,19.3,34.7,59.4,False,1,1,0,0,61.6,1519.1,19.5,0,0.0,16.0,0
7,NH-102 Moreh Border,Manipur,0.7,2.5,0.0,0.1,0.2,False,1,1,0,1,56.6,746.1,7.9,0,0.0,12.6,0
9,NH-54 Aizawl Ridge,Mizoram,2.2,10.9,23.1,38.2,66.6,False,5,5,0,2,39.3,1202.7,33.4,4,95.0,48.5,1
5,SH-05 Cherrapunjee Highland,Meghalaya,2.5,15.7,2.0,3.9,7.8,False,4,4,0,3,28.4,1064.0,40.5,0,0.0,23.5,1
3,NH-229 Sela Pass,Arunachal Pradesh,3.2,21.8,17.1,28.0,50.2,False,11,3,8,0,76.1,3816.5,42.9,2,75.0,49.1,0
12,NH-27S Haflong Hill,Assam,21.0,93.4,26.2,61.6,109.6,True,7,4,3,0,71.6,737.0,27.7,0,0.0,43.0,0
1,NH-27 Assam Arterial,Assam,3.0,10.2,12.8,27.5,39.8,False,1,0,1,0,48.6,50.0,12.7,4,75.0,30.6,0
4,NH-06 Meghalaya Corridor,Meghalaya,23.9,83.7,3.0,5.3,11.3,True,2,2,0,1,76.3,1736.2,30.3,0,0.0,38.2,1
12,NH-27S Haflong Hill,Assam,24.3,90.5,3.5,5.7,13.6,True,3,3,0,0,32.3,1115.6,36.5,0,0.0,36.2,0
10,NH-08 Tripura Central,Tripura,1.1,5.6,2.3,4.7,9.4,False,2,2,0,0,47.0,50.0,29.6,3,45.0,29.4,1
7,NH-102 Moreh Border,Manipur,20.2,89.1,13.9,24.5,47.4,True,0,0,0,2,30.8,499.4,14.8,0,0.0,25.4,1
7,NH-102 Moreh Border,Manipur,1.0,4.5,2.4,4.8,9.6,False,2,2,0,1,28.1,511.9,19.6,0,0.0,13.0,0
10,NH-08 Tripura Central,Tripura,18.8,84.8,1.2,2.1,4.0,True,3,1,2,1,58.7,50.0,9.5,0,0.0,29.7,1
1,NH-27 Assam Arterial,Assam,20.4,64.0,1.6,2.9,4.6,False,1,1,0,2,57.5,50.0,2.0,0,0.0,23.8,0
10,NH-08 Tripura Central,Tripura,4.7,30.9,2.9,5.1,8.3,False,1,0,1,1,52.7,50.0,15.9,0,0.0,17.3,0
6,NH-02 Imphal Lifeline,Manipur,7.5,23.7,44.2,78.4,168.9,True,4,4,0,1,88.7,1092.6,14.6,0,0.0,29.0,1
7,NH-102 Moreh Border,Manipur,0.5,2.2,0.3,0.6,1.1,False,3,2,1,0,24.4,698.1,9.5,0,0.0,10.0,0
7,NH-102 Moreh Border,Manipur,0.5,4.5,1.1,2.5,5.8,False,0,0,0,0,66.7,627.3,16.3,0,0.0,14.2,0
11,NH-10 Teesta River Canyon,Sikkim,0.6,4.4,1.4,2.7,5.4,False,8,8,0,3,78.3,1712.8,47.7,0,0.0,38.2,1
6,NH-02 Imphal Lifeline,Manipur,0.1,1.3,0.3,0.7,1.4,False,2,2,0,0,78.4,1074.2,27.4,0,0.0,21.5,0
6,NH-02 Imphal Lifeline,Manipur,0.4,1.5,0.4,0.7,1.4,False,3,1,2,0,75.4,787.6,25.7,0,0.0,18.8,1
10,NH-08 Tripura Central,Tripura,9.6,28.9,19.0,46.8,97.8,True,0,0,0,1,27.8,137.5,12.8,4,75.0,31.3,1
8,NH-29 Kohima Mountain,Nagaland,0.4,3.5,0.3,0.5,1.1,False,7,2,5,1,47.9,1583.3,38.7,0,0.0,19.6,0
2,NH-13 Trans-Arunachal,Arunachal Pradesh,1.0,5.7,0.6,1.3,2.6,False,8,7,1,1,63.9,1675.3,38.3,0,0.0,32.4,0
8,NH-29 Kohima Mountain,Nagaland,1.1,4.5,2.2,4.4,8.7,False,7,1,6,0,22.3,1501.0,41.6,0,0.0,14.6,0
9,NH-54 Aizawl Ridge,Mizoram,4.7,16.7,1.3,2.4,4.0,False,7,0,7,1,67.6,985.2,32.0,0,0.0,19.9,0
5,SH-05 Cherrapunjee Highland,Meghalaya,2.1,8.3,1.0,2.0,4.1,False,8,6,2,1,23.2,1358.9,37.9,0,0.0,24.7,0
9,NH-54 Aizawl Ridge,Mizoram,2.3,13.1,1.6,3.3,6.6,False,8,3,5,0,69.1,879.5,24.4,2,45.0,35.1,0
11,NH-10 Teesta River Canyon,Sikkim,0.6,1.8,18.5,30.7,56.2,False,7,6,1,1,48.4,1583.3,51.1,4,45.0,40.9,0
2,NH-13 Trans-Arunachal,Arunachal Pradesh,0.1,0.9,2.7,5.5,11.0,False,5,5,0,1,68.1,1752.4,27.9,0,0.0,26.0,0
9,NH-54 Aizawl Ridge,Mizoram,20.4,127.2,2.9,5.2,9.8,True,7,3,4,3,58.3,1370.7,32.8,0,0.0,46.7,1
1,NH-27 Assam Arterial,Assam,1.3,9.0,0.6,1.2,2.4,True,1,0,1,0,47.9,339.2,8.8,0,0.0,10.8,0
12,NH-27S Haflong Hill,Assam,17.2,72.7,18.9,44.9,78.8,False,3,3,0,0,69.1,729.0,21.4,0,0.0,35.2,1
10,NH-08 Tripura Central,Tripura,37.1,121.8,17.9,26.2,55.5,True,2,1,1,1,33.2,120.3,8.5,4,45.0,44.3,0
10,NH-08 Tripura Central,Tripura,1.1,3.5,6.5,11.4,19.3,False,0,0,0,0,63.7,50.0,11.8,3,95.0,36.4,0
9,NH-54 Aizawl Ridge,Mizoram,1.7,6.5,1.5,3.0,6.1,False,12,1,11,1,67.3,1312.0,26.4,0,0.0,18.7,0
11,NH-10 Teesta River Canyon,Sikkim,10.2,71.8,6.0,14.9,34.2,True,7,6,1,4,80.8,1651.1,42.4,1,75.0,65.7,1
4,NH-06 Meghalaya Corridor,Meghalaya,1.1,3.9,1.2,2.4,4.9,False,2,1,1,0,80.2,1528.6,24.6,0,0.0,19.7,0
3,NH-229 Sela Pass,Arunachal Pradesh,1.2,8.1,0.5,0.9,1.8,False,8,4,4,4,75.4,4058.3,51.4,0,0.0,30.9,0
6,NH-02 Imphal Lifeline,Manipur,23.2,69.3,5.4,11.8,24.4,False,4,1,3,0,24.4,1018.7,30.0,1,75.0,44.3,0
6,NH-02 Imphal Lifeline,Manipur,1.4,5.2,17.9,35.9,71.7,False,4,3,1,1,55.3,949.1,32.4,0,0.0,21.8,0
1,NH-27 Assam Arterial,Assam,38.4,97.8,10.8,17.3,34.2,True,1,0,1,1,31.6,421.9,3.4,2,95.0,48.7,1
12,NH-27S Haflong Hill,Assam,2.8,10.2,23.2,38.2,65.1,False,3,1,2,0,18.1,1013.6,26.8,0,0.0,12.1,0
9,NH-54 Aizawl Ridge,Mizoram,4.5,11.7,49.8,100.2,155.5,True,3,3,0,1,78.6,1617.5,35.2,4,45.0,38.4,1
8,NH-29 Kohima Mountain,Nagaland,4.8,41.6,0.9,1.8,4.3,False,6,2,4,1,46.7,1551.5,23.2,4,75.0,42.7,1
4,NH-06 Meghalaya Corridor,Meghalaya,1.1,2.9,7.4,15.8,39.0,False,4,2,2,1,50.4,1408.7,19.0,1,45.0,27.2,0
9,NH-54 Aizawl Ridge,Mizoram,9.7,31.4,10.6,21.2,32.8,False,1,1,0,1,51.9,1351.8,26.3,0,0.0,21.3,0
2,NH-13 Trans-Arunachal,Arunachal Pradesh,4.6,13.0,8.6,15.7,32.6,False,9,6,3,1,68.2,1868.1,38.3,2,95.0,56.3,1
6,NH-02 Imphal Lifeline,Manipur,1.5,9.5,1.0,2.0,4.0,False,5,4,1,2,48.5,1021.9,28.6,0,0.0,22.9,0
3,NH-229 Sela Pass,Arunachal Pradesh,43.7,204.3,10.3,14.9,31.5,True,6,6,0,3,76.7,3872.4,36.6,0,0.0,60.8,1
7,NH-102 Moreh Border,Manipur,14.4,80.8,16.3,35.3,53.0,True,3,0,3,1,24.7,581.8,15.4,1,45.0,34.2,0
9,NH-54 Aizawl Ridge,Mizoram,2.0,7.1,1.8,3.6,7.2,False,2,2,0,2,35.9,1237.5,26.6,1,45.0,27.4,0
9,NH-54 Aizawl Ridge,Mizoram,41.0,106.8,5.8,11.0,21.3,True,4,4,0,1,59.1,1419.4,26.6,0,0.0,43.5,0
7,NH-102 Moreh Border,Manipur,18.5,52.3,19.5,32.0,62.2,False,2,0,2,0,40.6,327.0,12.4,1,45.0,30.3,1
5,SH-05 Cherrapunjee Highland,Meghalaya,40.0,217.7,15.2,26.8,47.5,True,7,5,2,1,37.0,1187.6,27.5,0,0.0,51.0,1
2,NH-13 Trans-Arunachal,Arunachal Pradesh,13.9,54.7,7.9,14.3,23.5,True,6,3,3,3,81.0,1849.3,35.6,0,0.0,36.2,1
6,NH-02 Imphal Lifeline,Manipur,1.6,13.4,1.6,3.1,6.2,False,2,0,2,3,37.8,1207.0,25.4,0,0.0,13.4,0
5,SH-05 Cherrapunjee Highland,Meghalaya,15.1,59.5,26.6,47.1,114.0,True,8,4,4,1,59.8,1239.2,33.6,3,45.0,46.8,0
1,NH-27 Assam Arterial,Assam,1.2,4.6,18.1,33.4,73.4,False,0,0,0,0,36.6,50.0,4.5,4,75.0,26.1,0
1,NH-27 Assam Arterial,Assam,9.7,72.9,5.9,12.0,22.7,False,1,1,0,0,33.5,149.6,11.7,2,45.0,35.2,0
9,NH-54 Aizawl Ridge,Mizoram,0.8,4.4,0.9,1.7,3.4,False,7,3,4,1,66.9,1142.5,26.8,0,0.0,22.3,0
2,NH-13 Trans-Arunachal,Arunachal Pradesh,27.9,71.2,1.9,2.8,5.2,False,6,4,2,5,64.7,1928.6,34.8,0,0.0,38.9,0
1,NH-27 Assam Arterial,Assam,20.0,144.5,0.5,1.2,2.1,True,3,1,2,0,72.4,101.2,11.4,0,0.0,44.0,1
8,NH-29 Kohima Mountain,Nagaland,22.2,55.6,25.8,59.9,123.4,True,6,3,3,0,67.1,1403.7,34.0,0,0.0,34.0,0
11,NH-10 Teesta River Canyon,Sikkim,2.4,9.1,0.2,0.4,0.9,False,9,6,3,3,81.7,1606.2,44.5,0,0.0,35.0,1
3,NH-229 Sela Pass,Arunachal Pradesh,81.0,245.0,54.8,96.6,237.5,True,5,2,3,2,53.2,3937.8,38.2,3,45.0,60.9,1
9,NH-54 Aizawl Ridge,Mizoram,3.0,9.6,93.0,141.8,227.6,True,8,2,6,1,32.1,1454.5,39.8,3,95.0,42.4,1
6,NH-02 Imphal Lifeline,Manipur,11.2,42.0,19.4,28.5,51.1,False,4,1,3,0,18.6,1023.3,32.3,0,0.0,19.7,0
9,NH-54 Aizawl Ridge,Mizoram,1.1,6.3,1.1,2.1,4.2,False,0,0,0,2,78.8,1328.3,27.9,0,0.0,18.7,1
5,SH-05 Cherrapunjee Highland,Meghalaya,1.5,7.6,4.5,9.0,17.9,True,4,2,2,0,60.0,1153.5,36.4,0,0.0,21.8,0
9,NH-54 Aizawl Ridge,Mizoram,2.9,13.2,2.5,5.0,10.0,False,6,3,3,4,46.2,1091.3,32.2,0,0.0,22.0,0
5,SH-05 Cherrapunjee Highland,Meghalaya,1.9,7.9,1.8,3.6,7.2,False,7,7,0,2,50.9,1230.6,41.2,3,95.0,55.2,0
10,NH-08 Tripura Central,Tripura,4.2,11.2,16.2,35.3,64.3,False,2,2,0,1,26.4,301.3,10.3,4,75.0,31.0,1
8,NH-29 Kohima Mountain,Nagaland,1.4,6.9,22.9,37.0,53.1,False,6,3,3,1,47.9,1537.0,20.7,0,0.0,18.7,1
4,NH-06 Meghalaya Corridor,Meghalaya,3.2,19.3,9.8,14.1,20.6,False,2,2,0,1,84.8,1206.9,28.9,1,75.0,45.1,0
2,NH-13 Trans-Arunachal,Arunachal Pradesh,22.0,161.0,5.4,7.9,13.8,True,8,3,5,0,15.7,1687.8,37.4,1,45.0,57.1,1
2,NH-13 Trans-Arunachal,Arunachal Pradesh,2.1,15.6,1.1,2.3,4.5,False,6,5,1,2,76.3,1552.6,44.8,0,0.0,33.5,0
7,NH-102 Moreh Border,Manipur,2.0,6.9,0.5,1.0,1.9,False,3,0,3,1,43.7,832.4,12.9,2,75.0,29.3,1
3,NH-229 Sela Pass,Arunachal Pradesh,2.6,9.3,5.5,11.1,22.2,False,7,7,0,0,69.6,3967.6,42.0,2,75.0,53.4,0
4,NH-06 Meghalaya Corridor,Meghalaya,0.9,4.6,0.2,0.5,0.9,False,2,0,2,2,16.4,1542.7,33.2,0,0.0,10.0,0
8,NH-29 Kohima Mountain,Nagaland,12.6,49.9,5.0,12.4,29.4,False,6,1,5,7,52.3,1471.2,30.6,1,75.0,44.7,1
12,NH-27S Haflong Hill,Assam,29.6,121.8,7.9,14.3,22.6,True,3,0,3,0,75.8,788.9,27.5,0,0.0,41.2,0
2,NH-13 Trans-Arunachal,Arunachal Pradesh,3.9,22.5,11.4,19.5,46.0,True,3,3,0,0,44.8,2080.9,38.1,2,95.0,48.6,0
11,NH-10 Teesta River Canyon,Sikkim,2.5,14.3,2.9,4.5,10.9,False,2,2,0,3,64.2,1783.6,50.6,0,0.0,26.5,1
11,NH-10 Teesta River Canyon,Sikkim,0.3,2.0,0.6,1.2,2.4,False,11,4,7,1,51.5,1739.9,46.8,4,45.0,36.7,1
12,NH-27S Haflong Hill,Assam,2.8,13.3,0.1,0.2,0.5,False,4,4,0,2,77.2,898.4,27.6,0,0.0,27.8,0
10,NH-08 Tripura Central,Tripura,43.5,127.1,28.8,51.3,76.6,True,1,0,1,1,44.4,50.0,10.3,3,45.0,45.4,1
8,NH-29 Kohima Mountain,Nagaland,1.3,5.2,5.0,10.0,20.0,False,4,2,2,1,43.3,1611.1,32.6,1,45.0,29.3,1
12,NH-27S Haflong Hill,Assam,0.7,3.3,0.6,1.2,2.3,False,4,2,2,0,30.3,906.1,17.4,0,0.0,12.7,1
10,NH-08 Tripura Central,Tripura,30.1,151.7,4.0,9.3,20.3,True,3,2,1,0,28.2,123.9,5.3,4,75.0,58.0,1
2,NH-13 Trans-Arunachal,Arunachal Pradesh,0.8,3.0,0.1,0.2,0.5,False,8,1,7,5,36.4,1664.3,32.2,0,0.0,14.5,1
7,NH-102 Moreh Border,Manipur,16.9,83.9,2.5,5.3,11.1,True,1,1,0,1,14.2,774.1,19.2,0,0.0,24.8,1
3,NH-229 Sela Pass,Arunachal Pradesh,2.6,16.6,1.1,2.1,4.3,False,8,4,4,1,64.3,3780.6,46.4,0,0.0,30.3,0
7,NH-102 Moreh Border,Manipur,0.4,2.6,2.6,5.1,10.3,False,3,1,2,0,50.8,503.8,10.0,3,75.0,30.9,1
9,NH-54 Aizawl Ridge,Mizoram,8.4,23.4,10.9,23.1,43.7,True,7,1,6,3,55.2,1128.7,29.5,3,45.0,32.1,1
2,NH-13 Trans-Arunachal,Arunachal Pradesh,6.1,45.2,2.9,4.3,10.2,True,2,2,0,1,65.9,1950.8,33.9,0,0.0,29.7,0
1,NH-27 Assam Arterial,Assam,29.2,106.9,22.2,48.7,120.9,True,1,1,0,0,46.6,66.4,14.8,4,45.0,44.6,1
1,NH-27 Assam Arterial,Assam,2.0,11.8,12.6,25.2,50.3,False,1,1,0,1,48.0,127.3,2.3,2,75.0,30.8,0
7,NH-102 Moreh Border,Manipur,20.0,130.3,33.1,66.6,125.5,True,0,0,0,1,62.4,859.8,28.4,0,0.0,41.1,1
2,NH-13 Trans-Arunachal,Arunachal Pradesh,0.4,1.6,0.6,1.2,2.3,False,4,3,1,3,66.4,1786.5,30.2,1,95.0,46.1,0
5,SH-05 Cherrapunjee Highland,Meghalaya,2.4,7.4,13.4,23.0,52.7,False,10,5,5,1,33.6,1319.3,28.6,0,0.0,22.2,0
2,NH-13 Trans-Arunachal,Arunachal Pradesh,0.0,0.1,0.8,1.6,3.2,False,6,1,5,1,65.1,2164.9,37.3,1,75.0,38.0,0
1,NH-27 Assam Arterial,Assam,9.0,32.9,2.9,5.8,13.4,False,4,0,4,1,8.0,258.0,9.2,2,75.0,28.3,0
5,SH-05 Cherrapunjee Highland,Meghalaya,20.0,61.2,5.8,14.3,27.7,False,10,7,3,3,65.2,1512.5,32.5,0,0.0,42.5,1
3,NH-229 Sela Pass,Arunachal Pradesh,8.3,70.7,21.9,40.2,61.7,False,11,5,6,2,52.1,3789.3,38.3,2,75.0,58.4,1
10,NH-08 Tripura Central,Tripura,19.9,68.9,29.1,65.0,158.1,True,0,0,0,0,17.5,50.0,8.5,1,75.0,36.8,1
5,SH-05 Cherrapunjee Highland,Meghalaya,1.1,7.2,1.3,2.7,5.3,False,5,2,3,2,51.2,1027.9,48.5,0,0.0,22.8,0
7,NH-102 Moreh Border,Manipur,1.2,8.9,1.9,3.9,7.7,False,2,2,0,1,34.5,332.6,18.3,3,75.0,33.3,1
4,NH-06 Meghalaya Corridor,Meghalaya,0.1,0.3,0.3,0.6,1.3,False,8,3,5,1,59.7,1195.4,20.3,4,75.0,37.8,1
5,SH-05 Cherrapunjee Highland,Meghalaya,0.9,7.4,1.6,3.1,6.2,True,4,4,0,1,86.3,1309.4,48.0,0,0.0,32.0,1
6,NH-02 Imphal Lifeline,Manipur,0.0,0.1,3.9,7.7,15.4,False,7,1,6,1,37.6,859.2,27.5,0,0.0,13.2,1
1,NH-27 Assam Arterial,Assam,1.9,7.4,0.4,0.7,1.0,True,2,2,0,0,23.2,119.4,11.3,0,0.0,11.2,0
9,NH-54 Aizawl Ridge,Mizoram,9.3,62.4,30.7,72.4,106.7,True,3,3,0,0,35.8,1397.8,35.4,0,0.0,30.9,1
7,NH-102 Moreh Border,Manipur,2.7,12.7,112.4,211.1,350.8,True,2,1,1,2,34.7,711.6,9.9,3,45.0,23.0,1
9,NH-54 Aizawl Ridge,Mizoram,6.0,21.2,1.4,2.7,5.5,False,3,3,0,1,78.4,1178.7,25.2,0,0.0,27.0,0
9,NH-54 Aizawl Ridge,Mizoram,1.1,3.9,1.5,3.0,6.0,False,7,4,3,1,83.5,1243.2,24.8,0,0.0,26.3,0
1,NH-27 Assam Arterial,Assam,6.1,16.7,29.5,61.2,113.3,True,2,2,0,0,41.8,50.0,4.2,4,95.0,38.2,1
9,NH-54 Aizawl Ridge,Mizoram,2.4,8.9,0.4,0.9,1.8,False,5,2,3,1,31.1,1340.0,25.6,0,0.0,15.6,0
10,NH-08 Tripura Central,Tripura,13.6,37.8,3.8,7.4,12.6,True,6,1,5,0,29.7,371.2,8.3,2,75.0,34.4,1
5,SH-05 Cherrapunjee Highland,Meghalaya,3.4,13.1,17.7,33.9,50.3,False,6,6,0,2,48.3,1126.3,30.9,0,0.0,28.0,0
4,NH-06 Meghalaya Corridor,Meghalaya,0.2,0.5,6.8,10.5,16.1,False,4,2,2,0,71.4,1379.2,29.0,0,0.0,20.6,0
6,NH-02 Imphal Lifeline,Manipur,2.4,13.5,2.0,4.0,8.1,False,7,2,5,0,43.6,903.0,26.3,0,0.0,18.5,0
8,NH-29 Kohima Mountain,Nagaland,0.7,3.8,0.4,0.7,1.5,False,6,6,0,2,44.1,1431.0,35.5,2,45.0,37.7,0
9,NH-54 Aizawl Ridge,Mizoram,1.1,3.0,8.9,13.5,23.4,False,6,3,3,1,47.2,1122.7,33.6,1,45.0,31.7,1
3,NH-229 Sela Pass,Arunachal Pradesh,28.1,123.8,56.6,107.9,162.7,True,8,6,2,1,65.5,3542.6,55.7,0,0.0,56.6,1
12,NH-27S Haflong Hill,Assam,12.9,35.6,34.0,79.0,128.7,True,4,3,1,1,26.5,915.8,29.5,3,75.0,41.7,1
4,NH-06 Meghalaya Corridor,Meghalaya,0.3,1.1,1.4,2.7,5.5,True,6,2,4,1,57.6,1570.2,19.8,4,45.0,28.1,1
5,SH-05 Cherrapunjee Highland,Meghalaya,1.6,7.7,5.6,11.3,22.5,False,8,3,5,1,62.9,1319.6,27.7,0,0.0,22.5,0
10,NH-08 Tripura Central,Tripura,2.1,10.6,32.3,78.0,165.4,True,3,2,1,1,32.7,118.0,14.3,1,45.0,25.1,1
2,NH-13 Trans-Arunachal,Arunachal Pradesh,3.4,10.0,1.8,4.1,8.9,True,5,2,3,1,29.1,1663.6,33.7,1,45.0,28.4,0
12,NH-27S Haflong Hill,Assam,0.1,0.8,0.3,0.7,1.3,False,2,2,0,2,82.6,752.8,35.1,4,45.0,34.8,1
8,NH-29 Kohima Mountain,Nagaland,0.4,1.5,3.1,6.3,12.5,False,8,3,5,4,33.1,1526.4,42.5,0,0.0,19.8,0
12,NH-27S Haflong Hill,Assam,14.1,60.5,42.6,68.0,163.6,True,6,3,3,2,41.3,606.0,29.2,0,0.0,30.1,1
1,NH-27 Assam Arterial,Assam,29.2,128.1,5.9,11.9,17.5,True,3,2,1,0,11.8,50.0,7.8,0,0.0,33.0,0
2,NH-13 Trans-Arunachal,Arunachal Pradesh,0.4,2.5,4.5,8.9,17.8,False,13,3,10,2,18.0,1797.7,38.4,0,0.0,16.9,0
5,SH-05 Cherrapunjee Highland,Meghalaya,2.4,19.2,26.3,38.5,74.3,True,6,6,0,1,78.9,1342.6,37.7,3,75.0,53.9,1
4,NH-06 Meghalaya Corridor,Meghalaya,3.9,23.2,20.6,45.7,106.1,True,2,1,1,1,56.3,1515.8,27.0,0,0.0,20.5,0
4,NH-06 Meghalaya Corridor,Meghalaya,1.0,3.8,4.8,9.5,19.0,False,4,2,2,0,27.1,1330.6,20.4,1,75.0,31.7,0
11,NH-10 Teesta River Canyon,Sikkim,1.3,6.1,3.3,6.6,13.1,False,7,7,0,5,35.2,1625.4,43.7,0,0.0,29.2,0
3,NH-229 Sela Pass,Arunachal Pradesh,1.0,8.3,0.1,0.2,0.4,False,9,6,3,3,85.1,3809.5,44.5,0,0.0,35.3,0
4,NH-06 Meghalaya Corridor,Meghalaya,4.5,15.6,4.9,9.9,19.8,False,7,3,4,3,87.9,1485.2,20.1,0,0.0,26.3,1
4,NH-06 Meghalaya Corridor,Meghalaya,0.5,1.3,1.4,2.9,5.8,False,3,3,0,1,70.5,1610.8,35.3,1,75.0,42.6,0
7,NH-102 Moreh Border,Manipur,1.1,3.9,4.0,8.1,16.2,False,2,2,0,1,37.2,457.6,12.5,0,0.0,12.9,0
12,NH-27S Haflong Hill,Assam,12.9,51.0,6.2,12.6,19.8,False,2,2,0,0,51.0,1019.3,16.1,1,95.0,48.8,1
9,NH-54 Aizawl Ridge,Mizoram,9.5,40.5,5.7,9.8,16.8,False,3,1,2,0,62.4,1261.6,36.3,0,0.0,26.7,0
12,NH-27S Haflong Hill,Assam,0.9,3.6,2.8,5.6,11.1,False,4,3,1,0,33.7,883.8,26.8,0,0.0,17.2,1
3,NH-229 Sela Pass,Arunachal Pradesh,4.5,22.4,1.5,3.0,5.9,False,8,2,6,1,69.1,3664.9,42.0,0,0.0,27.2,0
1,NH-27 Assam Arterial,Assam,15.0,55.8,19.6,40.5,100.8,True,2,0,2,0,56.3,128.0,8.8,0,0.0,21.4,1
9,NH-54 Aizawl Ridge,Mizoram,1.1,4.4,4.8,11.1,22.2,False,7,1,6,0,49.5,1219.7,25.1,3,45.0,26.6,0
8,NH-29 Kohima Mountain,Nagaland,15.1,138.5,4.6,9.8,15.1,True,4,4,0,1,37.4,1501.2,29.6,0,0.0,47.2,0
4,NH-06 Meghalaya Corridor,Meghalaya,8.6,39.2,24.6,43.1,78.3,True,1,0,1,0,43.0,1307.0,28.8,0,0.0,20.0,1
8,NH-29 Kohima Mountain,Nagaland,32.3,196.8,16.2,39.5,57.6,True,7,7,0,0,57.8,1529.8,34.8,2,45.0,70.9,1
9,NH-54 Aizawl Ridge,Mizoram,1.2,11.5,1.5,3.1,6.1,False,5,1,4,0,80.5,1493.4,31.5,0,0.0,22.7,0
11,NH-10 Teesta River Canyon,Sikkim,9.4,40.6,22.6,45.2,99.8,True,11,7,4,0,78.2,1880.0,30.5,2,45.0,51.2,0
6,NH-02 Imphal Lifeline,Manipur,22.1,69.7,7.6,12.0,17.4,True,1,1,0,2,63.1,997.1,12.4,0,0.0,27.9,0
2,NH-13 Trans-Arunachal,Arunachal Pradesh,1.3,7.3,2.5,5.0,10.0,False,9,4,5,3,66.6,1905.6,36.4,0,0.0,26.7,1
5,SH-05 Cherrapunjee Highland,Meghalaya,2.9,9.4,3.4,6.7,11.3,True,6,6,0,3,19.0,1449.8,45.0,2,45.0,37.0,0
8,NH-29 Kohima Mountain,Nagaland,36.1,92.5,4.8,7.6,14.1,True,4,4,0,4,49.4,1366.7,24.4,2,45.0,50.0,1
3,NH-229 Sela Pass,Arunachal Pradesh,9.6,25.7,2.2,3.3,8.1,False,11,7,4,2,78.3,3784.0,45.5,0,0.0,40.0,1
2,NH-13 Trans-Arunachal,Arunachal Pradesh,23.8,91.2,48.0,69.8,102.5,True,5,5,0,2,34.6,1988.0,31.6,0,0.0,39.8,1
9,NH-54 Aizawl Ridge,Mizoram,4.9,23.4,1.7,3.4,6.8,True,6,4,2,1,48.7,1244.7,22.9,0,0.0,24.6,0
6,NH-02 Imphal Lifeline,Manipur,50.7,144.1,81.3,133.3,281.9,True,3,3,0,0,74.7,970.4,29.7,0,0.0,52.0,1
5,SH-05 Cherrapunjee Highland,Meghalaya,13.3,76.6,0.3,0.7,1.1,False,7,3,4,2,82.7,1431.8,36.8,0,0.0,41.1,1
3,NH-229 Sela Pass,Arunachal Pradesh,0.6,2.5,6.5,13.0,26.0,False,9,2,7,1,87.7,3714.4,46.0,0,0.0,26.8,1
11,NH-10 Teesta River Canyon,Sikkim,0.7,3.7,20.9,42.0,80.6,False,6,5,1,5,32.5,2022.1,53.7,1,95.0,49.4,1
1,NH-27 Assam Arterial,Assam,20.3,109.1,8.1,17.2,37.9,True,2,2,0,0,25.0,203.0,3.1,0,0.0,30.2,0
4,NH-06 Meghalaya Corridor,Meghalaya,3.6,14.4,0.4,0.8,1.6,False,2,2,0,4,59.5,1362.5,28.4,0,0.0,21.5,1
6,NH-02 Imphal Lifeline,Manipur,6.6,22.0,26.3,57.1,111.0,True,3,3,0,1,60.8,955.0,22.5,4,75.0,42.8,0
9,NH-54 Aizawl Ridge,Mizoram,4.7,15.7,11.3,17.4,40.1,False,3,3,0,0,61.3,1081.9,36.2,0,0.0,25.6,0
3,NH-229 Sela Pass,Arunachal Pradesh,0.2,0.7,0.1,0.3,0.5,False,13,5,8,2,35.8,3831.8,32.9,4,75.0,40.8,0
9,NH-54 Aizawl Ridge,Mizoram,8.0,76.1,2.9,4.5,9.2,False,7,4,3,0,32.5,1326.5,26.0,0,0.0,33.3,0
12,NH-27S Haflong Hill,Assam,2.7,14.0,1.2,2.5,4.9,False,5,4,1,4,62.6,785.5,20.8,0,0.0,24.3,0
2,NH-13 Trans-Arunachal,Arunachal Pradesh,0.8,2.8,0.5,1.0,2.0,False,4,2,2,1,53.1,1900.1,39.3,0,0.0,20.4,0
9,NH-54 Aizawl Ridge,Mizoram,25.6,107.6,20.5,30.0,49.3,True,2,2,0,2,53.9,1249.8,31.4,0,0.0,39.9,1
10,NH-08 Tripura Central,Tripura,0.5,1.6,11.0,22.3,48.1,False,2,2,0,1,58.8,50.0,6.2,2,45.0,25.6,0
11,NH-10 Teesta River Canyon,Sikkim,5.8,18.7,40.3,62.7,132.4,True,8,3,5,1,53.2,1688.6,43.7,4,75.0,45.2,0
2,NH-13 Trans-Arunachal,Arunachal Pradesh,0.6,4.6,0.2,0.4,0.8,False,2,2,0,3,66.1,2100.4,30.7,0,0.0,21.0,0
3,NH-229 Sela Pass,Arunachal Pradesh,3.4,19.0,32.1,48.7,107.7,True,11,5,6,3,43.0,3745.1,44.4,3,95.0,52.9,0
5,SH-05 Cherrapunjee Highland,Meghalaya,37.4,122.0,62.3,130.8,225.7,True,8,2,6,1,40.8,1337.4,38.1,0,0.0,42.1,1
7,NH-102 Moreh Border,Manipur,75.6,281.1,7.6,16.4,35.7,True,4,4,0,0,72.6,603.9,13.1,0,0.0,51.5,1
6,NH-02 Imphal Lifeline,Manipur,1.9,8.2,0.7,1.5,3.0,False,3,3,0,4,51.9,1116.9,28.3,0,0.0,21.1,0
6,NH-02 Imphal Lifeline,Manipur,0.5,2.3,8.4,15.9,27.8,False,4,4,0,2,32.1,1009.7,23.3,0,0.0,17.9,1
7,NH-102 Moreh Border,Manipur,1.1,6.8,1.4,2.8,5.7,False,0,0,0,1,80.1,551.7,9.8,0,0.0,15.3,0
2,NH-13 Trans-Arunachal,Arunachal Pradesh,13.3,39.0,1.9,2.7,4.2,False,3,1,2,2,51.7,1631.3,26.8,2,45.0,34.2,0
2,NH-13 Trans-Arunachal,Arunachal Pradesh,18.9,65.0,27.1,40.1,80.0,False,1,1,0,0,76.6,1928.7,27.1,4,95.0,55.7,1
4,NH-06 Meghalaya Corridor,Meghalaya,0.4,1.4,6.7,10.8,18.8,False,5,1,4,2,43.0,1623.9,32.5,2,45.0,26.5,0
9,NH-54 Aizawl Ridge,Mizoram,15.7,80.4,23.2,48.7,118.9,True,4,2,2,2,67.8,1093.7,26.2,0,0.0,35.5,1
1,NH-27 Assam Arterial,Assam,0.1,0.4,1.4,2.8,5.5,False,2,1,1,0,44.9,73.2,9.1,0,0.0,10.6,1
2,NH-13 Trans-Arunachal,Arunachal Pradesh,2.2,9.3,2.4,4.9,9.7,False,7,2,5,2,70.3,2034.1,27.0,2,45.0,33.1,0
6,NH-02 Imphal Lifeline,Manipur,22.5,93.8,12.3,17.7,39.3,True,2,1,1,2,59.7,919.3,21.9,0,0.0,34.1,1
12,NH-27S Haflong Hill,Assam,10.8,28.6,15.2,23.8,49.2,False,6,4,2,0,44.5,658.8,25.4,4,95.0,49.2,1
10,NH-08 Tripura Central,Tripura,2.8,10.0,1.8,3.5,7.1,False,0,0,0,0,55.0,50.0,5.1,2,45.0,22.5,0
2,NH-13 Trans-Arunachal,Arunachal Pradesh,2.3,15.8,1.7,3.5,7.0,False,9,4,5,1,31.3,1896.0,27.4,0,0.0,21.3,1
1,NH-27 Assam Arterial,Assam,25.0,73.4,4.0,9.5,15.3,True,2,1,1,1,47.8,78.2,17.4,0,0.0,27.3,1
8,NH-29 Kohima Mountain,Nagaland,3.5,15.7,1.8,2.8,4.7,False,5,3,2,2,73.2,1698.2,31.3,0,0.0,26.4,0
2,NH-13 Trans-Arunachal,Arunachal Pradesh,4.1,15.6,9.9,17.3,29.9,False,6,4,2,2,24.3,1843.8,29.9,0,0.0,20.7,1
8,NH-29 Kohima Mountain,Nagaland,1.8,8.7,1.8,3.5,7.1,False,4,2,2,1,49.8,1318.8,34.4,0,0.0,20.1,0
2,NH-13 Trans-Arunachal,Arunachal Pradesh,0.1,0.7,12.6,31.0,62.4,False,5,5,0,4,5.0,1651.8,35.5,0,0.0,18.0,0
12,NH-27S Haflong Hill,Assam,2.5,21.3,14.0,33.4,82.2,False,6,4,2,1,56.1,1046.7,30.9,2,45.0,38.1,0
6,NH-02 Imphal Lifeline,Manipur,2.1,10.4,5.9,11.8,23.7,False,2,2,0,1,43.3,1032.6,20.7,0,0.0,16.7,1
9,NH-54 Aizawl Ridge,Mizoram,18.3,62.1,4.1,9.9,19.8,False,9,2,7,1,52.1,1386.7,21.0,4,95.0,52.2,1
6,NH-02 Imphal Lifeline,Manipur,1.3,6.5,0.6,1.3,2.5,False,4,4,0,0,33.4,1171.8,13.1,0,0.0,16.9,1
8,NH-29 Kohima Mountain,Nagaland,6.5,41.1,58.0,121.3,180.4,True,6,4,2,0,44.4,1434.9,37.8,2,45.0,41.7,1
1,NH-27 Assam Arterial,Assam,17.8,90.5,15.7,32.2,60.2,True,1,0,1,0,84.1,50.0,8.6,4,45.0,43.7,1
1,NH-27 Assam Arterial,Assam,5.0,16.3,11.4,25.9,46.7,False,2,2,0,0,18.7,50.0,8.9,0,0.0,11.8,1
4,NH-06 Meghalaya Corridor,Meghalaya,8.5,22.3,13.2,21.9,52.1,False,7,0,7,0,47.9,1405.4,25.9,1,75.0,35.6,0
9,NH-54 Aizawl Ridge,Mizoram,3.2,10.4,9.9,14.4,35.4,False,5,4,1,1,52.5,1191.6,31.7,0,0.0,24.3,1
4,NH-06 Meghalaya Corridor,Meghalaya,1.6,9.7,5.2,10.3,20.7,False,3,3,0,0,54.4,1221.4,23.8,0,0.0,20.9,0
5,SH-05 Cherrapunjee Highland,Meghalaya,20.8,74.3,3.4,8.1,14.7,False,10,6,4,0,31.1,1217.2,38.4,4,45.0,50.5,1
4,NH-06 Meghalaya Corridor,Meghalaya,14.3,51.0,33.0,60.0,133.5,True,5,4,1,1,53.4,1448.7,23.0,0,0.0,30.8,0
2,NH-13 Trans-Arunachal,Arunachal Pradesh,2.4,14.0,6.9,13.8,27.5,True,3,3,0,2,51.7,1937.0,32.3,0,0.0,23.0,0
11,NH-10 Teesta River Canyon,Sikkim,1.8,13.8,0.0,0.1,0.2,False,8,4,4,2,77.5,1752.6,42.3,0,0.0,30.9,0
9,NH-54 Aizawl Ridge,Mizoram,5.8,23.0,5.4,10.1,14.9,True,5,2,3,2,45.8,1414.7,32.0,3,75.0,40.6,1
3,NH-229 Sela Pass,Arunachal Pradesh,32.4,97.9,33.7,57.6,95.3,True,9,6,3,1,55.2,3641.8,36.2,2,95.0,70.8,1
2,NH-13 Trans-Arunachal,Arunachal Pradesh,6.7,47.9,39.5,58.2,137.3,True,6,6,0,2,84.3,1753.8,26.4,4,75.0,58.3,1
7,NH-102 Moreh Border,Manipur,30.5,85.3,1.5,2.9,6.1,True,0,0,0,0,30.2,398.6,14.9,0,0.0,24.6,1
11,NH-10 Teesta River Canyon,Sikkim,17.1,50.0,25.5,49.3,94.5,True,4,4,0,4,79.3,1608.7,46.9,4,75.0,58.0,1
6,NH-02 Imphal Lifeline,Manipur,2.2,7.3,6.0,10.3,14.8,False,0,0,0,0,54.9,852.9,13.6,3,75.0,31.2,0
3,NH-229 Sela Pass,Arunachal Pradesh,3.1,10.5,22.2,32.2,54.7,True,6,6,0,0,77.2,3901.5,38.1,4,95.0,57.0,0
3,NH-229 Sela Pass,Arunachal Pradesh,4.8,17.1,4.1,8.9,15.9,True,3,3,0,1,59.6,3955.8,51.4,0,0.0,28.4,1
6,NH-02 Imphal Lifeline,Manipur,30.3,206.5,0.9,1.3,2.9,True,3,1,2,1,26.1,1099.5,13.8,0,0.0,38.7,0
9,NH-54 Aizawl Ridge,Mizoram,1.6,5.3,4.6,9.1,18.3,False,8,3,5,0,58.4,1220.9,38.0,2,75.0,42.2,0
12,NH-27S Haflong Hill,Assam,5.4,30.4,36.7,68.8,100.7,True,2,2,0,2,32.6,831.1,20.8,2,75.0,37.9,1
5,SH-05 Cherrapunjee Highland,Meghalaya,22.1,58.6,24.5,40.2,61.8,False,7,7,0,1,47.4,1181.1,29.3,1,75.0,57.4,1
2,NH-13 Trans-Arunachal,Arunachal Pradesh,0.3,1.5,1.6,3.1,6.3,False,5,2,3,0,78.8,1813.5,26.7,0,0.0,21.5,0
6,NH-02 Imphal Lifeline,Manipur,1.5,7.5,0.1,0.2,0.4,False,4,2,2,1,55.1,1026.6,14.9,1,75.0,35.5,0
12,NH-27S Haflong Hill,Assam,4.6,25.4,28.7,58.9,108.4,True,3,1,2,3,45.7,429.5,26.2,0,0.0,19.2,0
7,NH-102 Moreh Border,Manipur,2.8,17.8,0.4,0.9,1.7,False,3,1,2,1,53.9,776.3,20.0,0,0.0,17.6,1
10,NH-08 Tripura Central,Tripura,0.9,3.3,1.6,3.2,6.3,False,1,1,0,2,71.5,50.0,6.1,0,0.0,14.6,1
6,NH-02 Imphal Lifeline,Manipur,15.2,42.7,1.3,2.3,3.9,True,1,1,0,2,73.6,1105.3,24.4,0,0.0,26.5,0
7,NH-102 Moreh Border,Manipur,9.6,32.7,43.6,72.8,105.4,True,3,0,3,0,40.6,557.9,17.3,0,0.0,16.1,0
10,NH-08 Tripura Central,Tripura,2.7,11.6,1.8,3.7,7.4,False,4,0,4,0,69.4,84.1,12.7,4,75.0,34.0,1
6,NH-02 Imphal Lifeline,Manipur,0.9,6.1,18.5,36.3,71.0,False,3,3,0,0,59.2,696.8,30.9,0,0.0,22.3,1
2,NH-13 Trans-Arunachal,Arunachal Pradesh,0.2,1.4,4.0,7.9,15.8,False,5,2,3,1,69.9,1689.1,24.3,0,0.0,19.6,1
4,NH-06 Meghalaya Corridor,Meghalaya,1.6,4.8,8.8,17.1,32.1,False,3,1,2,0,45.2,1222.8,23.4,1,95.0,38.2,1
5,SH-05 Cherrapunjee Highland,Meghalaya,24.3,62.3,54.0,120.7,198.5,True,5,3,2,1,60.7,1312.5,30.8,0,0.0,33.7,1
11,NH-10 Teesta River Canyon,Sikkim,3.8,21.6,1.3,2.5,5.0,False,3,3,0,4,60.7,1394.2,34.7,4,45.0,37.6,1
5,SH-05 Cherrapunjee Highland,Meghalaya,0.8,2.7,1.4,2.8,5.6,False,2,2,0,0,18.5,1344.4,42.9,0,0.0,15.9,0
5,SH-05 Cherrapunjee Highland,Meghalaya,23.8,162.5,29.8,43.4,91.9,True,8,8,0,1,66.9,1219.0,39.0,2,75.0,82.6,1
2,NH-13 Trans-Arunachal,Arunachal Pradesh,4.2,36.5,10.9,27.1,41.6,True,6,2,4,1,34.1,1754.0,29.3,4,45.0,33.5,1
7,NH-102 Moreh Border,Manipur,0.1,0.6,1.9,3.8,7.5,False,2,0,2,1,46.3,611.1,29.3,0,0.0,12.9,0
4,NH-06 Meghalaya Corridor,Meghalaya,32.3,90.4,24.0,36.5,54.7,True,5,3,2,0,43.1,1422.6,13.0,0,0.0,33.1,1
8,NH-29 Kohima Mountain,Nagaland,18.0,68.4,9.2,15.7,33.9,False,4,4,0,2,40.4,1577.0,42.3,2,95.0,60.0,0
5,SH-05 Cherrapunjee Highland,Meghalaya,1.0,6.4,0.1,0.2,0.4,False,2,2,0,1,49.3,1464.3,41.7,0,0.0,21.0,0
8,NH-29 Kohima Mountain,Nagaland,6.4,25.9,0.1,0.1,0.2,False,10,7,3,1,67.8,1736.0,25.8,2,45.0,45.7,1
7,NH-102 Moreh Border,Manipur,2.8,10.9,1.4,2.8,5.6,False,4,4,0,0,63.5,324.0,16.1,4,75.0,41.7,1
9,NH-54 Aizawl Ridge,Mizoram,0.6,3.3,0.5,1.1,2.1,False,3,3,0,0,29.0,1254.8,27.9,0,0.0,16.6,0
3,NH-229 Sela Pass,Arunachal Pradesh,2.5,10.4,33.4,83.1,132.4,True,7,5,2,3,76.2,3747.6,51.2,0,0.0,33.5,1
4,NH-06 Meghalaya Corridor,Meghalaya,7.1,19.2,6.1,9.9,14.8,False,5,0,5,0,33.4,1563.5,28.0,0,0.0,14.4,0
6,NH-02 Imphal Lifeline,Manipur,7.8,43.8,12.8,29.4,60.6,False,2,2,0,0,57.2,800.1,26.7,0,0.0,26.7,0
12,NH-27S Haflong Hill,Assam,6.4,28.2,7.3,17.7,33.0,False,7,3,4,1,47.5,876.4,26.2,4,75.0,42.7,0
8,NH-29 Kohima Mountain,Nagaland,0.7,5.5,1.8,3.7,7.4,False,5,5,0,0,61.0,1444.7,35.6,0,0.0,27.4,1
5,SH-05 Cherrapunjee Highland,Meghalaya,3.6,17.0,25.8,38.3,58.0,False,9,3,6,1,58.9,1492.2,46.2,0,0.0,27.5,0
4,NH-06 Meghalaya Corridor,Meghalaya,1.8,16.1,0.2,0.5,0.7,False,4,1,3,1,71.7,1635.4,17.9,0,0.0,19.6,0
5,SH-05 Cherrapunjee Highland,Meghalaya,5.4,53.8,53.0,94.2,142.5,True,5,1,4,2,46.3,1391.9,42.7,0,0.0,28.2,0
10,NH-08 Tripura Central,Tripura,3.4,12.0,1.9,3.7,7.5,False,0,0,0,0,40.6,53.2,2.0,0,0.0,8.9,0
6,NH-02 Imphal Lifeline,Manipur,50.2,146.4,7.5,14.5,21.1,True,5,5,0,2,54.4,833.8,12.9,3,95.0,73.8,1
6,NH-02 Imphal Lifeline,Manipur,16.5,60.3,86.2,171.1,304.1,True,5,2,3,2,42.9,871.3,33.2,0,0.0,29.1,1
8,NH-29 Kohima Mountain,Nagaland,25.7,83.4,32.0,74.3,108.6,True,6,6,0,1,54.6,1531.1,34.0,4,75.0,62.4,1
6,NH-02 Imphal Lifeline,Manipur,12.8,50.9,17.4,32.8,72.8,True,4,0,4,1,22.7,784.4,25.4,0,0.0,18.7,0
1,NH-27 Assam Arterial,Assam,2.6,15.8,19.9,43.2,63.3,False,0,0,0,0,61.7,192.0,2.0,2,45.0,24.1,0
7,NH-102 Moreh Border,Manipur,0.7,5.0,6.4,12.9,25.7,False,4,1,3,0,49.0,834.2,23.1,0,0.0,15.0,1
12,NH-27S Haflong Hill,Assam,11.9,50.0,29.0,45.6,70.9,False,2,2,0,2,75.8,696.8,18.5,1,45.0,40.3,1
2,NH-13 Trans-Arunachal,Arunachal Pradesh,1.0,5.6,2.6,5.2,10.3,False,8,4,4,3,47.9,1630.9,35.1,0,0.0,23.3,0
10,NH-08 Tripura Central,Tripura,1.2,4.3,53.8,85.3,162.3,True,1,1,0,0,30.8,138.2,13.6,4,45.0,21.5,1
5,SH-05 Cherrapunjee Highland,Meghalaya,24.5,186.5,36.1,60.5,121.7,True,4,4,0,4,61.4,1265.8,31.9,0,0.0,53.6,1
5,SH-05 Cherrapunjee Highland,Meghalaya,5.8,16.5,30.3,58.3,84.7,False,8,4,4,1,64.1,1192.4,36.8,2,75.0,47.0,1
3,NH-229 Sela Pass,Arunachal Pradesh,0.3,2.5,0.1,0.3,0.6,False,3,3,0,3,39.2,3756.4,37.1,0,0.0,19.8,1
10,NH-08 Tripura Central,Tripura,0.3,1.0,1.9,3.9,7.8,False,1,1,0,1,50.5,50.0,6.6,2,75.0,29.8,0
10,NH-08 Tripura Central,Tripura,1.5,5.8,1.0,2.1,4.2,True,1,0,1,0,51.0,76.1,12.5,0,0.0,11.3,0
3,NH-229 Sela Pass,Arunachal Pradesh,0.8,5.1,6.1,12.1,24.3,False,7,7,0,1,55.5,3718.0,35.2,0,0.0,30.4,1
9,NH-54 Aizawl Ridge,Mizoram,12.8,101.8,27.8,52.9,79.8,True,4,2,2,0,46.3,1547.0,29.1,4,45.0,48.4,0
1,NH-27 Assam Arterial,Assam,1.2,5.3,4.6,9.2,18.5,False,1,0,1,2,71.6,241.5,20.2,2,45.0,27.1,0
1,NH-27 Assam Arterial,Assam,0.5,3.9,2.1,4.2,8.4,False,3,0,3,0,38.3,147.9,2.7,0,0.0,7.1,0
4,NH-06 Meghalaya Corridor,Meghalaya,0.6,5.4,37.7,69.1,103.9,True,4,3,1,1,68.7,1526.9,30.0,4,75.0,42.1,1
5,SH-05 Cherrapunjee Highland,Meghalaya,6.6,19.5,28.9,43.0,97.6,True,7,4,3,1,35.2,1417.3,43.1,1,45.0,37.1,0
8,NH-29 Kohima Mountain,Nagaland,6.3,32.3,126.5,194.6,337.9,True,6,0,6,3,97.1,1665.9,37.2,4,75.0,47.2,1
4,NH-06 Meghalaya Corridor,Meghalaya,0.2,0.9,1.8,3.6,7.2,True,3,3,0,0,67.3,1390.0,16.9,0,0.0,19.7,0
12,NH-27S Haflong Hill,Assam,1.9,5.4,3.4,5.4,9.8,False,4,4,0,2,47.7,861.9,27.3,2,45.0,32.9,0
10,NH-08 Tripura Central,Tripura,3.7,12.7,7.0,14.0,28.0,False,0,0,0,2,5.0,160.9,4.4,0,0.0,5.0,1
10,NH-08 Tripura Central,Tripura,6.4,21.1,44.5,68.7,144.7,True,1,0,1,0,48.7,64.7,9.1,0,0.0,13.3,1
12,NH-27S Haflong Hill,Assam,43.0,327.7,17.0,36.9,79.4,True,1,1,0,0,84.9,1173.4,28.2,0,0.0,50.4,1
2,NH-13 Trans-Arunachal,Arunachal Pradesh,3.6,27.7,10.0,14.3,26.4,False,2,2,0,0,78.0,2199.0,24.1,0,0.0,26.1,1
11,NH-10 Teesta River Canyon,Sikkim,4.8,43.3,81.9,130.9,202.8,True,9,9,0,2,55.8,1753.3,39.6,0,0.0,43.0,1
7,NH-102 Moreh Border,Manipur,54.8,140.1,27.3,65.6,130.3,True,2,2,0,1,43.9,714.8,7.8,0,0.0,40.2,0
8,NH-29 Kohima Mountain,Nagaland,10.3,51.0,10.0,15.7,24.8,False,4,4,0,1,66.5,1422.9,20.5,2,45.0,43.5,0
5,SH-05 Cherrapunjee Highland,Meghalaya,0.4,1.5,15.3,34.7,69.4,False,7,3,4,4,28.3,1321.6,36.9,3,75.0,36.7,1
12,NH-27S Haflong Hill,Assam,37.8,130.0,29.2,60.0,119.1,True,4,4,0,1,59.4,1015.2,22.9,0,0.0,47.5,1
1,NH-27 Assam Arterial,Assam,2.7,11.5,116.1,173.1,252.5,True,0,0,0,0,68.0,56.1,9.7,3,75.0,33.2,1
1,NH-27 Assam Arterial,Assam,23.0,115.6,16.3,26.5,42.3,True,1,0,1,1,57.6,294.9,2.0,0,0.0,32.2,0
2,NH-13 Trans-Arunachal,Arunachal Pradesh,9.6,61.5,12.0,19.2,30.7,False,5,1,4,0,55.0,1955.0,33.7,1,45.0,40.5,1
2,NH-13 Trans-Arunachal,Arunachal Pradesh,0.0,0.0,0.3,0.7,1.3,False,9,6,3,0,67.9,1872.6,31.1,0,0.0,28.4,0
4,NH-06 Meghalaya Corridor,Meghalaya,0.9,5.1,2.8,5.7,11.3,False,3,0,3,0,39.6,1109.6,16.0,0,0.0,10.2,0
10,NH-08 Tripura Central,Tripura,10.6,82.2,14.4,27.5,41.7,True,4,0,4,0,66.0,164.1,20.6,0,0.0,30.5,1
4,NH-06 Meghalaya Corridor,Meghalaya,82.2,230.1,30.8,58.8,121.0,True,2,2,0,2,49.1,1454.5,26.1,2,95.0,70.3,1
2,NH-13 Trans-Arunachal,Arunachal Pradesh,18.6,127.9,29.9,73.5,125.5,True,7,4,3,2,43.0,1826.9,25.5,0,0.0,45.1,0
6,NH-02 Imphal Lifeline,Manipur,4.5,43.6,0.2,0.4,0.8,False,3,3,0,1,37.2,1154.4,22.6,2,45.0,36.1,0
5,SH-05 Cherrapunjee Highland,Meghalaya,2.3,12.6,9.4,23.1,57.5,False,9,4,5,1,24.4,1498.9,26.1,0,0.0,19.4,1
7,NH-102 Moreh Border,Manipur,0.9,8.7,25.7,47.0,93.4,True,2,1,1,1,59.0,676.7,14.3,0,0.0,15.4,0
5,SH-05 Cherrapunjee Highland,Meghalaya,7.0,25.6,0.6,1.3,2.6,False,9,5,4,1,60.1,1267.5,38.6,2,95.0,55.6,1
3,NH-229 Sela Pass,Arunachal Pradesh,15.9,57.5,80.3,177.0,319.2,True,7,7,0,2,61.9,3956.5,41.2,2,75.0,61.8,1
3,NH-229 Sela Pass,Arunachal Pradesh,11.4,64.6,10.2,24.4,43.6,False,12,6,6,2,76.2,3876.9,49.0,2,75.0,64.9,1
5,SH-05 Cherrapunjee Highland,Meghalaya,0.3,1.0,2.8,5.5,11.1,False,9,3,6,0,53.6,1362.7,30.5,0,0.0,20.4,1
6,NH-02 Imphal Lifeline,Manipur,0.2,1.4,3.1,6.3,12.5,False,5,0,5,0,46.7,841.9,7.6,0,0.0,8.8,0
10,NH-08 Tripura Central,Tripura,6.4,23.3,2.8,6.1,11.4,True,1,0,1,0,53.0,50.0,16.7,4,45.0,27.2,1
2,NH-13 Trans-Arunachal,Arunachal Pradesh,39.1,108.0,10.7,16.0,25.3,True,4,2,2,1,68.8,1955.5,34.4,3,95.0,66.5,1
2,NH-13 Trans-Arunachal,Arunachal Pradesh,3.1,11.8,1.3,2.5,5.1,False,3,3,0,1,58.4,1655.5,41.6,0,0.0,25.4,0
11,NH-10 Teesta River Canyon,Sikkim,19.3,66.0,47.0,88.6,217.7,True,11,10,1,2,46.5,1663.2,39.0,4,95.0,71.7,1
2,NH-13 Trans-Arunachal,Arunachal Pradesh,5.5,41.8,8.8,16.9,27.6,True,4,4,0,2,51.4,1879.6,39.2,2,45.0,43.2,1
6,NH-02 Imphal Lifeline,Manipur,58.8,184.4,15.2,29.3,47.5,True,4,4,0,2,58.3,1078.2,17.6,4,75.0,69.0,1
5,SH-05 Cherrapunjee Highland,Meghalaya,7.7,21.4,10.7,15.5,29.0,True,4,4,0,4,44.6,1232.4,32.7,0,0.0,25.5,0
7,NH-102 Moreh Border,Manipur,4.7,16.7,22.9,42.9,99.1,True,2,2,0,0,72.3,862.3,12.1,2,45.0,31.9,0
10,NH-08 Tripura Central,Tripura,20.0,104.4,3.2,7.1,14.4,True,1,1,0,0,22.0,141.7,8.1,2,45.0,39.0,1
10,NH-08 Tripura Central,Tripura,10.2,31.5,2.0,4.1,6.8,False,5,1,4,1,47.8,50.0,2.0,0,0.0,15.9,0
6,NH-02 Imphal Lifeline,Manipur,2.8,9.2,1.0,2.0,4.0,False,4,1,3,1,52.5,1036.0,21.8,1,45.0,27.3,1
12,NH-27S Haflong Hill,Assam,1.9,9.2,14.3,26.7,43.7,False,1,0,1,1,48.2,569.5,27.4,1,75.0,33.3,1
12,NH-27S Haflong Hill,Assam,0.4,3.5,4.5,9.0,18.1,False,6,5,1,1,39.7,1046.6,22.8,0,0.0,21.2,0
11,NH-10 Teesta River Canyon,Sikkim,1.1,5.5,3.0,6.0,12.1,False,3,3,0,1,100.0,1737.3,34.9,0,0.0,29.1,0
8,NH-29 Kohima Mountain,Nagaland,0.7,2.5,0.4,0.8,1.7,False,6,5,1,1,55.5,1640.4,38.9,0,0.0,26.6,1
12,NH-27S Haflong Hill,Assam,0.2,1.3,3.8,7.6,15.3,False,1,1,0,2,22.1,693.9,30.6,1,75.0,30.4,0
4,NH-06 Meghalaya Corridor,Meghalaya,4.1,25.6,6.0,12.1,24.2,False,1,1,0,0,32.7,1578.2,31.3,0,0.0,18.3,0
9,NH-54 Aizawl Ridge,Mizoram,0.3,2.3,7.8,15.6,31.3,False,4,4,0,2,70.4,1471.1,30.8,0,0.0,25.2,0
5,SH-05 Cherrapunjee Highland,Meghalaya,1.6,9.5,4.1,8.2,16.5,False,7,6,1,2,62.2,1256.7,37.6,4,45.0,42.0,0
10,NH-08 Tripura Central,Tripura,4.7,12.4,10.3,24.7,46.0,False,0,0,0,0,70.9,156.6,17.5,2,45.0,27.9,0
9,NH-54 Aizawl Ridge,Mizoram,45.0,153.7,0.2,0.3,0.4,True,10,4,6,3,43.0,1309.8,36.8,1,95.0,75.6,1
8,NH-29 Kohima Mountain,Nagaland,4.0,20.6,1.3,2.6,5.1,False,7,5,2,0,77.7,1662.6,30.4,0,0.0,31.9,1
9,NH-54 Aizawl Ridge,Mizoram,2.9,11.3,20.8,41.4,93.7,True,4,2,2,1,60.9,1020.9,29.3,3,75.0,40.0,0
9,NH-54 Aizawl Ridge,Mizoram,15.7,83.6,7.0,16.7,39.3,True,8,3,5,1,56.7,1368.7,31.5,0,0.0,37.5,1
6,NH-02 Imphal Lifeline,Manipur,0.4,2.2,2.6,5.3,10.5,False,2,2,0,0,52.1,932.3,19.8,0,0.0,16.2,0
3,NH-229 Sela Pass,Arunachal Pradesh,7.5,51.1,6.6,14.3,21.2,False,7,6,1,4,74.9,4050.9,36.4,2,95.0,64.5,1
3,NH-229 Sela Pass,Arunachal Pradesh,20.4,86.7,14.9,34.1,55.2,True,7,2,5,3,100.0,4193.3,30.5,0,0.0,42.4,0
11,NH-10 Teesta River Canyon,Sikkim,1.7,6.9,0.6,1.1,2.3,False,4,4,0,2,68.1,1971.7,36.4,4,75.0,45.6,1
3,NH-229 Sela Pass,Arunachal Pradesh,11.9,54.9,1.8,4.2,6.7,False,9,3,6,2,79.6,3788.6,41.7,1,45.0,48.5,1
6,NH-02 Imphal Lifeline,Manipur,1.1,7.2,0.4,0.7,1.4,False,1,1,0,1,65.1,922.9,29.8,0,0.0,19.2,1
5,SH-05 Cherrapunjee Highland,Meghalaya,13.7,45.7,9.7,14.2,22.5,False,5,5,0,1,66.5,1373.1,37.8,3,45.0,47.9,0
11,NH-10 Teesta River Canyon,Sikkim,0.6,5.9,55.0,82.1,186.4,True,13,5,8,2,73.9,1672.7,36.4,0,0.0,29.5,1
3,NH-229 Sela Pass,Arunachal Pradesh,1.1,5.7,7.3,13.3,20.7,False,7,5,2,3,47.6,3834.0,32.2,2,95.0,48.5,0
1,NH-27 Assam Arterial,Assam,2.6,13.8,1.0,2.1,4.1,False,1,0,1,0,32.7,116.8,5.4,0,0.0,8.7,0
8,NH-29 Kohima Mountain,Nagaland,9.6,37.1,2.7,5.7,8.5,False,2,2,0,1,43.1,1713.8,27.8,3,45.0,34.7,0
1,NH-27 Assam Arterial,Assam,0.1,0.3,7.4,14.9,29.7,False,1,0,1,0,72.0,398.3,14.9,0,0.0,13.8,1
5,SH-05 Cherrapunjee Highland,Meghalaya,2.5,17.3,0.5,0.9,1.9,True,11,3,8,0,59.3,1419.2,28.9,1,75.0,42.9,1
2,NH-13 Trans-Arunachal,Arunachal Pradesh,2.5,6.4,20.6,43.1,90.2,True,5,2,3,1,59.4,1854.2,45.4,2,95.0,47.0,1
3,NH-229 Sela Pass,Arunachal Pradesh,4.5,12.1,12.5,18.7,29.1,False,9,5,4,2,87.9,4021.7,46.0,1,75.0,53.5,0
4,NH-06 Meghalaya Corridor,Meghalaya,12.8,35.6,8.1,14.3,27.2,True,2,2,0,1,49.1,1487.4,25.7,1,45.0,34.9,0
3,NH-229 Sela Pass,Arunachal Pradesh,2.8,7.8,50.3,75.7,161.8,True,6,5,1,0,37.6,3971.9,42.5,0,0.0,25.7,1
5,SH-05 Cherrapunjee Highland,Meghalaya,46.7,129.9,14.1,33.7,51.4,True,9,3,6,2,53.3,1369.4,38.5,0,0.0,47.7,1
1,NH-27 Assam Arterial,Assam,0.3,0.7,0.7,1.1,2.6,False,1,1,0,1,48.7,383.1,12.9,3,45.0,23.3,1
9,NH-54 Aizawl Ridge,Mizoram,0.4,3.3,2.1,4.1,8.2,False,4,3,1,2,51.0,1113.0,35.6,3,75.0,40.2,1
3,NH-229 Sela Pass,Arunachal Pradesh,22.6,66.8,39.2,67.9,155.2,True,8,5,3,4,63.3,3643.2,42.3,4,45.0,52.6,1
11,NH-10 Teesta River Canyon,Sikkim,5.9,37.2,4.5,8.0,14.3,False,7,5,2,1,63.3,1624.3,40.3,2,95.0,58.8,0
2,NH-13 Trans-Arunachal,Arunachal Pradesh,15.1,112.2,4.6,7.1,10.3,True,5,3,2,1,48.1,2174.6,31.8,0,0.0,42.0,0
5,SH-05 Cherrapunjee Highland,Meghalaya,2.2,16.7,2.7,5.4,10.7,False,4,2,2,1,70.4,1332.6,35.0,0,0.0,24.9,0
12,NH-27S Haflong Hill,Assam,4.5,18.4,2.7,5.8,11.2,False,6,4,2,0,39.5,816.0,25.1,0,0.0,22.6,0
12,NH-27S Haflong Hill,Assam,1.9,17.7,13.3,24.8,35.8,True,2,2,0,0,37.6,748.8,29.8,4,75.0,37.9,1
8,NH-29 Kohima Mountain,Nagaland,0.5,2.2,0.8,1.6,3.3,False,3,3,0,1,46.8,1331.3,24.1,0,0.0,18.3,0
12,NH-27S Haflong Hill,Assam,13.8,35.0,42.9,75.5,118.3,True,6,4,2,0,45.6,718.0,23.3,3,45.0,37.7,1
1,NH-27 Assam Arterial,Assam,1.4,4.8,0.3,0.7,1.3,False,5,1,4,0,41.5,151.7,16.3,0,0.0,12.4,0
6,NH-02 Imphal Lifeline,Manipur,13.8,44.1,6.3,12.1,18.4,False,3,3,0,0,26.4,1231.9,21.7,1,75.0,41.9,0
8,NH-29 Kohima Mountain,Nagaland,2.0,10.0,0.6,1.1,2.3,False,2,0,2,4,53.9,1522.3,32.4,2,95.0,40.3,1
3,NH-229 Sela Pass,Arunachal Pradesh,19.8,104.2,14.4,21.5,32.8,True,12,9,3,4,61.4,3693.1,34.9,3,45.0,66.3,1
5,SH-05 Cherrapunjee Highland,Meghalaya,1.5,10.0,86.9,152.5,311.5,True,4,2,2,0,38.2,1118.2,34.0,2,95.0,42.3,1
7,NH-102 Moreh Border,Manipur,0.6,4.6,0.2,0.4,0.8,False,3,1,2,0,24.6,717.0,25.7,0,0.0,11.7,0
5,SH-05 Cherrapunjee Highland,Meghalaya,32.8,89.5,23.8,44.5,87.9,True,8,4,4,5,40.2,1233.5,35.1,0,0.0,39.0,1
6,NH-02 Imphal Lifeline,Manipur,0.6,4.8,1.2,2.5,5.0,False,5,4,1,1,52.9,1073.2,23.3,0,0.0,21.6,1
3,NH-229 Sela Pass,Arunachal Pradesh,0.5,5.0,93.0,137.3,202.5,True,13,5,8,2,70.4,4013.0,42.7,3,95.0,53.8,1
3,NH-229 Sela Pass,Arunachal Pradesh,1.2,7.3,2.2,3.9,5.6,False,7,7,0,3,77.3,3652.5,48.8,0,0.0,36.8,1
1,NH-27 Assam Arterial,Assam,0.2,1.2,2.0,4.1,8.2,True,0,0,0,1,24.7,335.5,9.4,0,0.0,5.8,0
6,NH-02 Imphal Lifeline,Manipur,3.1,13.5,0.4,0.9,1.7,False,6,3,3,2,43.7,1189.6,26.8,0,0.0,20.6,0
2,NH-13 Trans-Arunachal,Arunachal Pradesh,10.1,43.8,49.3,115.0,178.6,True,3,3,0,0,41.4,1923.2,47.9,3,75.0,49.3,1
10,NH-08 Tripura Central,Tripura,6.1,25.8,18.0,30.6,58.9,False,2,0,2,0,45.0,271.5,10.5,0,0.0,14.0,1
9,NH-54 Aizawl Ridge,Mizoram,4.9,30.0,0.3,0.5,0.9,False,5,0,5,0,53.3,1249.7,25.8,4,75.0,37.9,0
11,NH-10 Teesta River Canyon,Sikkim,6.3,26.2,83.6,135.1,300.0,True,12,6,6,4,82.2,1678.4,47.0,2,75.0,57.7,1
9,NH-54 Aizawl Ridge,Mizoram,1.2,3.1,5.7,9.1,16.9,False,1,1,0,0,74.9,1324.0,21.7,4,75.0,36.9,1
8,NH-29 Kohima Mountain,Nagaland,2.4,9.3,1.0,2.1,4.2,False,2,2,0,1,49.1,1639.3,32.6,0,0.0,19.7,0
7,NH-102 Moreh Border,Manipur,1.5,12.1,0.0,0.0,0.0,False,6,1,5,0,72.6,643.8,12.3,0,0.0,17.8,0
7,NH-102 Moreh Border,Manipur,4.0,21.9,33.9,73.7,107.7,True,1,1,0,0,56.8,464.8,13.2,0,0.0,17.5,0
2,NH-13 Trans-Arunachal,Arunachal Pradesh,1.0,2.7,26.2,61.4,100.7,True,9,3,6,0,44.3,1704.7,35.8,1,75.0,39.1,0
9,NH-54 Aizawl Ridge,Mizoram,5.3,19.1,0.2,0.4,0.8,False,2,2,0,1,30.2,1249.2,22.3,0,0.0,16.8,1
8,NH-29 Kohima Mountain,Nagaland,2.4,13.9,1.0,2.0,4.0,False,4,3,1,2,67.2,1607.1,46.2,0,0.0,28.1,1
9,NH-54 Aizawl Ridge,Mizoram,9.9,24.8,32.9,67.9,101.2,True,2,1,1,0,48.9,1224.2,33.7,4,75.0,39.8,1
9,NH-54 Aizawl Ridge,Mizoram,9.5,28.0,12.7,28.7,54.6,False,6,1,5,1,74.6,1223.0,36.7,4,45.0,37.4,0
7,NH-102 Moreh Border,Manipur,95.3,241.7,55.0,99.7,166.6,True,3,2,1,0,34.1,379.0,6.2,0,0.0,40.3,1
4,NH-06 Meghalaya Corridor,Meghalaya,8.6,55.1,19.5,30.4,52.9,False,6,1,5,1,73.3,1427.5,28.2,0,0.0,29.7,1
1,NH-27 Assam Arterial,Assam,1.6,7.4,37.8,78.0,124.1,True,1,1,0,0,31.3,50.0,7.0,0,0.0,9.6,0
1,NH-27 Assam Arterial,Assam,0.3,1.7,1.0,2.0,4.0,False,1,1,0,1,64.4,398.7,14.7,0,0.0,14.9,0
9,NH-54 Aizawl Ridge,Mizoram,0.2,1.0,1.8,3.5,7.1,False,4,3,1,0,39.3,1268.1,34.5,4,75.0,37.7,0
8,NH-29 Kohima Mountain,Nagaland,0.8,3.0,0.5,1.1,2.1,False,3,3,0,2,57.7,1559.8,21.4,0,0.0,19.5,0
9,NH-54 Aizawl Ridge,Mizoram,12.7,40.7,9.7,14.3,27.2,False,1,1,0,3,45.2,1181.2,31.5,2,75.0,42.0,1
6,NH-02 Imphal Lifeline,Manipur,0.1,0.4,7.4,14.8,29.6,False,6,5,1,0,53.5,1087.2,25.9,4,45.0,34.5,0
10,NH-08 Tripura Central,Tripura,21.6,59.3,12.6,27.3,52.1,False,0,0,0,0,47.1,68.7,16.3,0,0.0,22.2,0
12,NH-27S Haflong Hill,Assam,0.5,2.0,3.0,5.9,11.8,False,5,2,3,2,11.2,858.6,17.3,0,0.0,9.5,0
1,NH-27 Assam Arterial,Assam,2.3,15.2,2.3,4.6,9.1,False,4,0,4,0,34.8,50.0,9.1,0,0.0,10.1,0
1,NH-27 Assam Arterial,Assam,1.4,12.7,4.7,9.4,18.9,False,0,0,0,1,57.5,50.0,14.1,0,0.0,14.0,1
2,NH-13 Trans-Arunachal,Arunachal Pradesh,0.2,0.9,6.5,12.9,25.8,False,8,0,8,2,45.2,1661.7,33.2,0,0.0,13.6,0
12,NH-27S Haflong Hill,Assam,0.3,1.8,6.3,12.7,25.4,False,8,5,3,4,48.3,717.9,22.7,0,0.0,22.1,0
1,NH-27 Assam Arterial,Assam,5.0,24.8,5.3,11.7,27.9,False,3,2,1,2,33.1,50.0,9.2,0,0.0,15.8,0
7,NH-102 Moreh Border,Manipur,0.9,5.7,6.2,12.4,24.8,False,4,0,4,1,52.4,440.6,15.4,0,0.0,12.1,0
1,NH-27 Assam Arterial,Assam,1.8,12.7,3.2,6.9,12.0,False,2,2,0,0,50.2,50.0,3.2,0,0.0,14.7,1
9,NH-54 Aizawl Ridge,Mizoram,0.7,2.7,2.5,5.0,10.1,False,5,3,2,2,63.8,1314.3,32.7,0,0.0,22.7,0
3,NH-229 Sela Pass,Arunachal Pradesh,11.2,48.0,0.3,0.6,0.9,False,4,3,1,2,74.3,3841.5,44.5,3,45.0,46.9,0
4,NH-06 Meghalaya Corridor,Meghalaya,0.7,2.5,8.0,16.1,32.1,False,8,3,5,3,56.6,1777.8,29.4,1,45.0,32.1,0
5,SH-05 Cherrapunjee Highland,Meghalaya,1.2,7.9,2.4,4.9,9.7,False,10,10,0,1,53.7,1342.9,33.7,0,0.0,36.4,1
4,NH-06 Meghalaya Corridor,Meghalaya,2.2,13.1,3.7,7.5,14.9,False,3,2,1,1,29.4,1445.0,20.6,0,0.0,15.2,0
2,NH-13 Trans-Arunachal,Arunachal Pradesh,1.0,3.7,1.7,3.4,6.9,False,5,4,1,2,64.1,1630.5,40.6,0,0.0,26.5,0
11,NH-10 Teesta River Canyon,Sikkim,1.7,7.7,5.2,10.4,20.8,True,8,6,2,2,83.5,1614.1,45.4,4,75.0,53.9,1
7,NH-102 Moreh Border,Manipur,8.2,59.9,1.2,1.8,2.9,True,0,0,0,2,30.1,787.4,13.3,4,75.0,37.9,1
6,NH-02 Imphal Lifeline,Manipur,5.1,43.1,7.5,15.0,24.0,False,5,1,4,0,21.5,1100.7,14.6,3,45.0,28.0,1
9,NH-54 Aizawl Ridge,Mizoram,1.0,7.8,0.4,0.8,1.6,False,6,3,3,0,38.0,1418.1,30.5,0,0.0,19.4,0
12,NH-27S Haflong Hill,Assam,4.8,46.4,19.0,43.7,69.5,False,7,1,6,1,53.9,935.1,31.8,0,0.0,25.7,0
8,NH-29 Kohima Mountain,Nagaland,1.7,11.3,1.1,2.2,4.5,False,2,2,0,0,58.1,1243.8,29.8,0,0.0,20.9,0
1,NH-27 Assam Arterial,Assam,4.9,28.3,19.9,28.7,51.8,False,5,1,4,1,48.0,151.9,11.5,0,0.0,17.2,0
11,NH-10 Teesta River Canyon,Sikkim,8.8,23.2,12.2,20.6,33.9,False,7,3,4,2,63.6,1544.7,48.5,1,95.0,53.6,1
11,NH-10 Teesta River Canyon,Sikkim,1.5,9.5,6.5,12.9,25.9,False,7,5,2,2,67.7,1641.8,43.2,0,0.0,30.7,0
3,NH-229 Sela Pass,Arunachal Pradesh,4.0,13.4,0.8,1.7,3.3,False,8,2,6,3,46.0,4056.1,43.3,1,45.0,33.5,1
8,NH-29 Kohima Mountain,Nagaland,4.7,17.5,5.1,10.1,20.3,False,3,3,0,1,67.3,1403.9,33.5,2,75.0,45.0,1
5,SH-05 Cherrapunjee Highland,Meghalaya,54.6,185.1,29.4,43.0,101.0,True,4,3,1,0,43.6,1453.4,30.5,0,0.0,48.6,1
9,NH-54 Aizawl Ridge,Mizoram,0.0,0.2,4.2,8.4,16.9,False,1,1,0,0,51.6,1038.1,23.6,0,0.0,14.5,0
2,NH-13 Trans-Arunachal,Arunachal Pradesh,23.8,62.4,29.2,70.1,103.1,True,7,3,4,1,99.3,2216.2,30.6,2,95.0,63.3,1
7,NH-102 Moreh Border,Manipur,10.9,54.5,14.0,32.8,66.2,False,5,1,4,0,60.7,622.8,17.0,0,0.0,25.4,0
9,NH-54 Aizawl Ridge,Mizoram,19.0,70.3,5.6,13.4,24.1,False,3,3,0,2,49.0,1191.0,28.8,0,0.0,33.2,1
3,NH-229 Sela Pass,Arunachal Pradesh,1.8,12.1,41.0,77.1,166.6,True,11,5,6,3,74.0,3663.8,39.2,0,0.0,31.4,0
10,NH-08 Tripura Central,Tripura,90.0,262.0,36.6,72.4,117.2,True,2,0,2,0,73.6,339.4,2.0,0,0.0,41.4,0
2,NH-13 Trans-Arunachal,Arunachal Pradesh,57.8,187.8,5.1,9.3,18.1,True,5,3,2,1,63.2,1827.9,25.8,4,95.0,74.4,1
11,NH-10 Teesta River Canyon,Sikkim,26.5,104.7,26.6,42.8,63.3,True,9,9,0,1,80.2,1831.2,42.4,4,95.0,83.2,1
3,NH-229 Sela Pass,Arunachal Pradesh,1.1,5.8,1.1,2.3,4.5,False,2,2,0,1,69.1,3724.9,49.9,1,45.0,36.8,0
1,NH-27 Assam Arterial,Assam,28.4,73.2,15.1,36.0,63.9,True,1,1,0,0,61.7,71.8,10.0,2,75.0,46.7,0
7,NH-102 Moreh Border,Manipur,49.0,125.6,5.2,7.9,17.4,True,2,0,2,0,54.0,565.7,15.8,0,0.0,36.4,1
5,SH-05 Cherrapunjee Highland,Meghalaya,1.5,5.4,7.7,18.7,44.7,False,5,2,3,1,67.3,1294.7,32.1,2,45.0,32.8,0
6,NH-02 Imphal Lifeline,Manipur,0.6,5.4,1.3,2.6,5.2,False,6,2,4,0,42.5,1125.0,20.1,0,0.0,15.5,0
2,NH-13 Trans-Arunachal,Arunachal Pradesh,7.8,53.8,7.7,15.3,24.4,False,5,5,0,1,63.6,1654.9,28.0,2,95.0,59.6,1
11,NH-10 Teesta River Canyon,Sikkim,0.9,6.9,0.1,0.3,0.5,False,12,4,8,1,45.4,1703.0,37.9,0,0.0,23.8,0
3,NH-229 Sela Pass,Arunachal Pradesh,1.3,4.7,3.6,7.2,14.3,False,6,4,2,1,64.6,3709.3,52.4,2,75.0,47.4,0
5,SH-05 Cherrapunjee Highland,Meghalaya,4.3,26.8,6.6,10.1,17.5,False,8,5,3,0,45.0,1513.2,29.3,0,0.0,28.0,0
4,NH-06 Meghalaya Corridor,Meghalaya,1.1,5.0,5.8,11.6,23.2,False,8,1,7,0,12.0,1284.3,20.8,0,0.0,9.0,1
5,SH-05 Cherrapunjee Highland,Meghalaya,9.3,43.5,2.9,4.5,9.0,False,8,6,2,0,80.4,1094.3,37.2,0,0.0,40.2,0
5,SH-05 Cherrapunjee Highland,Meghalaya,4.9,41.8,8.9,13.5,19.5,False,4,4,0,3,35.9,1357.2,31.7,0,0.0,28.1,0
9,NH-54 Aizawl Ridge,Mizoram,0.7,2.8,1.4,2.7,5.5,False,5,1,4,1,49.3,1520.0,25.1,0,0.0,15.0,0
5,SH-05 Cherrapunjee Highland,Meghalaya,0.0,0.4,0.3,0.7,1.4,False,8,4,4,2,11.5,1248.9,33.6,0,0.0,16.5,0
5,SH-05 Cherrapunjee Highland,Meghalaya,2.9,18.8,0.5,0.9,1.8,False,8,1,7,5,41.5,1343.4,31.2,0,0.0,18.2,1
12,NH-27S Haflong Hill,Assam,38.3,105.8,11.3,20.4,35.0,True,1,1,0,2,37.5,913.0,23.5,0,0.0,33.5,1
6,NH-02 Imphal Lifeline,Manipur,9.5,55.0,24.3,47.1,72.8,False,3,3,0,1,35.9,927.6,9.9,2,75.0,43.1,0
4,NH-06 Meghalaya Corridor,Meghalaya,28.3,78.8,0.5,0.7,1.6,False,2,1,1,0,50.5,1566.4,14.4,0,0.0,28.2,0
10,NH-08 Tripura Central,Tripura,2.1,8.7,2.2,4.4,8.8,False,2,0,2,1,51.2,50.0,11.7,0,0.0,11.7,1
10,NH-08 Tripura Central,Tripura,1.8,9.3,22.0,54.4,108.8,True,1,0,1,0,79.8,50.0,18.5,0,0.0,17.5,0
11,NH-10 Teesta River Canyon,Sikkim,0.1,0.8,1.7,3.4,6.7,False,5,5,0,1,39.8,2011.6,44.1,3,45.0,36.2,1
9,NH-54 Aizawl Ridge,Mizoram,0.3,0.8,10.1,20.4,30.9,True,4,1,3,1,60.9,1366.7,35.8,2,75.0,37.2,1
7,NH-102 Moreh Border,Manipur,9.2,25.8,17.1,34.4,57.7,False,3,1,2,0,47.9,434.7,16.9,0,0.0,17.7,0
7,NH-102 Moreh Border,Manipur,16.2,86.5,5.4,10.0,17.9,True,3,2,1,1,10.4,529.6,18.9,0,0.0,26.6,0
10,NH-08 Tripura Central,Tripura,0.4,2.5,0.2,0.4,0.8,False,4,1,3,0,51.8,50.0,7.8,0,0.0,11.8,1
12,NH-27S Haflong Hill,Assam,0.5,2.9,2.1,4.2,8.4,False,5,2,3,1,50.8,958.6,33.6,0,0.0,18.9,1
9,NH-54 Aizawl Ridge,Mizoram,0.5,2.2,1.3,2.6,5.3,False,2,2,0,0,41.2,1147.5,30.2,0,0.0,16.7,0
12,NH-27S Haflong Hill,Assam,25.5,88.4,3.2,4.7,8.3,True,2,2,0,0,73.5,969.7,40.5,0,0.0,40.8,1
7,NH-102 Moreh Border,Manipur,8.8,30.5,4.7,7.7,13.8,True,2,1,1,0,41.3,559.8,12.6,2,95.0,40.6,1
5,SH-05 Cherrapunjee Highland,Meghalaya,1.9,7.4,0.3,0.6,1.2,False,9,6,3,1,76.6,1188.9,32.5,2,75.0,50.2,0
12,NH-27S Haflong Hill,Assam,0.1,0.2,68.5,125.7,232.3,True,5,5,0,1,71.3,985.6,37.4,0,0.0,28.2,1
3,NH-229 Sela Pass,Arunachal Pradesh,2.2,5.7,1.6,2.2,4.5,True,4,4,0,0,87.1,3638.4,45.2,0,0.0,31.2,1
1,NH-27 Assam Arterial,Assam,0.8,4.6,5.7,11.5,23.0,False,0,0,0,0,55.1,94.1,8.8,0,0.0,10.9,0
10,NH-08 Tripura Central,Tripura,0.5,3.9,2.3,4.6,9.2,False,2,1,1,0,67.4,263.1,15.2,0,0.0,15.9,0
11,NH-10 Teesta River Canyon,Sikkim,3.2,19.5,0.6,1.1,2.3,False,13,4,9,3,60.8,1865.8,37.4,0,0.0,28.5,0
10,NH-08 Tripura Central,Tripura,14.2,75.0,0.7,1.1,2.1,False,2,1,1,0,30.0,66.2,2.0,4,75.0,40.7,1
11,NH-10 Teesta River Canyon,Sikkim,1.7,8.4,3.7,7.4,14.9,False,7,7,0,1,63.7,1651.0,43.8,4,45.0,45.3,0
11,NH-10 Teesta River Canyon,Sikkim,6.3,29.6,27.1,51.1,117.3,True,7,5,2,2,85.1,1822.9,44.7,2,95.0,61.4,1
1,NH-27 Assam Arterial,Assam,12.8,54.3,21.1,52.6,90.8,True,3,0,3,1,55.0,110.5,15.8,0,0.0,22.3,0
1,NH-27 Assam Arterial,Assam,2.3,22.5,38.4,58.2,127.7,True,2,1,1,0,48.9,209.6,5.1,2,75.0,33.6,1
8,NH-29 Kohima Mountain,Nagaland,1.8,6.1,5.1,10.2,20.4,False,6,2,4,0,30.8,1585.0,39.9,0,0.0,17.8,1
5,SH-05 Cherrapunjee Highland,Meghalaya,21.0,88.5,13.1,24.8,61.5,True,3,2,1,2,49.0,1196.4,32.2,0,0.0,35.5,1
10,NH-08 Tripura Central,Tripura,3.2,11.3,6.1,12.1,24.3,False,4,0,4,0,62.4,50.0,19.7,0,0.0,15.6,0
1,NH-27 Assam Arterial,Assam,0.5,4.0,8.7,17.4,34.9,False,1,1,0,0,66.2,50.0,10.8,0,0.0,14.9,1
1,NH-27 Assam Arterial,Assam,4.3,15.0,7.6,12.1,20.9,False,1,1,0,0,17.5,103.1,20.7,1,95.0,35.5,0
7,NH-102 Moreh Border,Manipur,2.8,15.1,28.1,40.3,96.6,True,4,3,1,0,69.5,853.2,9.6,0,0.0,21.4,0
6,NH-02 Imphal Lifeline,Manipur,1.3,9.1,2.5,4.9,9.9,False,6,3,3,3,73.4,1188.1,27.3,0,0.0,24.3,0
11,NH-10 Teesta River Canyon,Sikkim,0.5,2.6,2.0,4.0,8.0,False,3,3,0,2,52.8,1825.0,41.2,0,0.0,22.7,0
5,SH-05 Cherrapunjee Highland,Meghalaya,4.2,34.6,5.0,10.7,17.4,True,3,3,0,1,59.8,1358.9,40.3,2,45.0,41.2,0
11,NH-10 Teesta River Canyon,Sikkim,5.7,38.2,17.2,28.3,40.4,False,5,4,1,2,84.9,1817.0,48.2,4,45.0,49.3,1
1,NH-27 Assam Arterial,Assam,59.7,162.2,6.2,11.2,23.0,True,1,1,0,0,37.5,327.5,9.5,2,45.0,50.8,1
6,NH-02 Imphal Lifeline,Manipur,5.8,25.3,29.9,49.3,122.6,True,4,3,1,0,81.9,1059.2,28.8,2,75.0,47.8,0
3,NH-229 Sela Pass,Arunachal Pradesh,2.1,17.6,3.1,6.3,12.5,False,7,5,2,1,26.6,3943.8,38.7,0,0.0,25.2,0
12,NH-27S Haflong Hill,Assam,9.0,23.3,5.5,8.8,13.2,True,9,2,7,2,49.5,895.6,27.5,2,95.0,45.3,1
4,NH-06 Meghalaya Corridor,Meghalaya,0.9,3.6,3.9,6.1,12.8,True,7,4,3,1,24.4,1478.8,22.6,3,45.0,28.2,1
8,NH-29 Kohima Mountain,Nagaland,3.2,16.8,72.9,172.2,264.7,True,4,4,0,0,83.5,1468.5,35.6,0,0.0,31.0,0
8,NH-29 Kohima Mountain,Nagaland,4.3,11.1,24.5,37.3,68.2,False,5,5,0,1,38.0,1440.8,31.9,0,0.0,24.3,0
3,NH-229 Sela Pass,Arunachal Pradesh,2.0,8.4,2.1,4.2,8.4,False,7,5,2,2,69.0,3831.7,33.5,1,45.0,40.0,0
8,NH-29 Kohima Mountain,Nagaland,2.2,5.7,0.9,1.8,4.1,True,7,2,5,2,40.9,1336.6,34.8,0,0.0,18.2,1
8,NH-29 Kohima Mountain,Nagaland,5.4,27.8,0.1,0.2,0.3,False,7,5,2,1,54.5,1515.4,29.7,0,0.0,29.7,0
6,NH-02 Imphal Lifeline,Manipur,4.1,32.9,14.4,26.5,53.7,False,6,2,4,1,54.2,1223.1,23.1,0,0.0,23.3,1
9,NH-54 Aizawl Ridge,Mizoram,13.6,44.3,10.2,20.9,33.5,True,7,4,3,2,59.8,1223.2,25.3,2,45.0,42.1,0
1,NH-27 Assam Arterial,Assam,0.1,1.2,1.4,2.9,5.7,False,1,0,1,0,58.6,471.0,5.7,0,0.0,10.2,0
6,NH-02 Imphal Lifeline,Manipur,5.4,35.8,23.7,54.5,98.4,True,6,3,3,1,51.3,981.7,15.9,0,0.0,24.0,0
2,NH-13 Trans-Arunachal,Arunachal Pradesh,9.8,37.0,54.4,91.9,170.7,True,7,2,5,1,54.2,1813.9,40.2,0,0.0,27.6,1
12,NH-27S Haflong Hill,Assam,1.8,7.4,1.0,2.1,4.1,False,4,4,0,0,84.6,579.2,28.3,0,0.0,27.8,0
2,NH-13 Trans-Arunachal,Arunachal Pradesh,1.1,4.4,2.1,4.1,8.3,False,6,5,1,4,55.7,1909.9,49.0,0,0.0,29.0,0
1,NH-27 Assam Arterial,Assam,0.5,1.6,1.3,2.3,3.4,False,1,1,0,0,42.6,230.5,25.1,0,0.0,13.7,0
12,NH-27S Haflong Hill,Assam,2.8,24.5,2.9,4.8,7.3,False,2,0,2,1,88.0,803.6,23.3,3,95.0,46.5,0
4,NH-06 Meghalaya Corridor,Meghalaya,0.9,8.2,2.2,4.4,8.8,False,2,2,0,1,47.5,1501.6,24.8,0,0.0,17.7,1
9,NH-54 Aizawl Ridge,Mizoram,1.7,15.3,10.9,20.5,31.8,False,3,3,0,0,52.5,1434.1,32.0,2,45.0,34.6,0
12,NH-27S Haflong Hill,Assam,4.6,25.0,0.3,0.5,1.1,False,7,5,2,2,55.6,934.1,21.9,0,0.0,27.7,0
9,NH-54 Aizawl Ridge,Mizoram,0.2,0.7,46.9,80.1,119.2,True,6,2,4,0,38.2,1313.5,25.4,0,0.0,15.0,0
12,NH-27S Haflong Hill,Assam,2.5,9.1,9.2,18.4,36.8,False,3,3,0,2,83.0,809.3,19.5,0,0.0,24.2,1
7,NH-102 Moreh Border,Manipur,0.6,2.0,7.1,11.7,16.9,False,2,0,2,2,64.7,639.8,20.0,4,45.0,25.3,1
7,NH-102 Moreh Border,Manipur,1.2,7.0,0.3,0.6,1.2,False,1,1,0,0,34.5,634.6,14.0,0,0.0,11.4,0
12,NH-27S Haflong Hill,Assam,0.0,0.1,9.0,18.8,41.3,False,2,2,0,0,26.5,853.0,34.5,0,0.0,14.9,0
8,NH-29 Kohima Mountain,Nagaland,34.8,125.9,18.2,41.5,73.2,True,4,4,0,3,60.7,1610.9,26.6,0,0.0,47.6,1
9,NH-54 Aizawl Ridge,Mizoram,0.3,1.6,1.8,3.5,7.0,False,3,1,2,1,49.5,1205.8,28.4,0,0.0,15.4,0
9,NH-54 Aizawl Ridge,Mizoram,0.5,3.7,5.7,11.4,22.7,False,5,5,0,1,55.9,1227.6,30.9,0,0.0,25.3,0
10,NH-08 Tripura Central,Tripura,28.3,134.8,59.1,118.6,183.7,True,1,1,0,0,60.8,51.3,5.5,0,0.0,39.2,0
10,NH-08 Tripura Central,Tripura,0.5,3.0,1.0,2.0,4.0,False,0,0,0,1,29.2,340.6,4.3,0,0.0,5.8,0
11,NH-10 Teesta River Canyon,Sikkim,1.0,5.0,0.5,1.0,2.1,False,17,9,8,3,59.2,1794.8,46.1,1,95.0,60.8,1
3,NH-229 Sela Pass,Arunachal Pradesh,2.3,9.2,2.0,3.9,7.8,False,8,4,4,1,74.4,3787.6,41.4,3,75.0,48.0,1
9,NH-54 Aizawl Ridge,Mizoram,6.4,25.0,1.8,3.0,5.6,True,6,1,5,1,42.5,1155.8,37.9,2,75.0,39.7,0
2,NH-13 Trans-Arunachal,Arunachal Pradesh,45.0,164.2,40.3,87.2,153.2,True,3,0,3,0,50.3,1696.7,30.4,3,45.0,54.9,0
11,NH-10 Teesta River Canyon,Sikkim,0.3,1.0,1.9,3.7,7.5,False,10,5,5,1,45.8,1717.2,44.8,2,75.0,44.8,0
8,NH-29 Kohima Mountain,Nagaland,0.3,1.4,0.3,0.6,1.3,False,9,2,7,1,52.7,1511.3,24.0,0,0.0,17.0,0
5,SH-05 Cherrapunjee Highland,Meghalaya,0.7,1.8,4.8,10.7,24.5,False,6,4,2,1,37.1,1353.9,44.5,0,0.0,22.8,1
9,NH-54 Aizawl Ridge,Mizoram,0.5,2.1,0.4,0.8,1.6,False,4,1,3,1,60.5,1234.7,21.7,2,45.0,27.1,1
2,NH-13 Trans-Arunachal,Arunachal Pradesh,10.4,33.9,44.4,88.5,134.2,True,2,1,1,1,32.6,1851.0,31.8,0,0.0,20.0,0
10,NH-08 Tripura Central,Tripura,18.1,51.2,30.7,68.6,103.2,True,1,1,0,0,35.9,282.4,2.0,3,75.0,36.8,1
8,NH-29 Kohima Mountain,Nagaland,2.4,15.9,2.2,4.5,8.9,False,7,4,3,1,34.9,1416.5,19.1,4,75.0,39.0,1
6,NH-02 Imphal Lifeline,Manipur,1.6,7.8,4.6,9.2,18.4,False,3,1,2,1,45.4,984.0,19.3,0,0.0,14.2,0
1,NH-27 Assam Arterial,Assam,11.0,29.0,10.5,20.4,34.6,False,2,1,1,1,29.4,124.2,13.7,0,0.0,15.0,0
3,NH-229 Sela Pass,Arunachal Pradesh,0.1,0.3,7.3,11.1,16.6,False,13,6,7,3,49.4,3669.6,40.5,0,0.0,27.6,1
7,NH-102 Moreh Border,Manipur,1.9,4.8,6.6,12.5,20.0,True,2,2,0,1,47.2,708.9,13.6,0,0.0,14.8,1
4,NH-06 Meghalaya Corridor,Meghalaya,2.8,10.8,2.5,5.3,11.5,False,3,0,3,3,49.8,1737.8,20.8,1,75.0,32.5,0
3,NH-229 Sela Pass,Arunachal Pradesh,0.3,1.3,10.8,21.6,43.1,False,7,6,1,2,63.5,3611.2,33.8,4,75.0,47.3,1
1,NH-27 Assam Arterial,Assam,2.7,14.5,10.6,21.2,42.4,False,2,2,0,0,66.4,50.0,11.3,2,95.0,42.9,0
10,NH-08 Tripura Central,Tripura,25.9,113.4,5.2,9.9,22.6,True,1,0,1,0,6.7,50.0,13.2,2,45.0,37.6,0
3,NH-229 Sela Pass,Arunachal Pradesh,17.8,70.5,11.3,23.3,34.1,True,10,8,2,2,59.8,3692.3,36.6,2,45.0,57.6,0
8,NH-29 Kohima Mountain,Nagaland,0.6,4.4,1.6,3.2,6.3,False,9,5,4,1,68.3,1679.4,33.1,0,0.0,27.7,0
2,NH-13 Trans-Arunachal,Arunachal Pradesh,25.6,155.1,5.3,12.4,23.8,True,2,2,0,0,51.1,1665.2,31.0,0,0.0,47.9,0
1,NH-27 Assam Arterial,Assam,18.5,118.2,3.9,6.3,9.9,True,0,0,0,0,39.4,164.7,5.7,0,0.0,30.7,0
3,NH-229 Sela Pass,Arunachal Pradesh,2.8,17.0,0.1,0.2,0.4,False,9,6,3,3,22.4,3612.8,49.6,0,0.0,28.7,0
5,SH-05 Cherrapunjee Highland,Meghalaya,1.3,6.6,1.5,3.1,6.1,False,7,2,5,0,55.9,1512.6,38.5,0,0.0,21.4,0
3,NH-229 Sela Pass,Arunachal Pradesh,0.4,3.3,44.1,69.3,162.1,True,4,2,2,2,42.6,4046.6,43.4,3,45.0,31.0,0
6,NH-02 Imphal Lifeline,Manipur,8.7,32.9,13.4,31.8,55.4,True,3,2,1,0,73.5,1187.6,19.7,1,45.0,36.8,0
10,NH-08 Tripura Central,Tripura,2.8,8.3,32.5,48.8,84.6,False,2,1,1,0,21.3,126.6,9.7,0,0.0,8.8,0
5,SH-05 Cherrapunjee Highland,Meghalaya,1.4,12.5,0.3,0.7,1.3,False,7,3,4,1,63.2,1131.0,28.3,0,0.0,23.6,0
10,NH-08 Tripura Central,Tripura,2.6,12.0,1.4,2.7,5.4,False,2,0,2,0,78.7,50.0,6.3,4,95.0,39.2,1
12,NH-27S Haflong Hill,Assam,7.0,23.9,14.2,35.0,71.6,True,4,3,1,1,31.2,1001.6,31.7,0,0.0,21.8,0
7,NH-102 Moreh Border,Manipur,1.4,7.7,0.2,0.4,0.9,False,4,1,3,0,48.4,728.7,2.0,0,0.0,11.2,0
5,SH-05 Cherrapunjee Highland,Meghalaya,20.4,75.6,28.6,45.2,78.0,False,7,5,2,5,98.5,1195.2,45.8,0,0.0,49.0,0
7,NH-102 Moreh Border,Manipur,20.3,69.5,6.9,10.8,17.2,True,0,0,0,0,63.6,733.3,5.6,0,0.0,24.6,1
9,NH-54 Aizawl Ridge,Mizoram,10.5,58.9,12.9,25.2,36.1,True,5,2,3,3,41.9,1462.9,28.9,0,0.0,27.8,0
2,NH-13 Trans-Arunachal,Arunachal Pradesh,3.1,11.0,0.7,1.1,1.9,False,9,2,7,0,53.4,1763.3,32.6,0,0.0,20.7,1
8,NH-29 Kohima Mountain,Nagaland,0.9,3.8,0.2,0.4,0.8,False,3,3,0,1,65.7,1382.0,24.8,4,45.0,32.8,0
6,NH-02 Imphal Lifeline,Manipur,31.2,162.8,13.1,28.3,49.6,True,3,3,0,3,56.0,1169.0,31.1,1,45.0,61.9,1
10,NH-08 Tripura Central,Tripura,9.2,29.3,5.4,11.9,22.1,False,3,1,2,0,26.0,223.0,2.0,4,45.0,23.4,0
12,NH-27S Haflong Hill,Assam,0.9,5.5,3.1,6.2,12.4,False,7,2,5,2,58.0,866.5,25.0,0,0.0,18.8,0
8,NH-29 Kohima Mountain,Nagaland,72.6,260.0,6.2,14.9,23.1,True,3,3,0,2,55.5,1310.9,13.6,4,45.0,58.3,1
12,NH-27S Haflong Hill,Assam,7.8,27.2,17.7,25.7,57.0,False,1,1,0,1,33.1,738.1,33.6,4,45.0,30.4,1
12,NH-27S Haflong Hill,Assam,1.0,4.9,2.8,5.6,11.1,False,6,3,3,0,61.3,977.8,26.8,0,0.0,21.5,1
6,NH-02 Imphal Lifeline,Manipur,10.0,45.7,2.9,6.4,9.2,True,5,1,4,1,68.3,1059.9,21.2,3,75.0,44.4,0
8,NH-29 Kohima Mountain,Nagaland,19.6,81.7,8.8,13.1,19.6,True,6,4,2,0,60.5,1568.9,39.6,0,0.0,41.3,1
9,NH-54 Aizawl Ridge,Mizoram,0.1,0.5,3.3,6.5,13.1,False,4,2,2,3,51.5,1269.8,30.1,0,0.0,17.9,0
4,NH-06 Meghalaya Corridor,Meghalaya,2.4,9.7,0.9,1.8,3.7,False,4,2,2,5,40.9,1414.0,25.3,0,0.0,17.1,0
2,NH-13 Trans-Arunachal,Arunachal Pradesh,0.1,0.4,17.7,44.1,103.5,True,1,1,0,2,36.3,2088.1,42.5,1,75.0,34.8,0
2,NH-13 Trans-Arunachal,Arunachal Pradesh,41.4,145.0,16.0,31.2,56.7,True,3,1,2,1,17.6,1806.6,31.9,3,45.0,51.3,1
4,NH-06 Meghalaya Corridor,Meghalaya,33.5,91.2,59.8,126.2,227.6,True,2,2,0,0,34.2,1469.2,28.4,0,0.0,33.1,1
12,NH-27S Haflong Hill,Assam,2.6,21.8,1.8,3.7,7.4,False,8,3,5,3,90.3,941.4,38.1,0,0.0,31.5,1
10,NH-08 Tripura Central,Tripura,0.8,2.8,5.6,11.1,22.2,False,1,0,1,0,28.2,311.3,6.5,0,0.0,6.1,1
9,NH-54 Aizawl Ridge,Mizoram,0.2,1.5,7.2,14.3,28.6,False,3,3,0,2,44.1,1080.1,20.5,0,0.0,17.0,0
8,NH-29 Kohima Mountain,Nagaland,5.1,14.9,25.2,51.1,75.5,False,7,4,3,0,58.2,1431.4,34.1,0,0.0,26.5,1
8,NH-29 Kohima Mountain,Nagaland,4.7,21.2,8.7,16.5,30.4,False,5,4,1,2,70.8,1544.2,38.6,0,0.0,30.6,1
12,NH-27S Haflong Hill,Assam,7.6,26.4,4.3,6.2,15.0,False,2,2,0,3,54.2,955.0,21.8,2,95.0,45.5,1
3,NH-229 Sela Pass,Arunachal Pradesh,5.9,25.0,5.6,13.6,33.4,True,8,8,0,1,64.6,3842.2,42.2,0,0.0,39.1,1
7,NH-102 Moreh Border,Manipur,0.5,4.8,1.3,2.5,5.0,False,5,0,5,1,30.2,527.2,12.3,0,0.0,8.0,0
5,SH-05 Cherrapunjee Highland,Meghalaya,1.1,10.6,12.8,24.2,40.0,False,7,7,0,1,87.4,1331.7,33.7,1,75.0,54.7,0
9,NH-54 Aizawl Ridge,Mizoram,0.2,0.8,6.9,13.8,22.0,False,3,3,0,2,53.0,1624.9,33.3,0,0.0,20.8,0
6,NH-02 Imphal Lifeline,Manipur,1.1,4.4,0.2,0.4,0.8,False,2,1,1,1,49.3,966.6,24.6,0,0.0,15.2,0
7,NH-102 Moreh Border,Manipur,11.1,95.6,1.0,1.5,2.4,True,2,2,0,2,34.6,555.2,13.4,0,0.0,31.0,1
10,NH-08 Tripura Central,Tripura,5.8,21.0,5.9,11.9,23.8,False,1,0,1,1,5.0,50.0,11.2,0,0.0,7.2,0
2,NH-13 Trans-Arunachal,Arunachal Pradesh,4.4,19.1,9.9,17.2,26.3,False,2,2,0,1,48.0,1847.8,21.7,3,95.0,43.1,0
4,NH-06 Meghalaya Corridor,Meghalaya,1.0,5.1,0.1,0.2,0.3,False,3,1,2,1,79.2,1254.1,19.6,0,0.0,18.8,0
12,NH-27S Haflong Hill,Assam,1.1,7.6,3.3,6.5,13.0,False,2,2,0,0,63.6,524.0,37.6,0,0.0,22.6,0
4,NH-06 Meghalaya Corridor,Meghalaya,1.4,13.5,82.3,165.9,241.4,True,3,2,1,1,11.7,1440.5,24.0,1,75.0,32.0,0
7,NH-102 Moreh Border,Manipur,0.2,0.6,5.2,10.4,20.8,False,4,2,2,1,50.6,591.1,20.1,4,75.0,34.5,1
9,NH-54 Aizawl Ridge,Mizoram,4.4,35.1,2.6,4.2,10.2,False,4,3,1,0,40.1,1290.1,29.8,0,0.0,25.0,0
6,NH-02 Imphal Lifeline,Manipur,0.3,1.5,2.3,5.2,11.4,False,2,2,0,1,73.9,1121.2,23.9,3,75.0,38.9,1
1,NH-27 Assam Arterial,Assam,0.5,3.4,1.6,3.1,6.2,False,1,1,0,0,43.5,92.3,2.0,0,0.0,9.6,1
8,NH-29 Kohima Mountain,Nagaland,0.2,0.9,7.2,11.4,28.4,False,9,0,9,2,80.9,1487.1,22.0,0,0.0,16.7,0
6,NH-02 Imphal Lifeline,Manipur,6.5,58.0,3.9,5.7,10.7,False,5,3,2,0,55.8,920.3,21.2,3,75.0,49.0,1
1,NH-27 Assam Arterial,Assam,0.7,3.6,3.9,7.8,15.5,False,0,0,0,0,64.0,296.8,9.2,1,75.0,30.9,1
7,NH-102 Moreh Border,Manipur,15.1,122.8,22.3,37.6,57.8,True,4,1,3,0,32.4,574.5,27.6,3,95.0,60.7,1
7,NH-102 Moreh Border,Manipur,0.9,4.5,0.3,0.7,1.3,False,2,1,1,0,35.7,879.0,16.5,0,0.0,11.6,0
5,SH-05 Cherrapunjee Highland,Meghalaya,45.9,127.6,5.1,8.0,18.2,True,7,2,5,3,64.5,1102.2,35.4,4,45.0,57.5,1
4,NH-06 Meghalaya Corridor,Meghalaya,0.0,0.1,1.2,1.7,2.6,False,4,2,2,1,44.5,1554.0,21.9,0,0.0,15.1,0
10,NH-08 Tripura Central,Tripura,0.1,0.6,2.2,4.4,8.8,False,2,0,2,0,40.9,133.3,3.3,0,0.0,6.9,0
10,NH-08 Tripura Central,Tripura,0.4,2.1,0.0,0.0,0.1,False,2,1,1,1,65.0,53.8,2.0,0,0.0,12.6,0
1,NH-27 Assam Arterial,Assam,9.7,33.0,7.4,16.6,27.8,False,1,1,0,1,38.9,195.2,19.4,3,95.0,42.1,1
5,SH-05 Cherrapunjee Highland,Meghalaya,11.6,40.5,67.5,112.5,213.3,True,8,4,4,0,47.4,1349.2,39.7,0,0.0,31.1,1
7,NH-102 Moreh Border,Manipur,6.6,22.4,6.9,13.8,27.7,False,4,2,2,0,25.5,737.6,20.4,0,0.0,16.4,1
4,NH-06 Meghalaya Corridor,Meghalaya,4.4,17.9,2.9,5.9,11.7,False,3,1,2,0,24.9,1172.7,30.2,0,0.0,15.3,1
3,NH-229 Sela Pass,Arunachal Pradesh,1.7,8.8,2.0,4.1,8.1,False,5,5,0,3,50.2,3879.8,46.1,0,0.0,28.5,0
11,NH-10 Teesta River Canyon,Sikkim,0.0,0.0,5.9,9.8,20.4,False,3,3,0,4,85.5,1660.3,49.8,3,75.0,47.5,1
6,NH-02 Imphal Lifeline,Manipur,9.0,22.9,87.5,169.8,279.0,True,5,2,3,0,57.1,998.5,23.3,1,75.0,40.6,1
8,NH-29 Kohima Mountain,Nagaland,48.1,209.6,25.2,37.0,89.8,True,5,5,0,1,69.9,1422.5,30.8,0,0.0,56.6,0
3,NH-229 Sela Pass,Arunachal Pradesh,9.4,74.5,2.6,6.3,11.7,True,5,4,1,4,87.8,3958.7,42.4,3,75.0,63.3,0
5,SH-05 Cherrapunjee Highland,Meghalaya,25.3,101.3,12.4,28.1,52.4,True,6,2,4,1,55.8,1123.4,23.8,0,0.0,37.4,0
6,NH-02 Imphal Lifeline,Manipur,59.9,155.4,1.2,2.6,3.7,True,3,3,0,1,69.5,1136.9,38.4,4,45.0,65.4,1
9,NH-54 Aizawl Ridge,Mizoram,0.4,2.7,3.1,6.3,12.5,False,4,4,0,0,52.1,1113.6,32.4,0,0.0,22.8,1
8,NH-29 Kohima Mountain,Nagaland,0.5,1.4,19.3,35.6,78.2,False,6,6,0,1,24.4,1676.7,35.6,3,75.0,41.8,0
5,SH-05 Cherrapunjee Highland,Meghalaya,6.1,38.6,29.2,45.0,93.6,True,10,6,4,4,66.2,1401.0,39.1,4,75.0,56.2,1
12,NH-27S Haflong Hill,Assam,19.0,128.0,7.5,14.4,34.8,True,4,4,0,1,37.6,981.4,18.8,0,0.0,43.0,0
6,NH-02 Imphal Lifeline,Manipur,19.7,84.3,53.5,114.9,197.0,True,3,1,2,1,61.6,1064.2,22.0,3,75.0,51.3,1
11,NH-10 Teesta River Canyon,Sikkim,10.8,102.6,4.3,6.9,11.5,True,9,5,4,4,100.0,1696.7,45.3,4,45.0,65.8,1
10,NH-08 Tripura Central,Tripura,1.5,5.4,0.1,0.3,0.5,False,3,1,2,0,24.2,50.0,12.9,0,0.0,9.3,0
1,NH-27 Assam Arterial,Assam,1.2,7.2,9.6,19.2,38.4,False,1,1,0,1,79.8,50.0,15.1,0,0.0,18.4,1
2,NH-13 Trans-Arunachal,Arunachal Pradesh,15.0,47.8,7.9,19.6,31.3,False,8,2,6,1,29.7,1775.0,41.4,2,45.0,37.6,1
7,NH-102 Moreh Border,Manipur,1.1,3.2,30.2,52.3,101.4,True,1,0,1,0,31.2,643.2,14.3,4,45.0,19.4,1
6,NH-02 Imphal Lifeline,Manipur,0.4,1.9,5.1,10.2,20.4,False,6,1,5,2,59.4,1502.7,25.7,0,0.0,16.4,0
8,NH-29 Kohima Mountain,Nagaland,1.0,7.4,6.1,12.3,24.6,False,4,4,0,2,37.1,1444.3,48.2,0,0.0,24.7,0
6,NH-02 Imphal Lifeline,Manipur,0.5,2.0,2.1,4.2,8.5,False,3,3,0,6,16.9,942.4,18.7,0,0.0,12.7,1
8,NH-29 Kohima Mountain,Nagaland,9.6,46.9,6.9,13.0,25.3,True,5,4,1,0,67.3,1489.8,27.6,4,75.0,51.8,1
7,NH-102 Moreh Border,Manipur,0.4,1.3,0.4,0.9,1.7,False,0,0,0,0,53.1,516.4,9.8,0,0.0,10.2,1
2,NH-13 Trans-Arunachal,Arunachal Pradesh,10.1,55.3,5.8,12.4,18.6,False,16,1,15,0,66.1,1795.5,41.1,2,45.0,42.5,1
5,SH-05 Cherrapunjee Highland,Meghalaya,0.1,0.6,0.2,0.4,0.7,False,6,2,4,1,64.6,1213.6,30.7,0,0.0,20.0,0
8,NH-29 Kohima Mountain,Nagaland,0.9,6.3,0.1,0.2,0.3,True,5,4,1,1,58.4,1520.0,24.0,0,0.0,22.8,0
4,NH-06 Meghalaya Corridor,Meghalaya,4.8,12.2,14.4,22.0,47.7,False,5,1,4,1,64.0,1119.2,28.7,0,0.0,19.8,1
4,NH-06 Meghalaya Corridor,Meghalaya,1.6,12.3,1.9,3.7,7.5,False,4,3,1,0,74.9,1526.9,20.4,0,0.0,23.8,0
8,NH-29 Kohima Mountain,Nagaland,7.8,32.7,10.8,18.7,30.8,False,2,1,1,2,49.7,1541.6,25.8,3,95.0,44.9,0
5,SH-05 Cherrapunjee Highland,Meghalaya,16.4,73.1,2.0,4.3,6.6,False,5,4,1,1,41.9,1291.9,36.2,0,0.0,36.1,1
1,NH-27 Assam Arterial,Assam,0.9,4.9,0.7,1.5,2.9,False,2,0,2,0,64.0,257.3,2.0,2,45.0,22.2,1
10,NH-08 Tripura Central,Tripura,0.5,4.3,1.3,2.5,5.1,False,2,2,0,0,49.1,94.7,9.8,3,45.0,25.4,0
1,NH-27 Assam Arterial,Assam,19.5,65.2,17.6,36.9,66.9,False,1,0,1,0,62.8,355.2,4.1,4,95.0,47.0,1
10,NH-08 Tripura Central,Tripura,1.0,4.6,1.8,3.5,7.0,False,2,0,2,0,40.9,171.8,7.5,0,0.0,8.5,0
9,NH-54 Aizawl Ridge,Mizoram,12.6,73.6,25.2,58.1,116.4,True,2,2,0,2,64.5,1198.1,33.3,4,45.0,46.3,1
9,NH-54 Aizawl Ridge,Mizoram,9.5,25.7,2.8,4.5,10.3,False,4,3,1,2,48.2,1208.2,19.7,2,45.0,33.6,1
7,NH-102 Moreh Border,Manipur,0.2,1.0,2.0,4.0,8.0,False,1,1,0,1,37.0,892.7,20.5,0,0.0,11.9,0
1,NH-27 Assam Arterial,Assam,31.0,91.7,36.1,58.8,88.3,True,0,0,0,0,56.7,50.0,7.1,2,75.0,47.0,1
11,NH-10 Teesta River Canyon,Sikkim,1.1,5.5,14.9,23.2,40.0,False,9,9,0,1,70.6,1912.0,46.1,0,0.0,38.9,0
1,NH-27 Assam Arterial,Assam,0.4,2.5,75.2,127.3,272.2,True,0,0,0,0,34.6,451.0,6.9,0,0.0,7.1,1
12,NH-27S Haflong Hill,Assam,0.9,7.8,6.0,12.0,24.0,False,2,2,0,4,32.3,739.9,14.7,0,0.0,13.4,0
1,NH-27 Assam Arterial,Assam,0.4,2.8,2.0,4.0,8.0,False,2,2,0,1,5.0,92.7,2.0,0,0.0,5.7,0
3,NH-229 Sela Pass,Arunachal Pradesh,39.0,124.3,2.4,5.8,8.6,True,10,4,6,2,87.4,3910.9,44.6,1,75.0,73.6,1
5,SH-05 Cherrapunjee Highland,Meghalaya,10.6,49.5,9.7,19.6,44.4,False,2,2,0,1,58.7,1227.9,46.0,4,75.0,50.6,1
8,NH-29 Kohima Mountain,Nagaland,0.6,2.5,13.9,29.9,42.7,False,4,1,3,0,53.9,1432.7,36.3,3,75.0,36.6,0
2,NH-13 Trans-Arunachal,Arunachal Pradesh,2.1,8.6,0.1,0.2,0.4,False,2,2,0,3,44.1,1907.3,39.2,0,0.0,20.2,0
11,NH-10 Teesta River Canyon,Sikkim,7.2,20.5,2.1,3.7,6.5,True,10,5,5,2,38.3,1697.4,48.7,2,45.0,40.8,0
6,NH-02 Imphal Lifeline,Manipur,2.5,8.6,5.0,9.9,19.8,False,8,3,5,3,64.1,1067.5,23.0,0,0.0,21.9,0
5,SH-05 Cherrapunjee Highland,Meghalaya,5.2,14.2,34.1,67.5,132.6,True,0,0,0,1,52.7,1042.8,30.1,2,75.0,35.5,1
4,NH-06 Meghalaya Corridor,Meghalaya,0.6,4.5,14.2,29.5,54.5,False,6,2,4,1,28.2,1453.2,22.7,3,45.0,24.9,0
7,NH-102 Moreh Border,Manipur,0.8,7.8,6.4,12.8,25.7,False,3,2,1,0,64.6,870.2,22.8,4,75.0,38.6,0
5,SH-05 Cherrapunjee Highland,Meghalaya,0.4,3.6,6.4,12.8,25.6,False,6,4,2,0,91.2,1335.9,38.5,0,0.0,30.1,0
12,NH-27S Haflong Hill,Assam,21.5,202.6,4.4,10.1,20.5,True,7,1,6,2,63.5,1192.0,24.5,2,45.0,57.7,1
11,NH-10 Teesta River Canyon,Sikkim,2.0,8.7,0.5,1.1,2.2,False,10,2,8,4,48.0,1738.6,38.8,1,45.0,31.9,0
9,NH-54 Aizawl Ridge,Mizoram,50.9,144.2,19.3,42.9,104.1,True,3,1,2,1,47.5,1343.7,30.6,0,0.0,44.1,0
6,NH-02 Imphal Lifeline,Manipur,0.2,0.7,12.8,25.6,51.3,False,1,1,0,4,41.4,929.2,18.9,0,0.0,12.1,0
1,NH-27 Assam Arterial,Assam,2.1,13.8,0.1,0.3,0.5,False,0,0,0,0,35.7,98.4,16.1,0,0.0,11.3,0
3,NH-229 Sela Pass,Arunachal Pradesh,33.4,143.8,5.3,11.0,23.3,True,2,2,0,1,56.3,3820.4,41.7,4,95.0,73.3,1
10,NH-08 Tripura Central,Tripura,15.9,40.1,36.1,52.2,78.4,True,3,0,3,1,55.5,330.7,13.0,4,45.0,30.2,0
10,NH-08 Tripura Central,Tripura,8.1,73.5,81.2,117.0,173.5,True,1,1,0,0,57.5,320.1,16.2,0,0.0,28.6,0
7,NH-102 Moreh Border,Manipur,23.3,67.6,71.2,162.2,247.7,True,2,2,0,0,58.6,882.6,13.8,4,75.0,47.8,1
9,NH-54 Aizawl Ridge,Mizoram,16.6,56.6,63.8,104.3,254.2,True,6,4,2,2,70.0,933.9,24.7,4,75.0,53.5,1
12,NH-27S Haflong Hill,Assam,0.6,2.5,15.3,30.1,55.4,False,10,4,6,0,37.5,959.1,30.6,4,75.0,39.0,1
4,NH-06 Meghalaya Corridor,Meghalaya,3.6,24.6,25.9,39.4,81.9,True,6,2,4,1,55.9,1428.2,24.5,0,0.0,22.2,0
9,NH-54 Aizawl Ridge,Mizoram,1.4,7.4,0.1,0.2,0.4,False,9,5,4,2,60.1,1180.4,32.1,0,0.0,26.9,1
9,NH-54 Aizawl Ridge,Mizoram,7.6,69.9,128.9,186.6,303.1,True,3,1,2,3,37.1,1284.0,40.5,0,0.0,29.6,1
10,NH-08 Tripura Central,Tripura,8.8,26.6,16.7,29.2,62.6,False,1,0,1,0,53.2,106.8,6.4,4,45.0,25.8,1
9,NH-54 Aizawl Ridge,Mizoram,3.3,9.3,8.9,21.7,34.9,False,6,5,1,1,35.3,1262.6,46.1,4,45.0,37.6,1
1,NH-27 Assam Arterial,Assam,1.3,10.8,2.9,5.8,11.6,False,2,2,0,0,31.4,71.5,12.8,0,0.0,13.4,0
3,NH-229 Sela Pass,Arunachal Pradesh,19.3,78.6,2.0,3.6,5.9,False,5,4,1,2,54.7,4089.2,50.0,1,75.0,60.7,0
11,NH-10 Teesta River Canyon,Sikkim,1.1,5.8,0.8,1.6,3.3,False,8,4,4,2,30.4,1704.3,52.9,0,0.0,23.7,1
9,NH-54 Aizawl Ridge,Mizoram,4.8,34.1,42.2,61.8,101.9,True,3,1,2,0,52.2,1311.9,29.9,0,0.0,22.7,0
9,NH-54 Aizawl Ridge,Mizoram,16.0,40.2,21.9,49.1,116.9,True,1,1,0,3,74.5,1193.7,29.3,1,45.0,38.3,1
3,NH-229 Sela Pass,Arunachal Pradesh,2.8,11.0,0.9,1.8,3.5,True,5,2,3,3,53.8,3511.5,49.4,0,0.0,24.2,1
7,NH-102 Moreh Border,Manipur,38.7,135.1,10.3,23.9,57.6,True,2,2,0,2,59.6,635.6,19.5,0,0.0,43.9,0
1,NH-27 Assam Arterial,Assam,1.7,6.8,0.4,0.8,1.5,False,2,2,0,0,39.5,50.0,2.0,0,0.0,11.7,1
3,NH-229 Sela Pass,Arunachal Pradesh,17.5,73.4,1.8,2.7,4.5,True,11,3,8,2,30.1,4039.5,51.2,2,45.0,46.4,1
12,NH-27S Haflong Hill,Assam,54.9,188.9,4.6,9.0,16.9,True,3,0,3,1,47.8,939.7,22.7,0,0.0,41.7,1
5,SH-05 Cherrapunjee Highland,Meghalaya,0.2,0.9,2.5,5.0,10.0,False,5,5,0,0,58.9,1236.8,37.1,3,45.0,37.7,1
8,NH-29 Kohima Mountain,Nagaland,70.8,270.8,49.4,88.4,207.6,True,5,3,2,2,48.9,1591.4,25.0,4,45.0,59.6,1
12,NH-27S Haflong Hill,Assam,1.8,6.2,1.2,2.5,4.9,False,1,1,0,2,65.5,972.1,28.8,3,75.0,37.6,0
1,NH-27 Assam Arterial,Assam,2.1,7.0,5.5,11.1,22.1,False,0,0,0,0,58.6,180.4,2.0,0,0.0,10.6,0
11,NH-10 Teesta River Canyon,Sikkim,0.2,1.5,1.0,2.1,4.2,False,8,7,1,1,82.9,1667.9,50.3,0,0.0,36.7,0
1,NH-27 Assam Arterial,Assam,8.4,28.7,1.6,3.3,6.5,False,1,0,1,0,36.0,50.0,3.9,0,0.0,11.9,0
6,NH-02 Imphal Lifeline,Manipur,22.1,71.3,5.9,9.2,18.4,True,5,5,0,2,40.8,836.6,13.2,2,45.0,44.3,0
12,NH-27S Haflong Hill,Assam,2.4,11.6,5.0,10.0,20.0,False,6,1,5,1,40.4,1007.3,24.2,0,0.0,15.2,0
9,NH-54 Aizawl Ridge,Mizoram,7.0,24.1,5.7,11.0,19.3,False,3,1,2,1,60.4,1167.7,30.6,3,75.0,40.8,0
1,NH-27 Assam Arterial,Assam,0.6,3.3,1.0,2.1,4.2,False,1,0,1,1,47.9,50.0,9.5,0,0.0,9.7,0
11,NH-10 Teesta River Canyon,Sikkim,0.2,2.2,3.2,6.3,12.6,False,4,4,0,0,36.4,1768.4,40.1,4,45.0,33.2,1
11,NH-10 Teesta River Canyon,Sikkim,1.1,5.5,3.3,6.6,13.3,False,9,9,0,1,89.2,1807.8,41.7,0,0.0,40.8,0
12,NH-27S Haflong Hill,Assam,2.2,6.0,4.6,7.8,13.7,False,4,0,4,1,27.1,860.5,32.0,0,0.0,11.7,0
8,NH-29 Kohima Mountain,Nagaland,3.0,12.3,43.8,71.8,104.5,True,6,6,0,2,63.3,1649.9,34.6,0,0.0,30.9,1
11,NH-10 Teesta River Canyon,Sikkim,2.4,12.3,5.9,11.8,23.7,False,7,7,0,2,30.4,1902.8,39.0,0,0.0,28.8,0
9,NH-54 Aizawl Ridge,Mizoram,15.4,43.6,2.9,5.8,9.8,False,4,2,2,0,61.7,1281.4,17.5,3,45.0,36.7,1
4,NH-06 Meghalaya Corridor,Meghalaya,0.5,4.0,0.1,0.2,0.3,False,1,1,0,1,55.0,1851.7,18.6,0,0.0,14.8,0
1,NH-27 Assam Arterial,Assam,7.0,44.3,28.0,54.2,130.7,True,2,0,2,0,67.1,286.1,12.9,2,75.0,40.2,1
8,NH-29 Kohima Mountain,Nagaland,10.4,45.2,20.0,42.1,93.0,True,7,5,2,1,57.6,1601.9,24.5,2,75.0,51.3,0
6,NH-02 Imphal Lifeline,Manipur,14.0,45.3,4.1,10.2,16.6,False,6,2,4,2,45.9,818.7,22.8,2,75.0,43.3,0
12,NH-27S Haflong Hill,Assam,0.0,0.1,0.8,1.6,3.1,False,5,3,2,3,31.2,836.1,22.3,0,0.0,15.2,0
9,NH-54 Aizawl Ridge,Mizoram,0.1,0.8,1.8,3.7,7.3,False,6,3,3,5,55.1,1285.3,36.3,1,45.0,32.9,0
6,NH-02 Imphal Lifeline,Manipur,2.1,15.7,1.8,3.6,7.2,False,5,2,3,0,59.3,1010.5,15.5,0,0.0,19.1,0
4,NH-06 Meghalaya Corridor,Meghalaya,2.1,5.5,41.1,69.7,134.2,True,5,2,3,0,61.8,1497.1,21.3,4,95.0,42.4,1
12,NH-27S Haflong Hill,Assam,1.8,6.8,22.8,52.9,87.4,False,4,4,0,0,16.0,790.4,23.6,0,0.0,16.5,1
4,NH-06 Meghalaya Corridor,Meghalaya,6.7,23.3,0.3,0.7,1.0,False,3,3,0,2,47.4,1378.7,25.7,4,75.0,41.7,0
5,SH-05 Cherrapunjee Highland,Meghalaya,53.6,137.1,26.9,48.6,76.5,True,5,3,2,1,82.2,1148.6,36.1,4,75.0,71.7,1
7,NH-102 Moreh Border,Manipur,6.9,22.6,2.5,3.9,6.0,True,3,1,2,1,53.3,676.5,6.6,0,0.0,15.8,0
9,NH-54 Aizawl Ridge,Mizoram,7.4,74.1,14.6,31.5,53.9,True,5,3,2,4,76.1,1644.8,35.3,0,0.0,39.3,1
10,NH-08 Tripura Central,Tripura,0.6,1.9,6.6,10.2,15.1,True,3,1,2,0,45.2,50.0,6.8,1,75.0,29.3,0
3,NH-229 Sela Pass,Arunachal Pradesh,8.8,26.5,17.3,26.1,42.0,False,8,8,0,4,38.9,3904.8,45.3,1,45.0,47.4,0
5,SH-05 Cherrapunjee Highland,Meghalaya,0.8,4.0,6.7,13.5,27.0,False,8,5,3,2,69.6,1155.5,42.3,0,0.0,29.7,0
5,SH-05 Cherrapunjee Highland,Meghalaya,2.1,16.1,0.9,1.8,3.7,False,6,6,0,0,53.2,1373.0,43.9,0,0.0,32.0,0
5,SH-05 Cherrapunjee Highland,Meghalaya,0.0,0.1,0.5,0.9,1.9,False,3,3,0,5,72.7,1621.1,38.3,0,0.0,24.6,0
1,NH-27 Assam Arterial,Assam,1.7,6.8,0.5,1.0,2.1,False,1,1,0,0,11.7,205.0,2.7,0,0.0,5.7,0
9,NH-54 Aizawl Ridge,Mizoram,12.6,80.8,2.6,5.6,12.1,True,4,4,0,1,34.2,1442.5,27.2,0,0.0,34.7,0
4,NH-06 Meghalaya Corridor,Meghalaya,0.0,0.0,0.5,1.0,2.0,True,6,2,4,1,76.9,1441.0,25.6,3,75.0,39.4,0
12,NH-27S Haflong Hill,Assam,1.1,5.2,42.4,66.6,103.3,True,4,4,0,3,65.0,797.9,28.3,0,0.0,24.4,0
12,NH-27S Haflong Hill,Assam,0.3,1.9,2.6,5.2,10.5,False,4,4,0,1,61.7,868.3,23.4,0,0.0,22.3,0
8,NH-29 Kohima Mountain,Nagaland,3.9,12.9,43.0,79.3,132.3,True,4,4,0,2,35.9,1417.5,42.5,0,0.0,24.5,1
7,NH-102 Moreh Border,Manipur,19.2,97.9,5.5,9.9,23.3,True,1,1,0,0,35.4,661.5,3.2,0,0.0,27.5,1
6,NH-02 Imphal Lifeline,Manipur,0.5,2.6,1.9,3.7,7.4,False,5,2,3,0,69.8,1337.7,25.8,0,0.0,20.2,0
1,NH-27 Assam Arterial,Assam,15.0,44.7,17.9,38.7,57.5,False,3,0,3,0,49.4,103.5,12.1,2,45.0,30.0,1
10,NH-08 Tripura Central,Tripura,5.0,24.1,16.5,31.8,48.3,True,0,0,0,0,52.9,491.0,22.2,0,0.0,17.2,0
7,NH-102 Moreh Border,Manipur,3.5,18.3,59.6,134.5,259.9,True,2,1,1,0,50.2,728.7,13.3,0,0.0,15.8,1
10,NH-08 Tripura Central,Tripura,0.3,2.1,0.0,0.1,0.2,False,1,0,1,0,39.3,50.0,11.2,0,0.0,8.5,0
6,NH-02 Imphal Lifeline,Manipur,4.6,14.5,10.1,19.9,47.4,False,2,2,0,0,8.4,949.3,12.6,0,0.0,10.7,1
5,SH-05 Cherrapunjee Highland,Meghalaya,15.0,42.1,35.1,66.3,142.7,True,8,5,3,1,64.3,1098.9,29.5,2,45.0,45.2,0
6,NH-02 Imphal Lifeline,Manipur,23.4,102.0,40.5,57.8,91.4,True,5,5,0,0,42.4,1083.7,31.0,4,75.0,61.7,1
7,NH-102 Moreh Border,Manipur,1.7,7.5,0.3,0.6,1.3,False,3,3,0,1,39.7,857.5,17.3,0,0.0,16.9,0
2,NH-13 Trans-Arunachal,Arunachal Pradesh,3.7,14.7,2.1,4.5,10.9,False,11,4,7,4,28.0,2151.1,41.6,0,0.0,23.5,0
2,NH-13 Trans-Arunachal,Arunachal Pradesh,22.0,71.8,41.4,82.8,123.3,True,3,3,0,0,68.2,1762.7,37.3,0,0.0,38.1,1
11,NH-10 Teesta River Canyon,Sikkim,3.1,7.7,42.7,63.5,110.4,True,8,8,0,3,43.8,1463.3,45.8,3,45.0,44.5,1
3,NH-229 Sela Pass,Arunachal Pradesh,0.2,1.5,3.1,6.2,12.4,False,6,3,3,3,58.3,3632.6,45.2,0,0.0,24.1,0
5,SH-05 Cherrapunjee Highland,Meghalaya,1.4,5.9,2.2,4.3,8.6,False,8,6,2,0,63.0,1296.7,35.3,2,75.0,48.4,0
9,NH-54 Aizawl Ridge,Mizoram,0.7,1.8,21.8,36.1,74.8,False,4,2,2,1,67.5,1355.3,31.8,0,0.0,20.8,0
2,NH-13 Trans-Arunachal,Arunachal Pradesh,0.2,1.3,6.7,13.4,26.9,False,6,3,3,0,43.6,1673.6,28.3,0,0.0,18.5,0
5,SH-05 Cherrapunjee Highland,Meghalaya,1.5,5.4,3.2,6.4,12.8,False,12,4,8,1,62.5,1232.7,35.6,4,45.0,36.8,1
3,NH-229 Sela Pass,Arunachal Pradesh,3.0,10.6,35.1,66.3,155.4,True,7,5,2,1,19.9,3924.3,40.6,1,75.0,42.0,1
4,NH-06 Meghalaya Corridor,Meghalaya,0.8,3.2,1.8,3.6,7.2,False,2,2,0,1,75.6,1405.6,33.3,0,0.0,22.6,0
12,NH-27S Haflong Hill,Assam,1.7,6.7,6.6,13.2,26.4,False,3,2,1,2,47.8,781.8,28.8,0,0.0,18.3,0
4,NH-06 Meghalaya Corridor,Meghalaya,1.4,8.9,1.2,2.7,5.8,True,0,0,0,0,23.4,1331.4,28.4,4,45.0,22.2,0
8,NH-29 Kohima Mountain,Nagaland,13.3,40.5,6.8,11.5,21.5,False,7,4,3,1,67.1,1552.8,30.8,1,95.0,56.1,1
10,NH-08 Tripura Central,Tripura,2.5,9.2,0.7,1.1,2.2,False,3,2,1,0,68.4,120.3,9.4,4,75.0,36.7,1
9,NH-54 Aizawl Ridge,Mizoram,8.2,51.2,47.4,68.3,119.2,True,2,2,0,1,36.3,1393.6,38.2,0,0.0,27.3,0
9,NH-54 Aizawl Ridge,Mizoram,4.9,18.5,10.3,19.2,28.5,True,2,2,0,2,29.1,1386.5,25.2,0,0.0,17.1,0
4,NH-06 Meghalaya Corridor,Meghalaya,11.9,46.6,8.2,19.8,39.3,False,3,1,2,1,39.2,1432.7,28.4,1,45.0,34.1,0
5,SH-05 Cherrapunjee Highland,Meghalaya,27.5,76.0,28.2,68.5,110.2,True,8,1,7,3,67.9,1462.8,34.2,4,75.0,53.0,1
2,NH-13 Trans-Arunachal,Arunachal Pradesh,0.8,2.6,3.1,6.2,12.3,True,5,5,0,1,38.0,1857.5,29.1,0,0.0,22.0,1
8,NH-29 Kohima Mountain,Nagaland,15.7,62.1,18.4,33.3,79.0,False,4,2,2,1,68.8,1261.6,24.6,3,45.0,42.9,1
3,NH-229 Sela Pass,Arunachal Pradesh,8.0,40.1,8.0,11.7,27.9,False,11,3,8,4,48.3,3955.2,37.0,1,45.0,39.9,1
7,NH-102 Moreh Border,Manipur,0.7,6.5,0.2,0.5,1.0,False,2,2,0,0,44.6,543.8,7.8,0,0.0,13.6,0
2,NH-13 Trans-Arunachal,Arunachal Pradesh,12.4,41.5,9.8,16.6,33.9,False,7,5,2,2,60.9,1724.4,33.6,0,0.0,34.2,1
7,NH-102 Moreh Border,Manipur,11.7,46.7,26.0,51.7,87.1,True,5,2,3,1,59.4,718.1,12.9,4,95.0,48.6,0
11,NH-10 Teesta River Canyon,Sikkim,0.2,1.6,6.0,12.0,24.0,False,9,5,4,2,58.6,1940.4,30.7,0,0.0,25.2,0
3,NH-229 Sela Pass,Arunachal Pradesh,14.6,50.1,66.6,121.4,177.1,True,5,5,0,4,50.8,3954.3,41.7,0,0.0,36.0,1
3,NH-229 Sela Pass,Arunachal Pradesh,0.9,6.5,53.2,78.2,134.4,True,9,3,6,2,58.6,3767.6,33.6,1,95.0,46.6,1
2,NH-13 Trans-Arunachal,Arunachal Pradesh,0.0,0.0,2.0,4.5,8.9,False,3,3,0,2,38.7,1870.1,35.4,1,75.0,37.6,1
7,NH-102 Moreh Border,Manipur,7.4,52.3,28.5,63.9,124.2,True,3,0,3,0,41.6,619.6,14.5,2,75.0,38.4,1
3,NH-229 Sela Pass,Arunachal Pradesh,5.8,16.5,13.6,27.4,47.0,True,10,1,9,1,54.7,3781.6,38.1,2,45.0,32.4,1
3,NH-229 Sela Pass,Arunachal Pradesh,16.7,53.9,25.7,64.2,97.1,True,4,4,0,4,86.2,3751.9,32.9,1,75.0,57.0,1
11,NH-10 Teesta River Canyon,Sikkim,2.4,12.5,0.6,1.3,2.5,False,6,5,1,1,90.8,1771.6,47.4,0,0.0,35.6,1
4,NH-06 Meghalaya Corridor,Meghalaya,28.2,86.6,24.6,46.7,70.3,True,6,2,4,0,55.4,1504.3,19.2,2,75.0,52.2,1
4,NH-06 Meghalaya Corridor,Meghalaya,7.5,46.9,56.3,120.7,208.6,True,4,1,3,1,38.4,1487.5,17.8,2,75.0,39.5,1
2,NH-13 Trans-Arunachal,Arunachal Pradesh,1.2,4.3,2.1,4.2,8.5,False,3,2,1,1,35.4,1713.4,29.9,0,0.0,16.2,0
7,NH-102 Moreh Border,Manipur,0.9,3.3,0.4,0.9,1.8,False,5,1,4,0,53.2,859.4,22.0,0,0.0,15.0,1
7,NH-102 Moreh Border,Manipur,4.0,18.6,64.7,148.7,324.9,True,2,2,0,0,54.8,570.4,13.3,0,0.0,18.6,1
7,NH-102 Moreh Border,Manipur,1.1,5.0,3.0,6.0,12.0,False,1,1,0,0,62.6,657.9,17.8,0,0.0,15.9,0
4,NH-06 Meghalaya Corridor,Meghalaya,30.1,94.8,1.4,2.8,5.7,True,3,2,1,2,66.9,1321.2,22.9,0,0.0,37.6,0
10,NH-08 Tripura Central,Tripura,0.2,2.2,3.4,6.8,13.7,False,1,1,0,0,35.5,50.0,5.9,0,0.0,9.0,0
8,NH-29 Kohima Mountain,Nagaland,0.9,8.1,3.3,6.5,13.1,False,3,3,0,1,35.1,1468.0,26.1,0,0.0,18.1,0
9,NH-54 Aizawl Ridge,Mizoram,0.5,1.8,1.9,3.8,7.5,False,5,0,5,2,29.4,1210.0,24.4,0,0.0,9.6,0
6,NH-02 Imphal Lifeline,Manipur,6.4,41.7,4.0,7.5,12.1,False,3,3,0,0,19.9,1144.6,17.0,2,75.0,39.5,0
7,NH-102 Moreh Border,Manipur,18.7,66.0,29.7,64.2,130.0,True,1,1,0,0,64.7,616.0,17.7,1,45.0,39.7,1
7,NH-102 Moreh Border,Manipur,0.9,4.5,4.3,8.5,17.0,False,1,1,0,0,37.0,806.1,20.5,0,0.0,12.6,0
1,NH-27 Assam Arterial,Assam,1.4,7.7,3.2,6.4,12.7,False,2,0,2,0,37.6,50.0,8.7,0,0.0,8.9,0
6,NH-02 Imphal Lifeline,Manipur,2.1,8.5,49.5,85.2,143.5,True,2,2,0,2,52.5,898.6,18.0,3,75.0,35.9,1
8,NH-29 Kohima Mountain,Nagaland,0.8,2.8,3.8,7.6,15.2,False,5,5,0,0,50.2,1215.0,34.4,0,0.0,25.0,0
12,NH-27S Haflong Hill,Assam,13.3,112.7,2.8,4.6,6.8,True,4,4,0,3,36.2,1015.0,25.6,2,45.0,52.3,1
12,NH-27S Haflong Hill,Assam,0.3,1.4,0.2,0.3,0.7,False,5,3,2,0,52.0,1088.6,31.8,3,75.0,39.2,0
3,NH-229 Sela Pass,Arunachal Pradesh,0.9,6.2,3.7,7.1,17.1,False,6,4,2,3,51.5,3917.5,38.3,0,0.0,24.6,0
8,NH-29 Kohima Mountain,Nagaland,0.4,1.4,1.1,2.3,4.5,False,6,1,5,3,73.2,1700.7,28.4,4,75.0,37.7,1
11,NH-10 Teesta River Canyon,Sikkim,8.1,25.3,8.3,18.1,29.1,False,11,2,9,4,79.6,1921.0,39.2,0,0.0,28.8,0
12,NH-27S Haflong Hill,Assam,1.9,7.5,3.7,7.4,14.7,False,4,2,2,1,47.7,748.6,28.5,0,0.0,18.4,1
11,NH-10 Teesta River Canyon,Sikkim,10.1,52.6,24.9,50.1,93.2,True,10,8,2,4,70.9,1833.3,44.8,4,45.0,57.4,1
10,NH-08 Tripura Central,Tripura,36.8,144.4,3.6,5.2,11.1,True,1,1,0,0,76.4,312.0,6.0,0,0.0,43.5,0
9,NH-54 Aizawl Ridge,Mizoram,70.0,180.2,8.6,18.1,38.5,True,2,2,0,2,64.1,1201.0,27.0,2,75.0,67.8,1
9,NH-54 Aizawl Ridge,Mizoram,9.5,38.2,1.3,2.5,5.1,False,2,2,0,0,39.3,1206.0,22.7,2,75.0,40.8,0
9,NH-54 Aizawl Ridge,Mizoram,40.2,106.2,1.7,3.8,6.2,True,1,1,0,1,72.1,1403.3,33.8,2,75.0,59.6,1
2,NH-13 Trans-Arunachal,Arunachal Pradesh,2.2,21.6,25.8,55.7,116.0,True,4,1,3,1,46.4,1701.0,28.4,2,45.0,30.2,1
7,NH-102 Moreh Border,Manipur,5.3,21.6,22.5,37.5,76.9,False,3,1,2,0,42.2,650.6,10.9,0,0.0,14.8,0
2,NH-13 Trans-Arunachal,Arunachal Pradesh,2.4,8.3,18.7,28.6,65.2,False,8,5,3,1,56.6,1807.1,32.2,0,0.0,26.6,0
12,NH-27S Haflong Hill,Assam,9.3,26.0,2.9,4.5,7.9,False,2,2,0,1,42.4,1030.0,31.0,3,95.0,45.5,1
2,NH-13 Trans-Arunachal,Arunachal Pradesh,16.3,41.6,2.4,5.7,8.3,True,6,4,2,2,56.3,1896.9,38.1,2,45.0,43.6,0
5,SH-05 Cherrapunjee Highland,Meghalaya,2.2,9.9,0.5,1.1,2.1,False,6,3,3,4,60.5,1109.7,36.8,3,75.0,43.2,0
12,NH-27S Haflong Hill,Assam,4.2,12.1,5.6,10.6,16.2,False,3,3,0,3,45.5,766.0,28.4,3,45.0,32.2,1
7,NH-102 Moreh Border,Manipur,11.8,36.4,3.6,7.2,15.3,False,3,2,1,0,71.5,711.0,11.0,0,0.0,24.2,0
12,NH-27S Haflong Hill,Assam,4.4,26.8,0.4,0.8,1.6,False,5,2,3,0,42.7,834.2,23.3,0,0.0,20.4,0
1,NH-27 Assam Arterial,Assam,45.8,186.3,34.9,59.5,100.8,True,2,1,1,0,70.9,117.3,12.3,0,0.0,45.1,1
11,NH-10 Teesta River Canyon,Sikkim,20.3,69.4,12.8,19.9,48.7,False,7,7,0,0,58.0,1757.6,34.8,4,45.0,54.8,1
7,NH-102 Moreh Border,Manipur,2.1,10.3,0.9,1.8,3.7,False,3,1,2,1,65.9,361.0,12.8,4,75.0,35.3,1
11,NH-10 Teesta River Canyon,Sikkim,3.3,19.5,0.9,1.7,4.1,False,8,6,2,0,55.0,1605.0,43.7,2,95.0,56.7,1
10,NH-08 Tripura Central,Tripura,2.3,10.7,10.6,15.9,22.7,True,1,1,0,0,62.9,343.7,15.1,2,75.0,35.3,1
10,NH-08 Tripura Central,Tripura,29.0,166.9,16.5,35.1,54.7,True,2,2,0,1,53.3,50.0,2.0,2,45.0,53.7,0
5,SH-05 Cherrapunjee Highland,Meghalaya,0.8,4.6,0.5,1.1,2.1,False,8,5,3,2,73.5,1087.6,33.7,0,0.0,28.7,1
4,NH-06 Meghalaya Corridor,Meghalaya,12.1,64.0,20.5,32.8,67.9,False,2,2,0,0,27.3,1428.7,13.1,4,75.0,42.3,0
11,NH-10 Teesta River Canyon,Sikkim,1.2,5.8,0.2,0.3,0.6,False,5,4,1,2,78.5,1723.7,37.2,1,45.0,39.6,1
10,NH-08 Tripura Central,Tripura,16.3,43.2,5.1,11.9,17.0,False,1,0,1,1,43.0,110.2,11.0,1,75.0,36.0,0
7,NH-102 Moreh Border,Manipur,29.2,74.6,31.1,62.0,148.5,True,3,0,3,0,25.7,666.3,26.2,1,75.0,42.8,0
9,NH-54 Aizawl Ridge,Mizoram,9.7,41.9,0.4,0.6,1.2,False,3,3,0,2,47.0,1228.4,39.0,0,0.0,29.2,0
12,NH-27S Haflong Hill,Assam,1.6,4.5,2.1,3.0,5.8,False,7,2,5,0,55.4,1148.0,37.3,0,0.0,20.7,1
5,SH-05 Cherrapunjee Highland,Meghalaya,0.2,2.0,4.7,9.3,18.7,False,13,5,8,3,44.6,1396.2,39.0,0,0.0,24.9,1
9,NH-54 Aizawl Ridge,Mizoram,2.5,25.0,26.4,40.7,58.8,False,7,4,3,1,77.9,1269.4,35.6,0,0.0,31.8,0
7,NH-102 Moreh Border,Manipur,0.9,7.3,3.7,7.4,14.8,False,1,1,0,0,25.7,792.5,12.8,0,0.0,9.9,1
10,NH-08 Tripura Central,Tripura,2.7,9.6,1.3,2.6,5.1,False,0,0,0,0,43.9,50.0,2.0,2,75.0,27.7,1
12,NH-27S Haflong Hill,Assam,2.9,25.5,4.1,8.1,16.3,False,5,2,3,0,8.2,952.5,23.8,0,0.0,15.1,1
1,NH-27 Assam Arterial,Assam,15.0,49.0,12.1,28.4,58.8,True,2,1,1,0,54.8,68.5,12.1,4,95.0,46.2,1
11,NH-10 Teesta River Canyon,Sikkim,3.9,34.7,13.2,19.3,47.3,False,9,4,5,1,56.8,1964.1,55.2,0,0.0,33.5,1
9,NH-54 Aizawl Ridge,Mizoram,5.0,40.3,18.9,27.9,59.5,True,6,2,4,3,45.0,1077.9,15.6,0,0.0,21.9,1
12,NH-27S Haflong Hill,Assam,0.5,2.6,0.1,0.2,0.5,False,4,4,0,1,84.7,657.8,32.0,2,75.0,46.4,0
2,NH-13 Trans-Arunachal,Arunachal Pradesh,29.5,88.7,4.2,6.7,9.6,True,5,5,0,1,69.5,1906.4,38.5,1,95.0,69.6,0
5,SH-05 Cherrapunjee Highland,Meghalaya,1.0,9.7,0.5,1.1,2.1,False,7,0,7,3,94.2,1214.8,31.4,1,75.0,41.1,1
2,NH-13 Trans-Arunachal,Arunachal Pradesh,10.7,101.0,95.1,213.7,314.9,True,4,4,0,1,16.6,1740.1,21.1,3,75.0,53.7,1
8,NH-29 Kohima Mountain,Nagaland,0.5,2.6,0.3,0.5,1.0,False,2,0,2,0,12.8,1432.3,35.5,0,0.0,9.5,0
7,NH-102 Moreh Border,Manipur,7.8,21.9,12.9,24.0,43.3,False,2,1,1,0,41.3,702.9,15.6,3,45.0,27.0,0
4,NH-06 Meghalaya Corridor,Meghalaya,2.4,9.7,0.1,0.2,0.4,False,4,2,2,1,12.0,1333.8,24.5,0,0.0,12.6,1
11,NH-10 Teesta River Canyon,Sikkim,5.4,23.6,5.6,8.3,12.8,False,7,6,1,2,86.4,2032.5,40.0,4,45.0,48.9,1
10,NH-08 Tripura Central,Tripura,0.3,2.5,2.8,5.6,11.2,False,0,0,0,1,47.2,50.0,7.0,0,0.0,9.0,1
5,SH-05 Cherrapunjee Highland,Meghalaya,1.8,9.6,0.6,1.3,2.5,False,4,4,0,0,55.8,1471.2,39.7,3,95.0,50.0,1
1,NH-27 Assam Arterial,Assam,19.5,146.2,10.5,17.1,30.1,True,1,0,1,1,42.5,180.3,2.0,0,0.0,36.0,0
3,NH-229 Sela Pass,Arunachal Pradesh,13.1,33.5,2.6,3.8,6.0,False,9,3,6,1,81.5,3797.3,36.3,3,45.0,43.4,1
6,NH-02 Imphal Lifeline,Manipur,12.2,43.9,8.8,15.0,26.4,False,4,2,2,2,43.6,1005.3,31.8,0,0.0,25.7,0
1,NH-27 Assam Arterial,Assam,1.6,8.8,11.5,27.3,40.4,False,0,0,0,0,37.1,429.3,2.0,1,45.0,19.0,0
8,NH-29 Kohima Mountain,Nagaland,14.7,61.7,41.7,69.8,134.0,True,8,3,5,3,57.2,1638.3,32.2,0,0.0,33.3,1
9,NH-54 Aizawl Ridge,Mizoram,11.2,76.9,21.6,36.7,87.0,False,3,3,0,2,61.7,1387.8,35.7,3,45.0,49.0,1
10,NH-08 Tripura Central,Tripura,27.9,98.5,11.5,24.8,51.8,True,2,0,2,1,25.6,522.8,2.0,3,75.0,42.7,1
11,NH-10 Teesta River Canyon,Sikkim,0.1,0.9,0.0,0.1,0.2,False,4,4,0,2,52.4,1808.2,46.6,0,0.0,25.4,0
7,NH-102 Moreh Border,Manipur,18.4,73.2,7.8,18.3,30.0,False,0,0,0,0,37.2,376.0,5.5,2,95.0,45.1,0
3,NH-229 Sela Pass,Arunachal Pradesh,0.6,3.2,27.7,48.6,78.9,False,10,5,5,1,49.2,3900.2,35.8,4,75.0,43.9,1
11,NH-10 Teesta River Canyon,Sikkim,10.3,40.8,7.5,12.3,22.2,False,10,5,5,0,47.2,1743.6,48.6,1,75.0,53.7,1
11,NH-10 Teesta River Canyon,Sikkim,2.6,18.0,7.0,13.4,23.8,False,8,3,5,2,71.1,1962.5,44.3,0,0.0,29.1,0
2,NH-13 Trans-Arunachal,Arunachal Pradesh,1.1,4.3,2.1,4.1,8.2,True,8,2,6,3,67.7,1829.0,27.5,0,0.0,20.5,0
7,NH-102 Moreh Border,Manipur,0.8,6.1,0.5,1.1,2.2,False,5,2,3,0,24.1,544.5,14.5,0,0.0,11.7,0
2,NH-13 Trans-Arunachal,Arunachal Pradesh,0.3,2.0,0.7,1.4,2.8,True,0,0,0,2,57.5,1479.0,32.1,0,0.0,15.4,0
7,NH-102 Moreh Border,Manipur,38.0,95.1,3.4,5.3,12.7,True,3,2,1,2,57.8,796.2,15.1,3,95.0,58.5,0
2,NH-13 Trans-Arunachal,Arunachal Pradesh,15.1,71.5,9.0,21.3,46.2,False,5,5,0,0,48.0,2078.9,31.2,4,45.0,49.0,1
9,NH-54 Aizawl Ridge,Mizoram,0.6,3.5,3.6,7.1,14.2,False,2,1,1,0,74.5,1432.8,30.9,0,0.0,20.1,0
3,NH-229 Sela Pass,Arunachal Pradesh,2.7,17.2,22.9,52.6,95.4,True,7,3,4,4,46.5,3680.7,48.9,2,45.0,37.5,1
3,NH-229 Sela Pass,Arunachal Pradesh,15.9,55.8,12.1,26.2,55.4,False,7,7,0,1,48.4,3961.1,40.0,2,45.0,51.7,1
6,NH-02 Imphal Lifeline,Manipur,0.6,3.3,0.2,0.3,0.7,False,2,2,0,2,38.7,1058.1,16.7,0,0.0,13.8,1
2,NH-13 Trans-Arunachal,Arunachal Pradesh,73.0,247.0,6.3,13.4,29.1,True,3,1,2,2,68.4,1666.3,29.0,0,0.0,48.1,1
10,NH-08 Tripura Central,Tripura,2.9,14.4,1.8,3.5,7.0,False,2,1,1,0,49.5,50.0,4.7,0,0.0,13.3,1
2,NH-13 Trans-Arunachal,Arunachal Pradesh,0.6,2.0,0.7,1.4,2.8,False,5,2,3,0,48.8,1969.0,27.4,3,45.0,28.4,1
8,NH-29 Kohima Mountain,Nagaland,1.7,5.9,4.0,8.1,16.2,False,4,3,1,0,66.4,1102.1,35.4,0,0.0,24.2,0
1,NH-27 Assam Arterial,Assam,0.2,1.2,7.5,15.0,30.0,False,2,0,2,1,20.6,185.6,2.0,3,45.0,15.0,0
9,NH-54 Aizawl Ridge,Mizoram,0.5,3.0,0.1,0.3,0.6,False,2,1,1,0,76.2,1296.1,31.2,0,0.0,20.3,1
3,NH-229 Sela Pass,Arunachal Pradesh,0.2,1.2,0.4,0.8,1.5,True,4,2,2,4,41.1,3864.1,45.0,3,45.0,30.6,1
5,SH-05 Cherrapunjee Highland,Meghalaya,0.0,0.2,2.2,4.4,8.9,False,7,5,2,3,35.6,1312.7,33.1,0,0.0,22.0,0
10,NH-08 Tripura Central,Tripura,39.1,114.8,7.3,11.5,21.6,True,2,2,0,1,54.0,148.4,11.3,0,0.0,37.3,0
9,NH-54 Aizawl Ridge,Mizoram,0.1,0.4,2.3,4.7,9.4,False,7,3,4,1,68.8,1114.8,28.4,0,0.0,22.1,0
9,NH-54 Aizawl Ridge,Mizoram,49.8,355.5,29.9,44.7,66.0,True,6,2,4,1,41.1,1159.4,34.5,2,95.0,70.8,1
3,NH-229 Sela Pass,Arunachal Pradesh,21.0,151.1,19.7,33.1,71.6,True,6,3,3,2,63.9,3674.6,44.0,2,75.0,73.1,1
4,NH-06 Meghalaya Corridor,Meghalaya,0.4,2.6,1.1,2.2,4.4,False,2,2,0,2,66.0,1355.1,22.2,0,0.0,18.9,0
1,NH-27 Assam Arterial,Assam,0.1,0.9,3.8,7.6,15.3,False,3,0,3,0,53.3,201.2,2.0,0,0.0,8.6,0
11,NH-10 Teesta River Canyon,Sikkim,14.6,118.2,7.2,11.7,19.5,True,11,6,5,2,66.0,1553.8,31.7,4,75.0,70.6,1
4,NH-06 Meghalaya Corridor,Meghalaya,0.0,0.3,1.7,3.3,6.6,False,2,2,0,1,60.1,1170.2,23.6,0,0.0,17.8,0
6,NH-02 Imphal Lifeline,Manipur,1.7,7.4,25.4,41.4,92.4,True,5,5,0,0,69.0,986.2,27.7,0,0.0,27.4,0
6,NH-02 Imphal Lifeline,Manipur,0.1,0.4,67.0,124.8,179.4,True,1,1,0,2,42.0,910.8,26.9,1,45.0,25.0,1
5,SH-05 Cherrapunjee Highland,Meghalaya,0.8,3.2,9.3,17.3,35.0,False,8,4,4,2,62.6,1324.0,40.7,4,45.0,37.4,0
7,NH-102 Moreh Border,Manipur,17.1,126.2,128.2,207.1,374.1,True,0,0,0,2,41.3,604.9,10.9,3,45.0,44.9,1
3,NH-229 Sela Pass,Arunachal Pradesh,2.6,8.4,2.4,3.9,9.6,False,4,4,0,2,34.7,3899.5,47.3,4,45.0,35.6,1
1,NH-27 Assam Arterial,Assam,0.9,3.0,56.0,117.9,189.3,True,1,1,0,0,51.6,129.0,15.4,2,45.0,24.7,1
5,SH-05 Cherrapunjee Highland,Meghalaya,26.9,87.8,3.3,5.4,7.8,True,3,3,0,0,74.7,1312.6,38.1,0,0.0,42.4,1
6,NH-02 Imphal Lifeline,Manipur,33.0,213.2,18.8,31.8,69.7,True,5,2,3,0,40.9,1065.4,19.4,2,45.0,55.3,1
9,NH-54 Aizawl Ridge,Mizoram,8.9,37.9,51.0,74.8,132.5,True,4,4,0,0,88.3,1395.6,39.1,0,0.0,36.6,1
3,NH-229 Sela Pass,Arunachal Pradesh,19.8,59.6,10.2,15.1,33.7,False,7,7,0,1,62.3,3801.2,38.6,2,45.0,54.2,1
7,NH-102 Moreh Border,Manipur,3.4,11.9,0.8,1.6,3.1,False,0,0,0,1,66.3,604.1,20.8,0,0.0,16.5,0
5,SH-05 Cherrapunjee Highland,Meghalaya,13.5,70.8,50.1,72.9,109.2,True,7,4,3,1,35.3,1097.0,34.0,0,0.0,34.3,1
3,NH-229 Sela Pass,Arunachal Pradesh,44.3,117.4,4.7,6.9,16.7,True,5,3,2,3,58.0,3835.3,36.3,0,0.0,45.5,1
5,SH-05 Cherrapunjee Highland,Meghalaya,1.1,5.6,1.5,3.0,6.0,False,4,3,1,2,77.6,1392.0,39.2,3,95.0,50.4,1
5,SH-05 Cherrapunjee Highland,Meghalaya,13.1,83.4,9.1,16.3,38.8,True,6,3,3,3,44.5,1165.8,35.1,0,0.0,36.4,1
8,NH-29 Kohima Mountain,Nagaland,1.1,6.9,0.7,1.5,3.0,False,3,2,1,5,57.2,1793.7,37.9,0,0.0,21.5,0
7,NH-102 Moreh Border,Manipur,0.8,4.2,0.9,1.9,3.7,False,1,1,0,0,49.7,509.9,5.7,0,0.0,11.4,0
10,NH-08 Tripura Central,Tripura,0.7,3.0,10.7,21.3,42.6,False,2,1,1,1,45.6,112.6,2.0,0,0.0,9.8,0
7,NH-102 Moreh Border,Manipur,3.0,9.1,10.6,16.8,32.4,False,1,1,0,1,25.8,669.5,22.5,1,75.0,30.9,1
4,NH-06 Meghalaya Corridor,Meghalaya,1.2,11.1,15.4,37.5,65.4,True,3,3,0,1,83.8,1409.7,24.0,0,0.0,25.6,0
5,SH-05 Cherrapunjee Highland,Meghalaya,11.0,57.9,10.9,24.7,45.0,False,3,3,0,1,38.1,1177.6,41.3,0,0.0,31.5,1
9,NH-54 Aizawl Ridge,Mizoram,0.9,4.7,9.3,18.5,37.1,False,7,2,5,2,55.8,1077.2,28.5,0,0.0,19.0,1
1,NH-27 Assam Arterial,Assam,2.7,17.7,2.5,5.0,10.1,False,0,0,0,0,76.9,263.2,20.4,0,0.0,19.2,1
12,NH-27S Haflong Hill,Assam,0.2,1.8,3.7,7.4,14.8,False,2,1,1,1,66.7,1045.4,29.7,4,75.0,37.0,1
3,NH-229 Sela Pass,Arunachal Pradesh,0.1,0.9,1.2,2.5,5.0,False,9,9,0,1,90.0,3909.0,35.1,1,45.0,49.9,0
9,NH-54 Aizawl Ridge,Mizoram,0.5,2.6,3.8,7.7,15.3,False,2,2,0,0,74.5,1311.7,31.2,2,75.0,40.7,0
7,NH-102 Moreh Border,Manipur,39.6,116.4,28.5,45.4,105.2,True,1,1,0,0,57.0,1016.9,8.7,1,45.0,46.8,1
3,NH-229 Sela Pass,Arunachal Pradesh,2.2,8.1,0.4,0.8,1.7,False,10,5,5,1,65.0,3732.7,44.7,0,0.0,30.3,1
4,NH-06 Meghalaya Corridor,Meghalaya,2.7,15.2,3.3,4.8,8.5,False,3,3,0,0,37.7,1481.1,31.6,3,75.0,39.8,1
3,NH-229 Sela Pass,Arunachal Pradesh,1.7,7.2,48.4,84.2,132.1,True,7,5,2,1,48.4,3982.2,48.6,1,75.0,47.2,1
4,NH-06 Meghalaya Corridor,Meghalaya,0.1,0.4,5.1,10.2,20.3,False,5,5,0,1,82.7,1469.8,23.8,0,0.0,27.3,0
8,NH-29 Kohima Mountain,Nagaland,1.1,3.5,11.1,18.1,32.4,True,6,5,1,1,59.7,1483.4,34.5,1,75.0,45.3,1
10,NH-08 Tripura Central,Tripura,0.4,1.6,5.2,10.4,20.9,False,0,0,0,0,75.2,50.0,18.5,0,0.0,15.3,1
6,NH-02 Imphal Lifeline,Manipur,0.7,3.2,4.5,9.1,14.1,False,5,1,4,0,33.3,923.1,17.5,4,95.0,34.9,1
12,NH-27S Haflong Hill,Assam,1.9,11.5,24.8,37.0,53.4,False,7,6,1,5,50.4,651.9,27.8,4,75.0,46.2,1
10,NH-08 Tripura Central,Tripura,0.7,2.5,8.3,16.7,33.4,False,2,2,0,0,59.9,52.0,12.4,3,45.0,27.2,0
4,NH-06 Meghalaya Corridor,Meghalaya,9.2,35.4,0.9,1.3,1.9,False,4,3,1,1,57.7,1507.3,19.8,0,0.0,25.7,0
8,NH-29 Kohima Mountain,Nagaland,35.2,104.4,45.5,70.5,129.1,True,6,6,0,1,47.2,1591.8,37.0,0,0.0,47.4,1
5,SH-05 Cherrapunjee Highland,Meghalaya,6.3,29.7,13.7,21.3,31.3,False,7,5,2,1,36.8,1578.6,40.6,0,0.0,29.6,0
8,NH-29 Kohima Mountain,Nagaland,5.0,26.3,15.8,29.9,45.6,False,3,3,0,0,32.7,1262.6,32.2,0,0.0,22.6,0
6,NH-02 Imphal Lifeline,Manipur,5.8,23.3,2.5,4.2,8.9,False,3,3,0,3,37.9,809.4,18.1,0,0.0,20.0,0
11,NH-10 Teesta River Canyon,Sikkim,5.0,23.7,0.3,0.6,1.0,False,14,5,9,2,63.4,1964.4,41.6,0,0.0,32.6,0
6,NH-02 Imphal Lifeline,Manipur,1.2,6.4,4.8,10.9,17.6,True,8,1,7,1,12.9,819.5,25.8,4,45.0,21.6,1
1,NH-27 Assam Arterial,Assam,4.5,15.6,10.3,20.7,41.4,False,0,0,0,0,30.6,245.7,2.0,3,75.0,26.8,1
1,NH-27 Assam Arterial,Assam,26.2,77.0,17.9,33.1,54.8,True,4,0,4,0,54.2,107.2,9.3,0,0.0,25.4,1
3,NH-229 Sela Pass,Arunachal Pradesh,10.1,33.7,3.2,5.7,8.4,False,5,5,0,3,81.0,3845.1,45.3,4,95.0,61.7,1
11,NH-10 Teesta River Canyon,Sikkim,1.1,6.2,0.5,1.0,1.9,False,11,3,8,0,64.0,1962.3,45.8,2,45.0,37.3,1
4,NH-06 Meghalaya Corridor,Meghalaya,0.4,3.4,0.8,1.5,3.1,False,3,3,0,1,72.4,1514.0,27.0,0,0.0,22.9,1
3,NH-229 Sela Pass,Arunachal Pradesh,16.8,64.7,0.6,1.2,2.2,False,8,6,2,3,58.7,4000.0,42.0,0,0.0,42.1,0
6,NH-02 Imphal Lifeline,Manipur,0.8,3.9,12.9,18.5,39.1,False,2,2,0,2,59.8,1192.7,31.9,3,75.0,38.9,0
10,NH-08 Tripura Central,Tripura,0.1,0.5,0.7,1.4,2.7,True,5,1,4,1,34.7,96.9,3.8,2,45.0,19.3,0
6,NH-02 Imphal Lifeline,Manipur,2.8,13.3,1.9,3.8,7.7,False,7,2,5,0,61.0,986.9,21.8,0,0.0,20.2,0
12,NH-27S Haflong Hill,Assam,10.3,26.6,47.4,108.4,247.0,True,4,1,3,1,58.0,853.1,24.3,1,75.0,39.6,1
5,SH-05 Cherrapunjee Highland,Meghalaya,23.7,86.0,8.5,13.3,28.2,True,8,1,7,2,19.1,1323.1,42.4,4,95.0,54.3,1
4,NH-06 Meghalaya Corridor,Meghalaya,32.6,97.7,43.3,64.1,98.0,True,7,4,3,2,61.7,1556.6,21.4,3,45.0,52.3,1
11,NH-10 Teesta River Canyon,Sikkim,25.0,84.5,4.7,6.9,9.9,True,4,4,0,4,46.9,1787.2,41.5,0,0.0,40.2,1
6,NH-02 Imphal Lifeline,Manipur,1.5,8.9,14.6,26.9,56.2,False,4,4,0,2,65.4,1302.8,27.6,2,75.0,43.9,0
3,NH-229 Sela Pass,Arunachal Pradesh,38.1,136.9,5.7,11.5,19.1,True,10,9,1,2,66.1,3815.7,31.1,3,95.0,85.3,1
1,NH-27 Assam Arterial,Assam,1.2,4.5,0.4,0.8,1.6,False,0,0,0,0,63.7,50.0,15.9,4,75.0,32.4,1
3,NH-229 Sela Pass,Arunachal Pradesh,2.0,16.3,0.2,0.4,0.9,False,2,2,0,2,38.4,3910.4,34.5,0,0.0,19.9,0
6,NH-02 Imphal Lifeline,Manipur,16.2,41.9,17.6,35.5,84.3,True,4,4,0,0,58.8,945.3,33.5,3,75.0,50.6,1
6,NH-02 Imphal Lifeline,Manipur,12.3,45.8,12.1,27.7,41.6,False,3,3,0,0,48.2,936.7,26.9,3,45.0,39.0,0
6,NH-02 Imphal Lifeline,Manipur,1.4,6.7,10.5,20.9,41.9,False,9,3,6,1,65.9,1189.3,33.3,0,0.0,23.9,0
9,NH-54 Aizawl Ridge,Mizoram,39.7,116.4,56.6,112.7,177.2,True,2,2,0,0,63.6,1215.1,29.6,4,45.0,54.0,1
5,SH-05 Cherrapunjee Highland,Meghalaya,3.7,13.9,0.3,0.6,1.3,False,8,2,6,1,70.8,1591.3,44.1,0,0.0,26.2,0
1,NH-27 Assam Arterial,Assam,36.5,92.4,13.6,28.7,52.7,True,2,1,1,1,34.4,50.0,3.5,0,0.0,26.3,1
7,NH-102 Moreh Border,Manipur,10.7,37.0,16.6,39.4,62.4,False,2,0,2,0,29.6,518.9,16.4,4,75.0,33.9,1
6,NH-02 Imphal Lifeline,Manipur,2.4,9.6,0.5,0.9,1.9,False,3,1,2,2,69.2,817.4,21.9,0,0.0,18.7,0
3,NH-229 Sela Pass,Arunachal Pradesh,0.7,4.9,0.6,1.2,2.5,False,10,1,9,4,100.0,4098.7,48.1,0,0.0,27.6,1
4,NH-06 Meghalaya Corridor,Meghalaya,0.2,1.1,3.2,6.4,12.8,False,0,0,0,2,44.6,1512.2,19.1,0,0.0,10.7,0
4,NH-06 Meghalaya Corridor,Meghalaya,11.7,53.6,2.6,4.9,9.6,False,2,1,1,0,56.6,1507.3,18.4,0,0.0,24.9,1
10,NH-08 Tripura Central,Tripura,26.0,94.7,13.5,22.4,41.6,True,1,0,1,0,47.8,50.0,12.7,3,45.0,39.9,0
3,NH-229 Sela Pass,Arunachal Pradesh,11.7,34.4,4.7,8.4,16.9,True,7,4,3,1,67.4,3462.9,53.6,0,0.0,35.0,0
12,NH-27S Haflong Hill,Assam,3.0,23.3,1.4,2.8,5.7,False,3,0,3,0,49.8,888.0,34.5,0,0.0,19.0,1
6,NH-02 Imphal Lifeline,Manipur,0.5,3.8,1.2,2.5,5.0,False,5,2,3,2,25.2,986.3,22.5,0,0.0,13.0,0
6,NH-02 Imphal Lifeline,Manipur,6.7,24.6,28.2,52.4,92.9,True,5,2,3,2,63.5,1303.2,26.0,1,75.0,42.4,1
4,NH-06 Meghalaya Corridor,Meghalaya,0.4,1.2,12.7,28.5,49.6,False,4,3,1,1,41.9,1244.9,24.8,3,75.0,36.2,1
11,NH-10 Teesta River Canyon,Sikkim,0.2,1.6,0.4,0.7,1.4,False,4,4,0,5,82.5,1805.2,41.4,0,0.0,29.0,0
4,NH-06 Meghalaya Corridor,Meghalaya,0.8,2.3,5.4,8.9,21.5,False,3,1,2,3,49.2,1526.2,32.8,1,45.0,27.7,0
12,NH-27S Haflong Hill,Assam,0.3,1.5,0.2,0.4,0.9,False,3,3,0,2,53.1,883.8,33.4,0,0.0,20.9,0
7,NH-102 Moreh Border,Manipur,3.1,13.6,11.3,22.7,45.3,False,2,1,1,2,41.5,640.8,22.1,0,0.0,15.4,0
4,NH-06 Meghalaya Corridor,Meghalaya,0.2,1.0,3.1,6.2,12.5,False,1,0,1,2,71.4,1579.4,13.5,0,0.0,13.6,0
7,NH-102 Moreh Border,Manipur,17.6,162.5,16.1,26.5,41.4,True,1,1,0,0,44.5,512.3,18.7,2,45.0,53.7,0
3,NH-229 Sela Pass,Arunachal Pradesh,3.6,22.3,8.8,19.1,33.3,False,12,6,6,3,71.1,3964.0,46.5,3,45.0,47.7,1
5,SH-05 Cherrapunjee Highland,Meghalaya,5.2,26.5,0.3,0.6,1.4,False,11,5,6,2,70.5,1505.5,38.2,0,0.0,33.5,0
4,NH-06 Meghalaya Corridor,Meghalaya,32.8,85.8,74.2,154.3,224.0,True,6,2,4,1,33.9,1614.3,27.2,0,0.0,31.7,1
8,NH-29 Kohima Mountain,Nagaland,3.7,14.1,0.7,1.4,2.9,False,7,3,4,1,37.0,1403.6,32.7,0,0.0,20.9,0
12,NH-27S Haflong Hill,Assam,7.6,21.9,69.2,112.8,195.7,True,5,3,2,1,60.6,722.1,15.8,1,75.0,41.4,0
7,NH-102 Moreh Border,Manipur,2.3,11.8,5.7,13.6,32.3,False,4,1,3,1,39.8,456.6,16.5,0,0.0,13.6,0
5,SH-05 Cherrapunjee Highland,Meghalaya,9.6,35.3,0.0,0.0,0.1,False,6,2,4,3,87.6,1397.4,38.6,0,0.0,31.9,1
6,NH-02 Imphal Lifeline,Manipur,2.4,12.3,2.7,5.5,11.0,False,2,2,0,1,47.7,638.0,15.1,0,0.0,16.6,1
4,NH-06 Meghalaya Corridor,Meghalaya,24.1,107.4,4.8,9.5,17.2,True,5,5,0,1,41.7,1619.7,25.9,0,0.0,42.9,0
2,NH-13 Trans-Arunachal,Arunachal Pradesh,0.1,0.5,4.7,9.3,18.6,False,7,1,6,3,64.3,2185.1,34.9,0,0.0,18.7,0
1,NH-27 Assam Arterial,Assam,0.6,5.1,10.3,21.9,46.3,False,0,0,0,0,40.9,151.4,2.7,1,45.0,18.9,0
9,NH-54 Aizawl Ridge,Mizoram,0.1,0.4,2.1,4.1,8.2,False,3,3,0,1,74.7,1235.3,27.2,0,0.0,22.7,0
1,NH-27 Assam Arterial,Assam,11.0,77.4,5.1,10.9,26.7,False,1,0,1,0,34.0,50.0,9.1,1,45.0,33.6,1
11,NH-10 Teesta River Canyon,Sikkim,14.4,53.9,77.7,118.5,285.3,True,9,8,1,2,11.1,1893.7,42.0,3,95.0,60.6,1
6,NH-02 Imphal Lifeline,Manipur,29.4,194.3,2.8,4.1,8.5,True,1,1,0,0,7.0,987.0,16.6,0,0.0,36.4,1
11,NH-10 Teesta River Canyon,Sikkim,9.0,33.0,27.4,48.6,70.5,False,7,7,0,0,67.8,1998.8,46.2,1,75.0,58.8,1
11,NH-10 Teesta River Canyon,Sikkim,2.0,14.2,3.2,6.7,12.1,False,9,3,6,1,64.0,1542.9,51.9,1,75.0,47.2,1
10,NH-08 Tripura Central,Tripura,2.2,10.8,0.8,1.6,3.1,False,1,1,0,0,29.3,50.0,14.2,0,0.0,11.4,0
7,NH-102 Moreh Border,Manipur,7.8,60.1,9.2,16.9,38.2,True,1,1,0,2,35.3,751.7,14.6,0,0.0,22.2,0
5,SH-05 Cherrapunjee Highland,Meghalaya,9.3,46.5,8.0,12.3,23.6,False,7,3,4,0,39.3,1210.9,31.7,2,75.0,46.3,0
11,NH-10 Teesta River Canyon,Sikkim,13.6,52.3,7.7,15.8,23.0,False,5,5,0,3,100.0,1515.5,30.8,2,45.0,52.9,1
2,NH-13 Trans-Arunachal,Arunachal Pradesh,6.9,32.6,22.8,52.4,78.0,True,4,3,1,3,65.7,1891.6,32.5,4,75.0,47.6,1
9,NH-54 Aizawl Ridge,Mizoram,1.8,9.4,2.2,4.4,8.9,False,4,1,3,1,42.4,1180.3,36.6,0,0.0,17.6,0
7,NH-102 Moreh Border,Manipur,3.2,8.9,2.9,6.5,11.9,False,0,0,0,1,5.0,426.2,14.9,0,0.0,5.5,1
4,NH-06 Meghalaya Corridor,Meghalaya,3.7,14.0,7.9,12.2,18.7,True,4,2,2,3,67.6,1143.8,15.8,0,0.0,20.1,0
1,NH-27 Assam Arterial,Assam,9.7,28.6,21.6,35.6,65.1,False,1,1,0,0,59.8,94.9,6.7,2,95.0,41.8,1
11,NH-10 Teesta River Canyon,Sikkim,4.5,33.6,4.3,6.4,13.5,False,10,3,7,1,47.7,1795.5,46.6,4,45.0,40.4,0
9,NH-54 Aizawl Ridge,Mizoram,30.5,141.5,30.1,55.6,91.6,True,8,5,3,0,80.2,1230.6,26.4,2,75.0,74.4,0
10,NH-08 Tripura Central,Tripura,1.0,9.9,0.1,0.2,0.5,False,1,1,0,0,32.9,50.0,6.7,0,0.0,10.3,0
7,NH-102 Moreh Border,Manipur,8.0,45.7,12.6,25.6,47.1,True,3,2,1,1,51.7,448.9,2.0,4,75.0,40.0,1
1,NH-27 Assam Arterial,Assam,21.3,64.9,34.4,56.4,101.2,True,2,2,0,0,49.4,85.4,14.0,3,45.0,38.4,0
7,NH-102 Moreh Border,Manipur,13.0,43.3,15.0,22.9,46.4,False,1,1,0,0,54.6,501.6,3.7,2,45.0,30.9,1
9,NH-54 Aizawl Ridge,Mizoram,15.6,74.1,2.9,4.6,8.6,True,3,1,2,1,28.0,1233.8,25.8,0,0.0,26.2,1
7,NH-102 Moreh Border,Manipur,10.5,47.1,56.1,85.5,140.4,True,5,0,5,1,46.1,789.8,16.1,0,0.0,19.6,0
5,SH-05 Cherrapunjee Highland,Meghalaya,3.6,11.1,62.4,109.2,199.0,True,11,5,6,1,83.0,1305.7,37.7,0,0.0,32.2,0
12,NH-27S Haflong Hill,Assam,4.2,16.5,2.3,4.3,10.0,False,6,1,5,1,37.4,895.8,22.9,0,0.0,15.5,0
5,SH-05 Cherrapunjee Highland,Meghalaya,9.4,25.4,24.5,53.5,80.2,False,11,6,5,2,53.5,1263.8,40.2,4,45.0,44.4,0
1,NH-27 Assam Arterial,Assam,9.0,52.4,71.4,115.2,203.8,True,2,0,2,0,52.2,151.8,7.3,0,0.0,19.8,1
12,NH-27S Haflong Hill,Assam,2.5,11.2,1.7,3.4,6.8,False,5,5,0,0,26.1,1043.5,25.2,0,0.0,21.2,1
12,NH-27S Haflong Hill,Assam,0.2,1.0,6.1,12.2,24.4,False,2,2,0,0,42.0,925.0,29.5,0,0.0,16.4,0
12,NH-27S Haflong Hill,Assam,0.0,0.1,7.7,15.3,30.6,False,2,2,0,0,47.3,745.3,36.1,0,0.0,18.3,0
3,NH-229 Sela Pass,Arunachal Pradesh,12.0,60.9,4.2,7.2,10.4,False,7,3,4,1,81.9,3921.5,38.9,4,45.0,49.5,1
10,NH-08 Tripura Central,Tripura,4.6,39.9,6.0,12.5,28.4,False,1,1,0,0,33.3,50.0,2.0,1,75.0,34.1,1
3,NH-229 Sela Pass,Arunachal Pradesh,0.9,5.5,3.8,7.6,15.3,False,5,4,1,0,95.5,3979.7,38.4,3,45.0,42.4,0
11,NH-10 Teesta River Canyon,Sikkim,1.3,5.8,1.3,2.6,5.2,False,5,5,0,1,53.5,1503.6,40.5,0,0.0,27.3,0
12,NH-27S Haflong Hill,Assam,4.7,20.5,0.5,1.1,2.1,False,7,3,4,2,30.6,589.4,16.3,4,45.0,29.2,0
11,NH-10 Teesta River Canyon,Sikkim,19.8,50.0,27.1,45.5,72.5,False,6,4,2,0,83.9,1905.9,41.8,3,45.0,50.2,0
7,NH-102 Moreh Border,Manipur,2.8,11.6,11.4,17.3,37.7,False,2,2,0,1,60.4,448.7,16.8,0,0.0,18.7,0
1,NH-27 Assam Arterial,Assam,0.3,2.0,3.1,6.2,12.4,False,0,0,0,1,37.4,62.4,2.0,0,0.0,6.4,0
4,NH-06 Meghalaya Corridor,Meghalaya,13.3,102.1,3.2,5.5,12.4,True,6,4,2,0,50.5,1546.2,23.9,1,95.0,64.5,0
6,NH-02 Imphal Lifeline,Manipur,1.9,8.1,26.1,43.2,62.8,False,0,0,0,1,52.2,753.2,26.4,0,0.0,14.7,0
11,NH-10 Teesta River Canyon,Sikkim,4.2,16.8,7.7,13.4,28.2,False,4,2,2,3,80.5,1982.7,49.7,4,75.0,48.1,1
12,NH-27S Haflong Hill,Assam,25.4,67.5,3.6,5.4,9.4,False,5,4,1,0,70.0,1051.4,19.9,0,0.0,36.0,0
4,NH-06 Meghalaya Corridor,Meghalaya,3.7,15.1,1.8,3.5,7.0,False,8,5,3,0,56.8,1690.0,31.2,0,0.0,27.8,0
5,SH-05 Cherrapunjee Highland,Meghalaya,1.5,12.8,10.4,24.0,35.3,False,5,5,0,1,46.2,1418.8,38.8,1,45.0,38.5,1
11,NH-10 Teesta River Canyon,Sikkim,25.2,153.6,19.8,33.1,76.1,True,8,5,3,2,39.6,1641.5,42.9,3,95.0,78.3,1
12,NH-27S Haflong Hill,Assam,16.5,76.6,0.1,0.2,0.3,True,3,2,1,1,39.8,692.5,25.7,0,0.0,30.4,0
7,NH-102 Moreh Border,Manipur,1.4,6.7,108.3,163.9,266.9,True,7,1,6,3,73.6,860.2,23.9,2,45.0,30.4,1
9,NH-54 Aizawl Ridge,Mizoram,10.5,44.2,37.3,82.3,168.0,True,2,2,0,0,55.1,993.5,31.4,3,45.0,38.6,0
6,NH-02 Imphal Lifeline,Manipur,0.4,3.7,34.3,63.5,102.1,True,0,0,0,0,51.3,1266.2,7.9,0,0.0,10.0,0
4,NH-06 Meghalaya Corridor,Meghalaya,17.8,54.9,25.8,44.6,68.8,False,0,0,0,1,26.8,1637.3,20.2,2,75.0,37.8,1
2,NH-13 Trans-Arunachal,Arunachal Pradesh,4.0,31.3,0.7,1.4,2.8,False,6,6,0,3,84.1,2021.3,26.2,0,0.0,36.1,0
2,NH-13 Trans-Arunachal,Arunachal Pradesh,0.8,4.9,1.5,3.0,6.1,False,2,2,0,1,75.9,1547.0,39.9,0,0.0,24.4,0
7,NH-102 Moreh Border,Manipur,3.1,11.0,5.2,10.5,20.9,False,2,1,1,3,51.5,641.1,20.1,0,0.0,15.9,0
3,NH-229 Sela Pass,Arunachal Pradesh,4.8,20.4,26.2,40.1,70.2,False,6,6,0,5,30.9,3715.2,44.1,0,0.0,29.5,0
12,NH-27S Haflong Hill,Assam,7.4,23.3,11.4,24.0,43.5,False,2,2,0,4,71.4,697.5,28.3,2,45.0,36.3,0
3,NH-229 Sela Pass,Arunachal Pradesh,24.5,94.8,8.1,17.9,25.7,True,7,5,2,5,52.3,3848.3,42.9,3,75.0,64.1,1
10,NH-08 Tripura Central,Tripura,0.4,3.1,0.4,0.8,1.6,False,2,2,0,0,40.1,100.2,7.1,0,0.0,12.1,1
1,NH-27 Assam Arterial,Assam,16.2,77.6,21.4,37.9,60.3,True,2,1,1,0,52.1,441.7,2.0,0,0.0,25.7,0
3,NH-229 Sela Pass,Arunachal Pradesh,25.6,72.8,1.1,1.8,4.1,False,12,7,5,3,64.1,3487.7,53.7,3,45.0,59.4,1
7,NH-102 Moreh Border,Manipur,0.7,4.2,1.0,2.0,4.0,False,2,1,1,0,32.7,706.4,16.0,0,0.0,11.0,0
6,NH-02 Imphal Lifeline,Manipur,11.6,56.3,7.8,19.0,29.1,False,5,2,3,1,46.0,834.1,20.4,1,75.0,45.0,1
11,NH-10 Teesta River Canyon,Sikkim,26.2,158.9,2.3,5.0,9.0,True,7,4,3,3,64.8,1685.1,51.4,2,45.0,69.0,0
6,NH-02 Imphal Lifeline,Manipur,0.5,1.6,2.0,4.0,8.0,False,2,2,0,0,64.3,786.0,22.6,0,0.0,18.5,0
12,NH-27S Haflong Hill,Assam,1.0,7.0,0.6,1.3,2.6,False,4,4,0,2,59.0,984.8,24.9,0,0.0,23.2,1
1,NH-27 Assam Arterial,Assam,7.9,22.9,1.2,2.7,5.7,True,0,0,0,1,40.2,231.5,7.4,2,45.0,23.3,1
8,NH-29 Kohima Mountain,Nagaland,6.4,25.1,15.4,23.1,45.4,False,4,0,4,3,52.8,1534.1,27.4,0,0.0,18.4,1
9,NH-54 Aizawl Ridge,Mizoram,3.8,31.1,1.2,2.4,4.9,False,0,0,0,2,57.1,1282.5,36.1,0,0.0,22.0,0
6,NH-02 Imphal Lifeline,Manipur,1.7,11.3,1.9,3.7,7.4,False,5,3,2,0,18.2,1090.9,19.7,0,0.0,14.9,0
10,NH-08 Tripura Central,Tripura,3.2,12.8,1.6,3.2,6.3,False,2,1,1,2,45.8,95.3,11.3,2,75.0,32.4,1
5,SH-05 Cherrapunjee Highland,Meghalaya,2.2,7.6,2.1,4.3,8.5,False,5,4,1,4,49.1,1410.5,35.8,0,0.0,24.0,1
7,NH-102 Moreh Border,Manipur,19.8,55.7,25.6,43.9,70.5,False,2,2,0,0,50.5,604.3,12.3,0,0.0,25.2,0
2,NH-13 Trans-Arunachal,Arunachal Pradesh,1.6,10.3,9.7,21.3,46.3,True,2,2,0,1,55.3,1806.4,34.7,0,0.0,21.3,0
6,NH-02 Imphal Lifeline,Manipur,2.1,13.7,5.6,11.3,22.6,False,3,3,0,4,25.4,1049.0,19.3,0,0.0,16.4,0
12,NH-27S Haflong Hill,Assam,0.6,2.4,3.6,7.3,14.6,False,4,4,0,0,53.2,823.2,34.6,0,0.0,23.4,0
12,NH-27S Haflong Hill,Assam,6.9,41.0,2.9,4.4,10.0,False,6,4,2,2,55.0,686.8,32.0,0,0.0,30.8,1
6,NH-02 Imphal Lifeline,Manipur,0.6,4.5,11.2,22.4,44.8,False,8,4,4,1,46.9,921.3,31.1,0,0.0,22.2,0
1,NH-27 Assam Arterial,Assam,1.9,12.1,11.7,23.4,46.8,False,2,2,0,0,86.5,50.0,11.7,0,0.0,21.7,0
10,NH-08 Tripura Central,Tripura,6.8,42.9,8.7,21.5,50.9,False,0,0,0,0,32.3,50.0,18.8,1,45.0,28.4,0
3,NH-229 Sela Pass,Arunachal Pradesh,0.4,1.8,2.3,4.7,9.4,False,12,6,6,1,66.8,3508.9,32.2,0,0.0,28.8,0
6,NH-02 Imphal Lifeline,Manipur,0.2,0.6,4.7,9.3,18.7,False,1,1,0,1,36.5,876.2,23.5,4,45.0,23.6,1
12,NH-27S Haflong Hill,Assam,2.3,9.2,0.4,0.8,1.6,False,3,3,0,2,67.5,798.9,30.2,0,0.0,24.0,0
3,NH-229 Sela Pass,Arunachal Pradesh,1.2,5.7,3.1,6.2,12.3,False,7,6,1,2,66.2,4019.3,30.6,0,0.0,29.2,0
4,NH-06 Meghalaya Corridor,Meghalaya,4.8,32.4,13.3,26.5,46.3,False,3,3,0,1,65.5,1349.2,24.2,0,0.0,27.1,0
2,NH-13 Trans-Arunachal,Arunachal Pradesh,2.7,12.4,0.9,1.7,3.4,False,2,2,0,1,62.0,1940.3,29.6,0,0.0,21.7,0
8,NH-29 Kohima Mountain,Nagaland,0.0,0.1,0.1,0.3,0.5,False,6,6,0,2,36.8,1580.5,41.0,4,95.0,49.5,1
8,NH-29 Kohima Mountain,Nagaland,1.1,5.3,57.3,133.9,237.2,True,9,3,6,2,28.9,1499.7,32.5,0,0.0,17.9,1
12,NH-27S Haflong Hill,Assam,0.7,4.4,4.8,9.6,19.2,False,2,2,0,2,60.8,837.2,15.0,0,0.0,17.0,0
6,NH-02 Imphal Lifeline,Manipur,0.0,0.1,47.3,96.8,191.1,True,6,3,3,1,54.0,1088.2,25.5,1,45.0,30.5,1
10,NH-08 Tripura Central,Tripura,7.8,24.4,64.1,131.5,205.1,True,2,0,2,1,52.7,50.0,6.8,0,0.0,14.1,1
2,NH-13 Trans-Arunachal,Arunachal Pradesh,2.6,7.6,36.7,62.0,137.3,True,1,1,0,1,65.8,1718.5,31.2,4,75.0,38.4,1
3,NH-229 Sela Pass,Arunachal Pradesh,2.6,11.7,23.6,47.1,113.4,True,10,6,4,1,72.7,3873.5,47.5,0,0.0,34.7,0
7,NH-102 Moreh Border,Manipur,21.2,91.7,4.6,7.7,12.1,True,1,1,0,1,54.4,463.8,21.2,0,0.0,32.7,1
9,NH-54 Aizawl Ridge,Mizoram,29.8,79.9,10.5,19.4,33.1,False,6,6,0,2,53.4,1294.4,30.1,1,45.0,53.3,0
12,NH-27S Haflong Hill,Assam,3.7,30.6,2.5,5.1,10.1,False,2,1,1,0,68.8,959.0,29.7,0,0.0,24.4,1
7,NH-102 Moreh Border,Manipur,20.3,63.5,1.2,2.9,5.8,False,1,1,0,0,43.6,571.8,10.1,1,75.0,42.0,0
3,NH-229 Sela Pass,Arunachal Pradesh,2.0,6.2,1.6,3.1,5.8,False,7,5,2,2,78.7,3904.4,47.3,4,95.0,56.3,1
2,NH-13 Trans-Arunachal,Arunachal Pradesh,4.9,18.4,17.3,35.1,79.2,False,8,1,7,4,59.5,1945.3,41.7,0,0.0,22.9,0
5,SH-05 Cherrapunjee Highland,Meghalaya,20.9,54.0,29.2,41.8,73.6,True,4,2,2,3,49.5,1332.2,41.4,0,0.0,30.5,1
1,NH-27 Assam Arterial,Assam,3.3,25.7,1.7,3.5,5.3,False,1,1,0,0,50.0,219.7,14.4,2,45.0,28.8,0
8,NH-29 Kohima Mountain,Nagaland,8.0,32.9,26.4,62.2,122.3,True,6,4,2,1,96.4,1300.3,33.4,0,0.0,35.7,1
8,NH-29 Kohima Mountain,Nagaland,1.5,8.7,0.2,0.3,0.6,False,6,2,4,3,55.5,1691.9,26.6,0,0.0,19.4,0
10,NH-08 Tripura Central,Tripura,99.0,334.3,5.6,11.1,16.5,True,1,1,0,0,23.8,165.8,12.9,2,45.0,49.4,1
1,NH-27 Assam Arterial,Assam,3.7,10.4,11.1,22.9,35.5,False,0,0,0,0,15.1,50.0,8.9,0,0.0,6.1,1
5,SH-05 Cherrapunjee Highland,Meghalaya,44.9,156.5,25.1,41.2,63.4,True,5,2,3,3,37.0,1101.1,32.3,0,0.0,46.0,1
11,NH-10 Teesta River Canyon,Sikkim,1.5,11.0,0.6,1.2,2.3,False,11,4,7,0,72.3,1741.0,40.9,0,0.0,29.2,1
4,NH-06 Meghalaya Corridor,Meghalaya,0.3,1.8,31.6,63.7,141.2,True,4,1,3,2,65.3,1199.7,25.5,1,75.0,36.0,0
1,NH-27 Assam Arterial,Assam,0.3,2.2,15.3,33.1,62.3,False,0,0,0,0,43.2,50.0,8.6,4,75.0,27.4,1
1,NH-27 Assam Arterial,Assam,1.0,3.9,3.9,7.8,15.7,False,1,1,0,1,49.9,134.5,5.4,0,0.0,11.4,0
11,NH-10 Teesta River Canyon,Sikkim,0.4,2.1,1.1,2.2,4.4,False,5,5,0,1,77.8,1483.3,42.7,0,0.0,30.6,0
6,NH-02 Imphal Lifeline,Manipur,0.4,1.3,4.8,9.7,17.3,False,3,3,0,0,73.6,785.0,18.5,0,0.0,21.0,0
1,NH-27 Assam Arterial,Assam,4.1,28.3,7.0,14.0,27.9,False,1,0,1,0,46.2,83.1,20.1,0,0.0,16.6,0
11,NH-10 Teesta River Canyon,Sikkim,2.2,7.3,3.7,7.4,14.7,False,12,5,7,0,75.5,1870.0,53.5,0,0.0,32.8,0
6,NH-02 Imphal Lifeline,Manipur,0.0,0.0,1.0,2.0,3.9,False,1,1,0,2,65.5,1102.2,19.8,0,0.0,15.8,0
12,NH-27S Haflong Hill,Assam,32.9,107.9,20.5,30.1,72.6,True,6,3,3,2,28.5,814.0,26.3,0,0.0,37.1,0
6,NH-02 Imphal Lifeline,Manipur,1.9,7.6,4.9,9.8,19.6,False,3,2,1,0,38.9,1043.5,15.4,0,0.0,14.4,0
12,NH-27S Haflong Hill,Assam,4.9,44.1,35.5,61.4,113.7,True,4,3,1,1,31.6,796.9,28.5,4,95.0,49.0,0
9,NH-54 Aizawl Ridge,Mizoram,0.5,2.5,1.8,3.6,7.3,False,4,1,3,1,34.5,1332.5,29.6,0,0.0,13.6,0
11,NH-10 Teesta River Canyon,Sikkim,1.4,10.9,2.4,4.9,9.8,False,9,8,1,2,25.3,1729.1,52.5,3,45.0,43.2,0
4,NH-06 Meghalaya Corridor,Meghalaya,1.4,8.3,11.4,22.9,45.7,False,2,2,0,0,42.7,1387.1,17.4,0,0.0,15.5,0
11,NH-10 Teesta River Canyon,Sikkim,47.5,138.6,4.4,6.4,11.7,True,6,6,0,3,54.9,1565.0,38.0,4,95.0,79.3,1
7,NH-102 Moreh Border,Manipur,1.1,4.3,3.9,7.9,15.7,False,3,2,1,0,24.1,694.5,24.6,0,0.0,13.4,1
11,NH-10 Teesta River Canyon,Sikkim,3.7,14.4,1.0,2.1,4.2,False,5,5,0,2,57.5,1571.3,42.2,0,0.0,29.9,1
9,NH-54 Aizawl Ridge,Mizoram,0.5,1.9,2.0,3.9,7.8,False,4,4,0,1,42.7,1358.6,22.3,4,45.0,30.5,0
10,NH-08 Tripura Central,Tripura,0.5,3.2,0.4,1.0,2.0,False,4,0,4,0,80.6,50.0,11.1,0,0.0,14.9,0
12,NH-27S Haflong Hill,Assam,19.4,185.8,13.3,30.4,43.5,True,1,1,0,2,42.8,789.9,26.7,0,0.0,43.8,1
9,NH-54 Aizawl Ridge,Mizoram,24.1,83.4,27.0,50.7,74.9,True,2,2,0,2,61.4,1340.6,25.5,3,95.0,58.7,1
1,NH-27 Assam Arterial,Assam,0.9,6.1,43.8,106.4,168.6,True,0,0,0,0,48.0,50.0,5.5,0,0.0,9.5,0
9,NH-54 Aizawl Ridge,Mizoram,11.0,34.6,1.3,2.0,4.3,False,4,4,0,0,56.3,1331.7,36.2,0,0.0,30.6,1
8,NH-29 Kohima Mountain,Nagaland,36.6,121.3,10.1,14.8,30.0,True,7,3,4,3,58.5,1509.3,36.6,2,75.0,65.1,1
12,NH-27S Haflong Hill,Assam,2.8,23.6,12.1,23.4,49.9,False,3,3,0,0,62.4,697.9,25.5,0,0.0,25.2,0
10,NH-08 Tripura Central,Tripura,2.1,5.5,28.4,48.2,95.1,True,4,3,1,0,44.9,50.0,9.9,0,0.0,15.8,0
11,NH-10 Teesta River Canyon,Sikkim,1.7,15.3,6.5,13.0,25.9,False,6,6,0,2,46.1,1340.2,51.6,1,75.0,50.7,1
3,NH-229 Sela Pass,Arunachal Pradesh,1.6,4.7,4.5,8.8,17.7,False,10,4,6,3,45.9,4009.5,43.9,1,75.0,43.4,0
12,NH-27S Haflong Hill,Assam,0.1,0.4,4.7,9.5,18.9,True,5,2,3,2,36.8,683.7,22.9,0,0.0,14.2,1
3,NH-229 Sela Pass,Arunachal Pradesh,0.9,4.7,1.7,3.3,6.6,False,7,5,2,2,56.9,3642.7,48.3,2,45.0,40.4,0
3,NH-229 Sela Pass,Arunachal Pradesh,1.4,6.0,0.9,1.9,3.8,False,16,8,8,2,88.6,3590.6,39.4,0,0.0,38.4,0
11,NH-10 Teesta River Canyon,Sikkim,4.6,27.5,2.4,3.5,6.0,False,5,5,0,3,56.1,1611.0,37.0,3,45.0,42.5,1
12,NH-27S Haflong Hill,Assam,1.4,9.6,2.3,4.6,9.1,False,6,4,2,0,52.6,853.6,27.2,3,45.0,34.5,0
5,SH-05 Cherrapunjee Highland,Meghalaya,2.0,12.4,1.1,2.1,4.2,False,6,4,2,3,68.0,1256.1,37.5,0,0.0,28.2,0
5,SH-05 Cherrapunjee Highland,Meghalaya,23.4,163.1,21.1,31.9,69.6,True,7,3,4,2,47.8,1292.7,44.1,4,95.0,75.8,1
11,NH-10 Teesta River Canyon,Sikkim,49.1,141.5,6.2,9.6,15.5,True,7,7,0,2,51.6,1866.8,48.8,0,0.0,59.8,1
8,NH-29 Kohima Mountain,Nagaland,3.7,16.5,20.4,31.7,65.3,True,5,0,5,1,42.9,1660.3,32.8,0,0.0,16.3,1
5,SH-05 Cherrapunjee Highland,Meghalaya,0.9,3.6,37.8,74.7,132.7,True,13,7,6,1,29.2,1176.6,42.1,4,45.0,38.8,0
10,NH-08 Tripura Central,Tripura,0.4,1.6,0.2,0.5,1.0,False,1,1,0,0,43.0,168.4,10.5,0,0.0,10.9,0
2,NH-13 Trans-Arunachal,Arunachal Pradesh,7.9,39.2,0.2,0.3,0.8,False,7,0,7,3,70.1,2066.6,40.1,3,95.0,50.1,1
11,NH-10 Teesta River Canyon,Sikkim,31.1,134.0,10.1,14.9,36.6,True,11,7,4,2,90.0,1683.7,42.4,1,75.0,81.5,0
7,NH-102 Moreh Border,Manipur,6.0,51.9,3.2,5.6,14.0,True,3,1,2,0,92.0,274.1,14.4,0,0.0,29.1,0
4,NH-06 Meghalaya Corridor,Meghalaya,19.2,54.0,38.6,73.6,114.7,True,2,2,0,0,23.5,1487.0,13.8,1,45.0,32.3,0
3,NH-229 Sela Pass,Arunachal Pradesh,0.4,2.4,1.9,3.8,7.7,False,5,1,4,3,51.2,4054.5,46.5,0,0.0,19.5,0
7,NH-102 Moreh Border,Manipur,3.2,22.3,4.1,8.2,16.5,False,4,2,2,2,81.6,684.3,16.1,0,0.0,23.9,0
5,SH-05 Cherrapunjee Highland,Meghalaya,0.6,4.8,1.8,3.6,7.1,False,8,3,5,1,40.7,1212.2,42.2,0,0.0,21.5,0
9,NH-54 Aizawl Ridge,Mizoram,10.9,27.5,2.7,5.0,9.8,False,7,3,4,2,35.1,1034.7,31.3,0,0.0,23.0,0
1,NH-27 Assam Arterial,Assam,0.1,0.3,9.6,14.5,24.1,False,0,0,0,2,38.9,50.0,2.9,2,75.0,25.2,1
7,NH-102 Moreh Border,Manipur,10.8,36.7,10.2,25.3,55.6,False,1,1,0,1,35.6,900.5,9.6,3,95.0,40.4,0
7,NH-102 Moreh Border,Manipur,0.0,0.1,3.4,6.8,13.5,False,3,1,2,0,35.9,408.5,17.2,0,0.0,10.8,1
6,NH-02 Imphal Lifeline,Manipur,3.6,12.9,0.4,0.8,1.6,False,3,1,2,0,49.9,1013.7,25.1,0,0.0,17.1,0
3,NH-229 Sela Pass,Arunachal Pradesh,3.5,16.7,0.5,1.1,2.2,False,8,5,3,0,66.2,3805.9,42.3,0,0.0,31.7,1
2,NH-13 Trans-Arunachal,Arunachal Pradesh,0.6,5.8,1.7,3.3,6.6,False,5,1,4,1,65.4,1807.1,39.5,2,75.0,39.6,0
9,NH-54 Aizawl Ridge,Mizoram,0.0,0.2,8.5,17.0,34.1,False,4,2,2,1,60.7,1273.8,30.5,3,95.0,43.0,0
2,NH-13 Trans-Arunachal,Arunachal Pradesh,0.3,3.0,0.4,0.8,1.7,False,4,2,2,2,20.1,1911.1,42.1,3,95.0,39.8,0
4,NH-06 Meghalaya Corridor,Meghalaya,16.8,164.2,81.9,140.8,212.9,True,3,2,1,0,77.5,1673.6,26.1,2,95.0,74.6,1
12,NH-27S Haflong Hill,Assam,15.8,39.9,24.0,35.5,60.7,False,3,3,0,2,64.0,713.1,23.8,3,75.0,47.1,0
8,NH-29 Kohima Mountain,Nagaland,1.3,7.1,12.2,23.4,34.1,True,4,4,0,1,53.2,1316.5,33.5,0,0.0,24.1,1
6,NH-02 Imphal Lifeline,Manipur,10.7,55.3,27.0,39.6,78.2,True,5,2,3,2,75.6,1039.1,31.6,3,75.0,51.5,1
2,NH-13 Trans-Arunachal,Arunachal Pradesh,25.7,134.1,0.6,1.0,2.2,True,6,2,4,3,67.5,1816.9,22.1,0,0.0,45.4,0
4,NH-06 Meghalaya Corridor,Meghalaya,9.1,30.8,9.4,19.4,35.4,False,3,2,1,2,58.5,1402.9,13.3,1,45.0,32.8,0
11,NH-10 Teesta River Canyon,Sikkim,0.2,1.0,2.7,5.4,10.7,False,10,2,8,3,99.0,1676.9,44.8,0,0.0,28.0,0
2,NH-13 Trans-Arunachal,Arunachal Pradesh,0.1,1.2,0.6,1.2,2.5,False,5,3,2,0,58.6,1747.6,36.0,2,45.0,33.5,0
2,NH-13 Trans-Arunachal,Arunachal Pradesh,2.0,7.6,4.0,8.1,16.1,False,11,3,8,1,43.1,1974.9,32.7,0,0.0,20.5,0
6,NH-02 Imphal Lifeline,Manipur,0.6,3.0,0.7,1.4,2.8,False,3,2,1,2,47.7,1128.2,13.9,0,0.0,14.6,1
2,NH-13 Trans-Arunachal,Arunachal Pradesh,0.2,1.3,1.6,3.1,6.2,False,3,3,0,0,64.3,1713.3,30.6,0,0.0,22.0,0
12,NH-27S Haflong Hill,Assam,2.3,18.5,1.3,2.2,3.6,False,2,2,0,0,43.5,711.6,29.9,0,0.0,20.2,1
10,NH-08 Tripura Central,Tripura,5.5,35.4,28.3,46.2,83.9,False,1,1,0,1,26.8,204.8,11.7,0,0.0,15.5,0
8,NH-29 Kohima Mountain,Nagaland,107.6,283.0,14.7,25.8,46.2,True,7,2,5,1,44.4,1478.0,23.8,4,45.0,56.7,1
1,NH-27 Assam Arterial,Assam,0.6,4.2,20.5,30.9,69.5,False,3,0,3,1,40.3,50.0,9.4,0,0.0,8.8,0
8,NH-29 Kohima Mountain,Nagaland,2.0,8.5,3.0,6.0,12.0,False,5,3,2,1,60.4,1395.7,45.1,0,0.0,25.8,0
12,NH-27S Haflong Hill,Assam,5.7,23.1,5.7,11.8,28.9,False,5,2,3,1,88.0,1056.9,30.3,3,95.0,51.6,1
1,NH-27 Assam Arterial,Assam,1.1,4.0,4.5,9.1,18.1,False,2,1,1,0,11.2,217.1,12.7,4,75.0,25.8,0
9,NH-54 Aizawl Ridge,Mizoram,14.6,41.4,3.6,8.9,20.8,False,4,3,1,2,49.5,1408.5,28.3,0,0.0,27.4,0
12,NH-27S Haflong Hill,Assam,1.9,7.4,8.6,17.2,34.3,False,5,5,0,1,71.7,867.4,22.3,0,0.0,26.7,1
6,NH-02 Imphal Lifeline,Manipur,15.5,83.0,12.5,24.6,48.0,True,5,0,5,2,53.0,993.7,28.5,4,75.0,49.0,1
11,NH-10 Teesta River Canyon,Sikkim,0.2,1.2,0.9,1.9,3.8,False,8,7,1,1,66.0,1337.6,44.8,0,0.0,33.1,0
4,NH-06 Meghalaya Corridor,Meghalaya,14.7,54.9,2.4,4.5,9.2,False,6,0,6,1,73.5,1357.6,17.0,3,75.0,44.2,1
2,NH-13 Trans-Arunachal,Arunachal Pradesh,8.0,25.9,48.3,100.8,159.2,True,2,2,0,2,40.7,1982.0,39.2,0,0.0,23.1,1
7,NH-102 Moreh Border,Manipur,0.5,1.4,24.3,54.0,103.8,True,2,2,0,2,5.0,796.9,9.9,1,75.0,25.8,0
9,NH-54 Aizawl Ridge,Mizoram,1.5,9.2,1.1,2.3,4.6,False,1,1,0,1,48.9,1229.6,24.9,3,95.0,39.9,1
4,NH-06 Meghalaya Corridor,Meghalaya,3.2,22.9,43.7,71.4,168.8,True,3,3,0,0,33.5,1626.1,25.9,3,75.0,39.5,1
1,NH-27 Assam Arterial,Assam,4.1,32.8,60.2,116.2,171.1,True,4,1,3,0,40.8,71.2,8.8,0,0.0,16.4,0
6,NH-02 Imphal Lifeline,Manipur,0.5,1.6,1.0,2.0,4.0,False,1,1,0,0,32.9,843.4,19.3,0,0.0,11.1,0
11,NH-10 Teesta River Canyon,Sikkim,1.3,6.6,5.2,10.3,20.7,False,9,7,2,4,83.0,1608.4,46.5,0,0.0,37.1,0
12,NH-27S Haflong Hill,Assam,2.0,10.2,0.7,1.3,2.6,False,3,3,0,1,60.2,879.9,31.0,0,0.0,23.3,1
9,NH-54 Aizawl Ridge,Mizoram,4.5,18.4,9.4,14.4,25.0,False,2,2,0,1,46.6,1273.3,34.5,4,75.0,40.3,0
12,NH-27S Haflong Hill,Assam,6.7,22.4,16.9,24.9,36.6,True,8,5,3,0,77.5,1097.1,29.4,0,0.0,32.0,0
5,SH-05 Cherrapunjee Highland,Meghalaya,0.9,3.4,8.4,16.7,33.5,False,7,7,0,3,44.9,1286.4,43.8,1,45.0,41.4,1
3,NH-229 Sela Pass,Arunachal Pradesh,7.8,29.5,14.7,21.9,46.4,False,12,5,7,3,39.8,3967.0,45.8,1,95.0,54.8,0
1,NH-27 Assam Arterial,Assam,3.8,21.4,51.0,86.6,160.3,True,2,0,2,0,63.8,50.0,2.0,3,75.0,33.0,1
1,NH-27 Assam Arterial,Assam,0.3,1.7,2.2,4.4,8.8,False,3,0,3,1,49.7,101.2,15.5,0,0.0,10.9,0
3,NH-229 Sela Pass,Arunachal Pradesh,3.3,13.2,40.0,79.2,127.5,True,2,2,0,0,43.4,3767.7,39.8,3,75.0,39.9,1
2,NH-13 Trans-Arunachal,Arunachal Pradesh,1.3,7.5,8.5,17.1,34.2,False,7,6,1,0,89.0,1686.8,35.8,3,45.0,45.3,0
5,SH-05 Cherrapunjee Highland,Meghalaya,9.1,73.7,4.4,8.9,13.3,False,1,1,0,0,94.0,1262.2,37.7,4,75.0,57.1,1
7,NH-102 Moreh Border,Manipur,0.4,2.1,14.5,21.2,46.9,False,2,1,1,0,51.0,882.0,20.1,2,95.0,37.9,1
8,NH-29 Kohima Mountain,Nagaland,7.4,23.6,12.7,25.9,48.7,False,4,4,0,2,46.3,1648.3,37.6,0,0.0,27.2,0
12,NH-27S Haflong Hill,Assam,0.2,0.9,1.0,1.9,3.9,False,2,2,0,2,19.4,779.7,38.8,0,0.0,14.8,1
7,NH-102 Moreh Border,Manipur,4.5,16.6,5.4,10.8,22.3,False,1,1,0,0,45.3,686.3,29.3,4,45.0,29.2,0
7,NH-102 Moreh Border,Manipur,3.3,24.8,0.5,1.0,2.1,False,1,1,0,1,51.1,306.9,25.8,0,0.0,19.8,1
6,NH-02 Imphal Lifeline,Manipur,16.1,45.0,11.8,25.8,58.5,False,4,2,2,0,39.6,1122.6,18.7,4,95.0,46.4,1
1,NH-27 Assam Arterial,Assam,2.0,11.0,15.0,30.3,52.5,True,1,0,1,1,23.6,441.7,3.7,0,0.0,6.5,0
5,SH-05 Cherrapunjee Highland,Meghalaya,1.7,5.8,3.2,6.4,12.8,False,6,4,2,7,61.3,1081.0,39.1,0,0.0,26.2,0
7,NH-102 Moreh Border,Manipur,3.0,8.5,95.5,170.1,319.5,True,3,1,2,0,60.5,556.5,17.1,2,45.0,27.4,1
11,NH-10 Teesta River Canyon,Sikkim,26.1,89.3,26.2,39.6,88.3,True,9,8,1,1,72.5,1746.2,56.0,0,0.0,54.7,1
2,NH-13 Trans-Arunachal,Arunachal Pradesh,0.5,3.0,1.1,2.1,4.2,False,5,5,0,1,54.4,1972.5,25.5,0,0.0,23.9,0
5,SH-05 Cherrapunjee Highland,Meghalaya,5.1,22.7,16.0,27.0,53.4,True,11,3,8,2,66.3,1422.3,35.7,4,75.0,46.4,1
7,NH-102 Moreh Border,Manipur,27.9,80.0,22.2,39.2,59.0,True,0,0,0,1,82.2,219.1,15.4,3,75.0,50.2,1
7,NH-102 Moreh Border,Manipur,2.6,6.7,32.4,79.1,120.4,True,1,1,0,0,27.3,924.8,16.6,0,0.0,10.8,0
8,NH-29 Kohima Mountain,Nagaland,1.2,6.1,0.3,0.6,1.2,False,9,1,8,0,71.1,1366.7,30.7,0,0.0,20.0,0
4,NH-06 Meghalaya Corridor,Meghalaya,15.0,61.2,13.2,24.8,41.7,False,0,0,0,0,33.2,1151.3,20.1,2,45.0,32.5,1
4,NH-06 Meghalaya Corridor,Meghalaya,0.1,0.9,5.3,10.6,21.2,False,4,1,3,2,32.2,1283.9,21.1,0,0.0,11.2,0
12,NH-27S Haflong Hill,Assam,2.8,13.8,1.5,3.0,6.0,False,2,2,0,2,32.3,859.2,28.1,0,0.0,17.2,0
2,NH-13 Trans-Arunachal,Arunachal Pradesh,0.7,6.2,0.6,1.3,2.6,False,1,1,0,2,62.9,1594.0,33.5,0,0.0,19.4,0
10,NH-08 Tripura Central,Tripura,8.1,31.7,8.8,19.3,32.5,True,5,0,5,0,5.0,130.0,13.6,0,0.0,9.8,1
12,NH-27S Haflong Hill,Assam,0.8,4.5,7.3,14.6,29.2,False,2,2,0,1,38.0,1016.6,26.4,4,45.0,27.1,1
9,NH-54 Aizawl Ridge,Mizoram,5.8,23.9,8.8,18.2,28.8,False,3,3,0,0,59.5,1194.5,24.9,1,45.0,35.9,1
2,NH-13 Trans-Arunachal,Arunachal Pradesh,11.3,35.4,44.7,106.3,154.1,True,3,3,0,1,46.1,1816.0,32.6,4,75.0,45.3,1
8,NH-29 Kohima Mountain,Nagaland,4.2,21.9,13.1,21.8,33.0,False,4,2,2,2,66.5,1526.0,32.6,0,0.0,24.9,0
12,NH-27S Haflong Hill,Assam,2.0,16.5,12.5,28.6,53.5,False,5,2,3,1,95.1,1071.7,39.0,0,0.0,29.4,0
10,NH-08 Tripura Central,Tripura,1.1,8.5,2.6,5.1,10.2,False,1,1,0,0,27.6,50.0,2.8,2,75.0,27.2,0
3,NH-229 Sela Pass,Arunachal Pradesh,0.6,3.2,44.2,81.8,158.5,True,6,6,0,2,54.1,3988.2,39.4,3,45.0,39.9,1
7,NH-102 Moreh Border,Manipur,0.0,0.2,4.1,8.3,16.6,False,2,2,0,0,65.4,949.9,14.9,0,0.0,16.8,0
9,NH-54 Aizawl Ridge,Mizoram,0.3,1.1,4.8,9.6,19.3,False,4,3,1,0,29.8,1209.0,26.7,0,0.0,16.0,0
1,NH-27 Assam Arterial,Assam,7.7,19.5,21.2,31.6,62.2,False,3,1,2,0,38.3,50.0,5.5,0,0.0,12.8,0
12,NH-27S Haflong Hill,Assam,21.6,54.8,10.8,22.7,44.6,False,6,3,3,1,42.6,517.4,19.6,4,45.0,38.5,1
2,NH-13 Trans-Arunachal,Arunachal Pradesh,13.2,38.9,18.3,41.9,79.3,False,5,2,3,1,49.2,1816.6,27.4,0,0.0,24.6,0
8,NH-29 Kohima Mountain,Nagaland,0.5,3.1,0.2,0.4,0.7,False,4,2,2,1,37.7,1596.1,25.0,0,0.0,15.3,1
10,NH-08 Tripura Central,Tripura,5.0,22.8,2.8,4.1,8.9,False,3,2,1,0,15.5,50.0,9.7,1,45.0,24.1,1
4,NH-06 Meghalaya Corridor,Meghalaya,10.0,75.3,7.5,12.9,20.8,False,1,1,0,1,21.0,1239.9,13.1,0,0.0,22.8,0
10,NH-08 Tripura Central,Tripura,15.0,55.1,23.0,33.9,53.5,False,2,0,2,0,53.7,140.2,14.6,0,0.0,22.0,0
2,NH-13 Trans-Arunachal,Arunachal Pradesh,0.9,6.9,1.3,2.5,5.1,False,7,7,0,0,76.4,1547.8,35.5,1,75.0,52.7,0
8,NH-29 Kohima Mountain,Nagaland,40.1,190.8,0.6,1.3,2.7,True,1,1,0,3,55.7,1511.6,27.6,0,0.0,45.9,1
2,NH-13 Trans-Arunachal,Arunachal Pradesh,4.1,24.1,10.7,25.0,47.0,False,1,1,0,4,31.3,1961.2,29.0,0,0.0,17.3,0
2,NH-13 Trans-Arunachal,Arunachal Pradesh,0.7,6.2,0.8,1.6,3.2,False,4,4,0,2,62.2,2160.0,20.9,0,0.0,22.7,0
6,NH-02 Imphal Lifeline,Manipur,1.0,8.6,1.2,2.9,4.2,True,8,6,2,0,20.7,582.7,21.7,0,0.0,21.2,0
10,NH-08 Tripura Central,Tripura,1.9,12.3,1.3,2.6,5.2,False,0,0,0,1,67.9,101.6,13.3,0,0.0,15.3,0
12,NH-27S Haflong Hill,Assam,0.8,3.2,94.0,134.4,219.7,True,2,2,0,0,50.3,725.7,32.1,3,75.0,37.4,1
6,NH-02 Imphal Lifeline,Manipur,0.3,2.2,0.9,1.8,3.7,False,5,2,3,0,47.3,1134.4,30.5,0,0.0,17.6,1
10,NH-08 Tripura Central,Tripura,3.5,12.1,1.1,2.3,4.5,False,1,1,0,0,44.6,421.9,9.2,0,0.0,13.0,1
5,SH-05 Cherrapunjee Highland,Meghalaya,3.5,33.0,2.1,4.1,8.3,False,8,6,2,3,67.6,1588.0,34.1,0,0.0,35.6,1
6,NH-02 Imphal Lifeline,Manipur,0.2,0.7,1.6,3.2,6.4,False,2,1,1,2,87.2,835.9,24.3,3,45.0,31.3,1
10,NH-08 Tripura Central,Tripura,1.0,4.3,2.0,4.1,8.2,False,3,2,1,1,49.0,217.2,4.0,0,0.0,13.0,0
11,NH-10 Teesta River Canyon,Sikkim,0.3,1.9,0.4,0.8,1.6,False,9,3,6,3,83.0,1614.1,45.4,0,0.0,27.9,1
8,NH-29 Kohima Mountain,Nagaland,0.3,2.1,1.3,2.5,5.0,False,2,1,1,1,56.6,1608.4,32.9,0,0.0,17.5,1
12,NH-27S Haflong Hill,Assam,1.2,12.2,7.3,14.5,29.0,False,7,4,3,0,69.0,844.5,24.7,0,0.0,25.7,1
12,NH-27S Haflong Hill,Assam,6.0,20.0,16.8,30.8,53.6,False,5,3,2,2,64.4,754.3,27.7,0,0.0,25.2,0
2,NH-13 Trans-Arunachal,Arunachal Pradesh,0.3,1.2,0.7,1.3,2.7,False,6,4,2,0,48.7,2127.6,33.3,0,0.0,22.2,0
2,NH-13 Trans-Arunachal,Arunachal Pradesh,2.4,21.1,17.6,41.3,94.8,True,4,4,0,1,27.0,1872.6,43.2,1,45.0,36.2,0
1,NH-27 Assam Arterial,Assam,3.8,14.6,2.1,4.2,8.4,False,2,0,2,0,61.3,50.0,17.7,0,0.0,15.6,0
12,NH-27S Haflong Hill,Assam,2.3,6.6,11.9,20.9,45.5,False,2,1,1,0,92.6,916.0,26.2,4,45.0,33.7,0
5,SH-05 Cherrapunjee Highland,Meghalaya,6.3,26.9,22.8,54.4,118.7,True,7,3,4,2,100.0,1361.9,39.7,0,0.0,34.3,1
3,NH-229 Sela Pass,Arunachal Pradesh,1.8,14.6,2.6,5.2,10.4,False,7,6,1,2,46.6,3586.5,41.1,2,75.0,48.9,0
8,NH-29 Kohima Mountain,Nagaland,13.1,59.9,103.6,149.0,277.4,True,6,5,1,2,23.6,1776.5,38.3,0,0.0,33.2,1
11,NH-10 Teesta River Canyon,Sikkim,1.1,5.1,3.7,7.4,14.8,False,9,5,4,5,60.3,1525.0,38.7,0,0.0,27.8,0
2,NH-13 Trans-Arunachal,Arunachal Pradesh,0.8,5.8,1.1,2.2,4.3,False,5,3,2,4,49.7,1674.6,37.6,0,0.0,22.2,1
7,NH-102 Moreh Border,Manipur,21.1,57.5,8.7,20.5,39.2,False,2,2,0,1,37.6,837.9,30.3,4,75.0,46.0,1
12,NH-27S Haflong Hill,Assam,15.0,40.5,2.7,5.7,11.7,True,5,2,3,1,76.1,755.1,22.8,0,0.0,28.1,1
11,NH-10 Teesta River Canyon,Sikkim,37.4,181.6,23.1,36.1,61.8,True,10,1,9,0,46.8,1542.0,43.8,3,45.0,59.0,1
10,NH-08 Tripura Central,Tripura,29.4,202.7,9.2,21.0,43.6,True,1,0,1,0,5.0,308.8,11.5,0,0.0,33.0,0
1,NH-27 Assam Arterial,Assam,4.5,14.5,20.0,39.8,65.4,False,2,2,0,0,29.7,216.0,10.4,2,75.0,32.2,1
5,SH-05 Cherrapunjee Highland,Meghalaya,0.4,1.8,1.0,2.0,4.1,False,5,5,0,1,93.3,1327.5,34.2,0,0.0,31.2,0
5,SH-05 Cherrapunjee Highland,Meghalaya,65.5,209.4,9.6,20.5,30.5,True,5,2,3,0,87.5,1317.6,37.0,3,75.0,73.3,1
11,NH-10 Teesta River Canyon,Sikkim,23.7,79.5,1.9,2.9,4.4,False,9,2,7,1,55.6,1685.9,49.3,3,75.0,56.8,1
10,NH-08 Tripura Central,Tripura,27.9,104.6,29.1,52.8,96.7,True,1,1,0,0,50.0,50.0,12.1,1,95.0,56.6,1
12,NH-27S Haflong Hill,Assam,2.8,8.5,0.5,1.0,2.0,False,7,2,5,0,52.6,982.0,23.8,0,0.0,18.3,0
5,SH-05 Cherrapunjee Highland,Meghalaya,8.8,25.1,1.3,3.1,6.9,False,9,3,6,2,66.2,1315.7,48.6,3,45.0,41.9,1
4,NH-06 Meghalaya Corridor,Meghalaya,0.3,1.5,3.1,6.1,12.3,False,4,4,0,1,43.2,1479.8,36.1,2,95.0,45.7,1
6,NH-02 Imphal Lifeline,Manipur,5.8,18.3,14.8,33.1,74.6,False,3,2,1,1,64.9,991.9,15.2,3,95.0,44.2,0
11,NH-10 Teesta River Canyon,Sikkim,1.0,6.3,2.2,4.3,8.7,False,9,6,3,1,93.1,1791.8,35.1,0,0.0,34.3,1
2,NH-13 Trans-Arunachal,Arunachal Pradesh,1.0,4.3,0.1,0.2,0.3,False,6,5,1,4,46.2,1793.4,41.1,2,45.0,37.3,1
6,NH-02 Imphal Lifeline,Manipur,0.1,0.5,1.5,3.0,6.1,False,5,4,1,1,53.9,1081.4,19.1,0,0.0,20.0,0
1,NH-27 Assam Arterial,Assam,0.1,0.7,0.0,0.1,0.2,False,2,0,2,0,30.0,151.8,3.2,0,0.0,5.3,0
7,NH-102 Moreh Border,Manipur,4.5,22.5,41.2,74.4,137.5,True,3,1,2,1,34.2,462.0,16.9,0,0.0,15.0,1
3,NH-229 Sela Pass,Arunachal Pradesh,1.3,9.4,6.8,13.7,27.4,False,7,6,1,3,19.6,3833.6,51.3,4,45.0,38.1,1
5,SH-05 Cherrapunjee Highland,Meghalaya,4.9,15.2,18.6,43.0,107.1,True,10,4,6,1,50.8,1222.4,39.0,2,95.0,50.2,1
1,NH-27 Assam Arterial,Assam,0.0,0.2,0.0,0.1,0.2,False,1,1,0,0,61.5,50.0,2.0,0,0.0,11.7,0
5,SH-05 Cherrapunjee Highland,Meghalaya,0.5,2.9,0.2,0.4,0.9,False,5,2,3,1,90.4,1203.8,38.4,0,0.0,25.8,0
11,NH-10 Teesta River Canyon,Sikkim,20.1,53.2,75.0,123.4,198.6,True,7,7,0,2,100.0,1533.8,42.4,0,0.0,48.1,1
4,NH-06 Meghalaya Corridor,Meghalaya,61.6,190.5,5.2,9.1,19.0,True,2,2,0,0,56.4,1637.1,22.9,2,45.0,58.3,0
5,SH-05 Cherrapunjee Highland,Meghalaya,0.9,2.3,1.3,2.7,4.9,False,3,3,0,4,62.4,1559.6,40.1,0,0.0,23.9,0
7,NH-102 Moreh Border,Manipur,2.8,7.5,1.0,2.1,3.3,False,1,0,1,0,57.0,698.5,11.5,0,0.0,12.4,0
6,NH-02 Imphal Lifeline,Manipur,3.8,21.0,3.2,6.4,12.7,False,6,2,4,3,29.0,963.5,22.7,0,0.0,17.1,0
7,NH-102 Moreh Border,Manipur,1.4,6.3,6.1,12.3,24.5,False,5,0,5,1,9.4,592.9,11.9,0,0.0,5.0,0
8,NH-29 Kohima Mountain,Nagaland,0.9,2.4,3.0,4.9,7.1,False,6,3,3,1,13.7,1552.4,27.1,0,0.0,13.9,0
6,NH-02 Imphal Lifeline,Manipur,8.6,24.2,1.7,3.6,5.3,False,6,3,3,1,15.3,917.1,24.9,3,45.0,29.4,0
8,NH-29 Kohima Mountain,Nagaland,3.3,17.8,0.5,0.9,1.8,False,3,3,0,1,84.3,1229.7,25.5,0,0.0,27.3,0
10,NH-08 Tripura Central,Tripura,3.5,26.7,4.0,8.0,16.1,False,3,0,3,0,53.0,217.5,8.4,0,0.0,15.0,0
2,NH-13 Trans-Arunachal,Arunachal Pradesh,1.4,8.5,1.5,2.9,5.9,False,6,5,1,1,54.6,1819.7,37.2,0,0.0,27.3,1
2,NH-13 Trans-Arunachal,Arunachal Pradesh,1.0,3.6,1.8,3.6,7.1,False,2,2,0,3,36.5,1777.4,37.1,3,95.0,41.4,1
9,NH-54 Aizawl Ridge,Mizoram,0.5,2.3,4.8,10.0,22.4,False,2,2,0,1,10.3,1421.9,34.9,0,0.0,13.0,0
12,NH-27S Haflong Hill,Assam,0.2,1.6,0.6,1.2,2.3,False,4,2,2,0,41.9,845.4,34.1,0,0.0,17.4,0
7,NH-102 Moreh Border,Manipur,12.9,48.2,62.9,92.0,168.4,True,1,1,0,0,39.9,749.0,14.9,0,0.0,20.6,0
5,SH-05 Cherrapunjee Highland,Meghalaya,0.3,1.0,12.6,22.3,34.9,False,11,7,4,5,71.2,1603.7,32.7,1,75.0,50.2,0
7,NH-102 Moreh Border,Manipur,2.1,16.5,23.1,44.5,77.8,True,1,1,0,3,11.8,1061.8,19.6,4,45.0,22.2,0
2,NH-13 Trans-Arunachal,Arunachal Pradesh,25.6,68.4,25.8,46.3,71.4,False,9,2,7,0,59.1,1920.3,29.3,0,0.0,32.4,1
12,NH-27S Haflong Hill,Assam,0.9,4.0,0.4,0.9,1.8,False,4,1,3,1,34.7,572.1,30.1,0,0.0,14.0,0
6,NH-02 Imphal Lifeline,Manipur,5.1,23.9,8.2,16.0,28.9,False,2,1,1,1,47.9,1297.5,27.2,3,45.0,30.7,1
12,NH-27S Haflong Hill,Assam,18.4,51.1,4.6,7.7,11.9,False,2,2,0,0,66.4,749.6,23.6,0,0.0,28.9,0
11,NH-10 Teesta River Canyon,Sikkim,13.4,38.3,1.1,1.6,4.0,False,6,5,1,4,71.3,1925.8,37.6,0,0.0,35.9,1
5,SH-05 Cherrapunjee Highland,Meghalaya,0.2,0.6,4.3,8.6,17.2,False,4,4,0,1,71.5,1346.2,39.5,0,0.0,26.8,0
7,NH-102 Moreh Border,Manipur,5.0,12.9,1.6,3.2,5.0,False,1,1,0,2,25.2,638.1,5.0,0,0.0,9.4,0
5,SH-05 Cherrapunjee Highland,Meghalaya,64.0,226.7,59.1,88.8,166.1,True,5,4,1,2,66.7,1146.5,40.9,0,0.0,56.2,1
7,NH-102 Moreh Border,Manipur,2.5,7.5,19.9,36.9,65.8,False,1,1,0,2,53.5,574.6,20.4,0,0.0,15.6,1
6,NH-02 Imphal Lifeline,Manipur,13.7,66.6,5.0,9.3,17.8,True,3,2,1,0,51.1,921.4,29.1,0,0.0,30.8,0
3,NH-229 Sela Pass,Arunachal Pradesh,0.0,0.1,2.9,5.8,11.7,False,7,3,4,2,44.9,3893.7,39.9,0,0.0,20.7,0
10,NH-08 Tripura Central,Tripura,4.6,31.0,14.6,21.9,43.6,False,0,0,0,0,59.0,118.4,3.5,3,95.0,39.5,0
3,NH-229 Sela Pass,Arunachal Pradesh,0.5,1.1,16.3,36.6,54.2,False,4,2,2,4,88.1,3870.2,40.9,0,0.0,25.6,1
6,NH-02 Imphal Lifeline,Manipur,13.5,61.7,4.7,9.3,18.7,False,3,3,0,1,66.7,987.9,23.9,0,0.0,33.1,1
7,NH-102 Moreh Border,Manipur,1.2,8.9,1.4,2.8,5.5,False,3,0,3,0,39.6,713.5,15.3,0,0.0,10.8,1
7,NH-102 Moreh Border,Manipur,0.0,0.2,1.8,3.6,7.2,False,3,0,3,0,62.5,483.2,9.0,0,0.0,11.2,0
12,NH-27S Haflong Hill,Assam,34.5,140.9,12.8,21.5,40.9,True,8,3,5,1,72.8,1148.2,27.1,1,75.0,69.3,1
4,NH-06 Meghalaya Corridor,Meghalaya,17.5,73.9,87.0,187.5,283.9,True,4,3,1,2,50.9,1521.2,31.9,1,75.0,53.6,1
2,NH-13 Trans-Arunachal,Arunachal Pradesh,16.9,114.3,10.3,17.6,40.3,True,2,2,0,1,49.5,1915.5,43.1,2,75.0,61.7,1
10,NH-08 Tripura Central,Tripura,16.6,57.0,6.8,12.8,29.4,False,4,0,4,1,49.3,50.0,6.7,0,0.0,20.1,0
4,NH-06 Meghalaya Corridor,Meghalaya,2.3,12.8,11.3,17.6,31.3,False,4,2,2,1,50.5,1681.8,28.1,0,0.0,19.8,0
3,NH-229 Sela Pass,Arunachal Pradesh,0.2,1.4,3.0,6.0,12.0,False,6,3,3,3,85.1,3890.3,49.3,0,0.0,28.9,0
7,NH-102 Moreh Border,Manipur,2.1,12.3,6.3,12.6,25.2,False,1,1,0,0,35.3,450.6,2.9,0,0.0,10.3,0
3,NH-229 Sela Pass,Arunachal Pradesh,0.7,2.5,3.8,6.6,13.1,True,7,5,2,3,39.7,3652.6,44.7,3,45.0,36.6,1
5,SH-05 Cherrapunjee Highland,Meghalaya,10.0,43.7,14.2,29.1,48.2,False,6,5,1,2,100.0,1451.6,31.3,4,45.0,51.2,0
12,NH-27S Haflong Hill,Assam,0.2,1.0,4.4,9.2,15.0,True,10,4,6,1,47.6,928.8,28.2,2,45.0,32.2,1
6,NH-02 Imphal Lifeline,Manipur,0.4,3.6,9.1,19.4,29.6,False,3,3,0,1,79.8,915.5,18.3,1,45.0,33.6,0
4,NH-06 Meghalaya Corridor,Meghalaya,2.8,9.7,3.9,7.9,15.7,False,3,3,0,0,75.6,1419.6,23.5,0,0.0,24.0,0
8,NH-29 Kohima Mountain,Nagaland,11.9,34.0,14.8,31.9,69.6,False,4,0,4,0,82.9,1457.3,41.2,0,0.0,27.5,0
7,NH-102 Moreh Border,Manipur,81.7,269.5,22.1,33.3,78.1,True,1,1,0,1,43.2,705.7,11.7,3,45.0,52.1,1
9,NH-54 Aizawl Ridge,Mizoram,0.5,4.9,1.3,2.6,5.3,False,5,3,2,0,62.6,1156.2,28.2,0,0.0,22.0,0
8,NH-29 Kohima Mountain,Nagaland,5.7,15.1,214.8,315.7,546.1,True,10,8,2,1,72.5,1143.8,34.4,3,95.0,60.5,1
11,NH-10 Teesta River Canyon,Sikkim,3.8,10.1,5.5,10.0,16.2,False,11,9,2,0,60.1,1967.4,42.2,3,75.0,56.2,1
6,NH-02 Imphal Lifeline,Manipur,2.4,13.9,1.6,3.2,6.5,False,4,1,3,2,37.7,989.5,10.8,0,0.0,12.6,0
1,NH-27 Assam Arterial,Assam,1.1,5.5,6.5,13.1,26.1,False,2,1,1,0,79.3,298.3,2.0,0,0.0,15.4,0
9,NH-54 Aizawl Ridge,Mizoram,4.0,23.1,19.2,30.5,46.8,True,2,1,1,2,32.3,1156.1,36.5,0,0.0,18.8,1
8,NH-29 Kohima Mountain,Nagaland,1.9,14.1,2.8,4.4,7.5,False,4,2,2,2,49.6,1476.4,19.1,4,95.0,41.8,1
5,SH-05 Cherrapunjee Highland,Meghalaya,0.5,2.6,7.0,10.3,19.6,False,4,4,0,1,69.9,1665.7,42.9,2,75.0,46.3,0
4,NH-06 Meghalaya Corridor,Meghalaya,11.3,78.3,0.7,1.3,2.0,False,2,1,1,1,13.3,1089.8,24.3,0,0.0,24.5,0
1,NH-27 Assam Arterial,Assam,52.2,179.4,27.9,49.9,91.1,True,4,1,3,0,39.3,166.0,2.3,1,95.0,62.1,0
6,NH-02 Imphal Lifeline,Manipur,6.6,20.4,4.5,10.6,25.8,False,5,5,0,0,86.3,785.7,20.7,3,75.0,49.9,0
6,NH-02 Imphal Lifeline,Manipur,2.5,6.5,26.4,39.6,81.5,False,3,1,2,2,23.6,883.5,16.2,0,0.0,10.1,0
7,NH-102 Moreh Border,Manipur,8.5,26.4,23.8,37.6,58.5,False,2,0,2,0,51.7,779.6,21.5,2,45.0,28.6,0
3,NH-229 Sela Pass,Arunachal Pradesh,6.3,21.5,2.2,4.3,8.7,False,9,4,5,2,42.9,3875.6,35.2,1,75.0,44.5,0
1,NH-27 Assam Arterial,Assam,10.1,50.0,42.7,93.4,179.9,True,6,2,4,3,63.6,50.0,8.8,1,45.0,36.6,1
12,NH-27S Haflong Hill,Assam,26.4,90.1,21.7,40.1,62.7,True,4,3,1,2,64.1,824.5,28.4,3,45.0,50.6,0
2,NH-13 Trans-Arunachal,Arunachal Pradesh,41.0,195.1,2.9,6.4,14.0,True,9,3,6,1,66.8,1737.4,41.1,0,0.0,54.2,1
10,NH-08 Tripura Central,Tripura,1.9,5.8,21.4,34.7,57.3,False,0,0,0,2,66.1,50.0,18.6,1,75.0,33.5,1
2,NH-13 Trans-Arunachal,Arunachal Pradesh,1.3,5.1,7.2,14.3,28.7,False,6,1,5,2,58.4,1808.0,25.9,4,95.0,40.7,0
5,SH-05 Cherrapunjee Highland,Meghalaya,2.1,13.3,27.3,41.3,62.5,True,9,8,1,0,48.6,1372.8,40.1,0,0.0,34.0,0
7,NH-102 Moreh Border,Manipur,0.0,0.2,1.5,3.0,6.1,False,3,3,0,2,12.8,867.2,25.2,0,0.0,13.0,0
8,NH-29 Kohima Mountain,Nagaland,0.4,1.5,0.1,0.2,0.4,False,5,3,2,1,56.4,1395.0,30.6,0,0.0,20.9,0
7,NH-102 Moreh Border,Manipur,0.3,1.3,1.4,2.8,5.6,False,0,0,0,1,66.6,594.2,22.4,0,0.0,14.7,0
3,NH-229 Sela Pass,Arunachal Pradesh,0.4,1.7,4.6,9.2,18.4,True,7,4,3,0,52.1,3826.5,36.4,0,0.0,23.4,1
7,NH-102 Moreh Border,Manipur,13.4,85.3,4.0,8.0,16.8,True,3,0,3,2,32.7,699.4,10.2,0,0.0,24.0,0
9,NH-54 Aizawl Ridge,Mizoram,0.8,6.8,3.2,6.5,12.9,False,4,4,0,1,65.8,1083.7,20.8,0,0.0,23.4,0
12,NH-27S Haflong Hill,Assam,16.0,132.4,8.8,17.2,34.7,True,6,2,4,2,39.3,834.2,21.0,0,0.0,40.6,0
3,NH-229 Sela Pass,Arunachal Pradesh,8.6,42.7,57.3,83.8,207.5,True,8,4,4,2,32.7,3724.3,33.2,0,0.0,28.1,0
6,NH-02 Imphal Lifeline,Manipur,24.4,63.6,2.1,3.7,7.6,False,5,1,4,1,72.3,1084.3,23.4,4,45.0,41.5,1
3,NH-229 Sela Pass,Arunachal Pradesh,6.7,25.9,2.6,5.4,12.3,True,4,4,0,3,60.1,3949.2,44.9,1,45.0,42.4,0
7,NH-102 Moreh Border,Manipur,25.0,102.1,6.7,13.9,31.3,True,6,0,6,1,47.7,623.6,25.6,4,95.0,56.5,1
4,NH-06 Meghalaya Corridor,Meghalaya,8.2,63.7,48.0,76.8,191.1,True,8,0,8,1,50.5,1319.3,18.8,0,0.0,24.1,1
12,NH-27S Haflong Hill,Assam,0.9,4.1,2.0,3.9,7.9,False,11,3,8,0,49.8,1072.3,32.7,0,0.0,20.8,0
5,SH-05 Cherrapunjee Highland,Meghalaya,2.1,12.2,0.5,1.1,2.2,True,9,7,2,1,69.6,1442.0,38.6,0,0.0,34.6,1
2,NH-13 Trans-Arunachal,Arunachal Pradesh,6.9,45.4,7.9,12.2,19.1,False,7,1,6,2,53.9,1784.5,46.9,0,0.0,28.5,1
12,NH-27S Haflong Hill,Assam,0.5,3.0,43.5,76.4,145.4,True,4,4,0,2,40.6,1307.6,30.3,2,75.0,39.5,0
2,NH-13 Trans-Arunachal,Arunachal Pradesh,2.0,5.5,6.5,11.3,24.7,False,5,5,0,1,56.4,1571.7,36.0,0,0.0,26.8,0
7,NH-102 Moreh Border,Manipur,1.5,5.6,57.6,113.1,270.4,True,0,0,0,0,42.2,325.7,18.7,0,0.0,11.2,1
5,SH-05 Cherrapunjee Highland,Meghalaya,46.4,135.2,0.3,0.5,1.0,True,5,4,1,1,54.0,1328.0,34.1,2,75.0,68.7,0
2,NH-13 Trans-Arunachal,Arunachal Pradesh,0.9,3.0,77.9,156.5,234.7,True,4,2,2,0,79.3,1939.5,32.5,2,75.0,41.7,1
6,NH-02 Imphal Lifeline,Manipur,50.6,164.6,2.4,4.0,8.7,True,5,3,2,2,22.7,1048.6,30.7,0,0.0,45.5,0
6,NH-02 Imphal Lifeline,Manipur,90.8,297.9,16.2,29.9,45.5,True,3,3,0,0,40.6,1143.4,25.0,2,95.0,70.8,1
9,NH-54 Aizawl Ridge,Mizoram,2.4,9.0,5.9,11.7,23.4,False,5,2,3,2,72.2,1523.5,24.3,1,75.0,40.2,0
10,NH-08 Tripura Central,Tripura,31.9,151.6,55.8,107.8,209.5,True,2,0,2,0,38.4,66.7,16.5,0,0.0,39.0,0
1,NH-27 Assam Arterial,Assam,0.7,3.8,0.2,0.4,0.8,False,2,1,1,0,63.4,443.4,13.5,0,0.0,15.0,0
2,NH-13 Trans-Arunachal,Arunachal Pradesh,0.7,5.9,0.9,1.7,3.5,False,3,3,0,2,56.4,1876.5,30.3,0,0.0,21.7,0
6,NH-02 Imphal Lifeline,Manipur,0.2,1.6,0.8,1.7,3.3,False,3,3,0,1,53.2,1241.4,23.2,0,0.0,18.9,1
8,NH-29 Kohima Mountain,Nagaland,3.2,20.5,3.1,4.5,7.7,False,4,2,2,1,26.7,1620.1,36.9,2,95.0,43.2,0
2,NH-13 Trans-Arunachal,Arunachal Pradesh,1.2,7.9,16.4,23.5,57.7,False,5,3,2,2,51.1,1858.7,31.6,0,0.0,21.6,0
9,NH-54 Aizawl Ridge,Mizoram,0.8,5.6,3.1,6.1,12.3,False,8,1,7,1,48.4,1238.6,36.4,0,0.0,17.7,0
9,NH-54 Aizawl Ridge,Mizoram,7.9,20.7,20.6,37.7,63.7,False,6,4,2,1,44.7,1503.5,37.5,3,75.0,45.1,1
10,NH-08 Tripura Central,Tripura,1.8,13.4,0.7,1.5,2.9,False,3,2,1,0,36.0,221.8,2.0,0,0.0,12.5,1
10,NH-08 Tripura Central,Tripura,6.3,27.1,3.9,7.8,15.6,False,2,1,1,3,62.9,68.7,9.7,0,0.0,18.8,1
1,NH-27 Assam Arterial,Assam,4.0,17.0,0.5,0.9,1.9,False,2,2,0,2,49.2,71.5,5.4,1,95.0,39.6,0
3,NH-229 Sela Pass,Arunachal Pradesh,26.6,102.5,1.2,2.1,3.4,True,9,4,5,0,64.8,3926.6,38.6,1,45.0,57.2,0
5,SH-05 Cherrapunjee Highland,Meghalaya,0.5,5.2,9.5,19.1,38.2,False,2,2,0,0,74.5,1423.0,40.2,3,45.0,35.5,0
6,NH-02 Imphal Lifeline,Manipur,11.7,51.9,7.3,14.8,26.4,False,5,1,4,0,87.7,934.7,30.3,0,0.0,31.6,1
1,NH-27 Assam Arterial,Assam,12.1,41.6,4.6,7.0,10.9,False,3,1,2,1,46.2,50.0,14.4,4,45.0,31.4,1
2,NH-13 Trans-Arunachal,Arunachal Pradesh,0.8,5.0,1.6,3.2,6.5,False,6,4,2,1,47.4,1694.3,31.8,4,95.0,46.2,1
9,NH-54 Aizawl Ridge,Mizoram,8.8,63.5,12.8,27.9,44.4,False,6,2,4,1,60.2,1194.5,27.4,4,45.0,42.5,0
12,NH-27S Haflong Hill,Assam,0.4,2.8,0.1,0.2,0.3,False,4,3,1,0,63.0,649.6,25.4,3,45.0,32.4,1
9,NH-54 Aizawl Ridge,Mizoram,0.5,3.9,1.8,3.5,7.0,False,5,3,2,0,44.8,1034.4,29.1,0,0.0,19.3,1
10,NH-08 Tripura Central,Tripura,0.6,3.0,1.7,3.4,6.8,False,1,0,1,0,38.9,50.0,7.8,0,0.0,8.0,1
5,SH-05 Cherrapunjee Highland,Meghalaya,2.3,8.1,0.4,0.7,1.4,False,5,4,1,1,68.5,1423.4,34.3,0,0.0,26.8,0
1,NH-27 Assam Arterial,Assam,32.9,93.9,19.2,28.9,58.5,True,1,1,0,0,64.3,380.8,6.4,4,75.0,50.5,0
7,NH-102 Moreh Border,Manipur,1.2,6.2,0.6,1.2,2.5,False,5,1,4,1,48.7,333.1,23.1,2,95.0,38.9,1
5,SH-05 Cherrapunjee Highland,Meghalaya,32.7,144.0,4.9,11.4,22.3,True,5,5,0,0,46.0,1455.3,38.5,0,0.0,53.4,1
3,NH-229 Sela Pass,Arunachal Pradesh,28.2,85.5,11.3,16.9,25.5,True,10,2,8,1,61.3,3730.2,40.7,2,45.0,49.7,1
2,NH-13 Trans-Arunachal,Arunachal Pradesh,1.2,10.4,0.5,1.1,2.1,False,5,5,0,1,51.2,1665.5,41.0,0,0.0,28.0,0
11,NH-10 Teesta River Canyon,Sikkim,0.2,1.0,0.2,0.5,1.0,False,21,7,14,1,42.6,1751.5,36.4,0,0.0,27.9,0
3,NH-229 Sela Pass,Arunachal Pradesh,21.0,66.3,41.0,88.2,143.7,True,7,6,1,1,71.7,3816.4,44.3,3,45.0,56.1,1
12,NH-27S Haflong Hill,Assam,5.4,41.0,32.0,62.3,98.1,True,6,1,5,0,30.3,604.7,25.9,3,75.0,38.7,1
3,NH-229 Sela Pass,Arunachal Pradesh,1.2,6.6,2.7,5.5,10.9,False,7,4,3,1,72.4,3800.1,40.8,0,0.0,28.3,0
6,NH-02 Imphal Lifeline,Manipur,4.9,20.8,0.7,1.1,1.9,False,3,3,0,1,18.9,1200.9,23.4,4,75.0,36.4,1
4,NH-06 Meghalaya Corridor,Meghalaya,68.2,182.8,9.1,13.2,25.6,True,2,2,0,0,70.8,1730.5,20.8,4,95.0,72.5,1
5,SH-05 Cherrapunjee Highland,Meghalaya,4.9,46.3,62.9,123.1,248.6,True,4,4,0,3,21.8,1414.5,38.7,0,0.0,28.3,1
5,SH-05 Cherrapunjee Highland,Meghalaya,3.0,12.4,3.8,7.7,15.3,False,6,6,0,2,61.9,1372.6,32.9,0,0.0,30.3,1
6,NH-02 Imphal Lifeline,Manipur,14.4,56.9,0.5,1.1,2.5,False,5,2,3,2,28.3,826.8,24.3,0,0.0,24.5,0
6,NH-02 Imphal Lifeline,Manipur,0.1,1.0,0.3,0.6,1.3,False,5,4,1,0,66.6,1028.4,19.3,0,0.0,22.0,0
12,NH-27S Haflong Hill,Assam,0.6,5.2,1.8,3.6,7.1,False,6,6,0,1,100.0,1307.8,23.3,0,0.0,32.7,0
7,NH-102 Moreh Border,Manipur,17.5,48.5,57.6,112.4,191.9,True,3,2,1,0,44.6,825.8,13.6,0,0.0,23.1,1
3,NH-229 Sela Pass,Arunachal Pradesh,50.5,149.2,22.8,38.8,60.8,True,8,3,5,4,71.0,3973.8,46.0,3,95.0,79.4,1
8,NH-29 Kohima Mountain,Nagaland,28.3,72.3,1.3,1.9,4.3,False,2,2,0,0,45.3,1455.8,40.5,3,75.0,52.1,1
10,NH-08 Tripura Central,Tripura,14.4,57.7,3.9,7.3,13.6,False,0,0,0,0,50.5,50.0,6.9,0,0.0,20.5,0
10,NH-08 Tripura Central,Tripura,43.1,179.4,0.7,1.5,3.0,True,1,1,0,0,41.0,263.8,15.2,3,45.0,52.4,1
2,NH-13 Trans-Arunachal,Arunachal Pradesh,0.1,0.5,1.9,3.8,7.5,False,4,3,1,2,100.0,1791.6,42.3,0,0.0,29.6,0
3,NH-229 Sela Pass,Arunachal Pradesh,4.4,20.8,17.5,31.0,46.6,False,8,5,3,1,86.9,3837.9,46.8,4,95.0,60.3,1
7,NH-102 Moreh Border,Manipur,8.6,45.0,6.8,15.6,37.0,False,3,1,2,0,39.2,452.5,19.5,0,0.0,20.8,0
4,NH-06 Meghalaya Corridor,Meghalaya,4.7,14.1,3.6,7.7,11.2,False,4,1,3,0,62.1,1599.9,26.9,0,0.0,19.5,0
3,NH-229 Sela Pass,Arunachal Pradesh,0.5,2.9,3.3,6.6,13.3,False,11,4,7,0,100.0,4057.6,37.1,0,0.0,31.0,0
2,NH-13 Trans-Arunachal,Arunachal Pradesh,0.9,4.1,1.7,3.3,6.6,False,4,2,2,0,49.9,1919.3,31.4,0,0.0,18.6,1
5,SH-05 Cherrapunjee Highland,Meghalaya,1.0,2.6,4.3,7.7,13.3,False,8,6,2,0,33.1,1141.1,39.4,0,0.0,25.3,0
2,NH-13 Trans-Arunachal,Arunachal Pradesh,2.7,23.1,6.6,13.3,26.6,False,4,4,0,2,79.7,1941.5,34.7,1,75.0,50.3,1
2,NH-13 Trans-Arunachal,Arunachal Pradesh,2.2,8.4,2.3,4.5,9.1,False,6,4,2,0,38.9,1976.0,41.2,0,0.0,23.7,0
6,NH-02 Imphal Lifeline,Manipur,0.6,4.0,6.2,12.4,24.8,False,6,1,5,1,63.4,1269.3,8.7,0,0.0,14.0,0
5,SH-05 Cherrapunjee Highland,Meghalaya,40.7,104.6,1.3,1.9,4.2,True,9,1,8,1,75.0,1336.5,32.6,0,0.0,40.7,1
8,NH-29 Kohima Mountain,Nagaland,0.5,2.1,1.2,2.4,4.8,False,3,3,0,3,58.8,1708.2,35.5,0,0.0,22.3,1
8,NH-29 Kohima Mountain,Nagaland,16.2,95.1,26.1,40.3,67.1,True,2,2,0,6,84.5,1476.4,28.5,3,45.0,52.7,0
12,NH-27S Haflong Hill,Assam,33.0,91.1,35.0,69.6,124.1,True,4,2,2,0,63.6,957.2,19.4,1,45.0,46.9,0
6,NH-02 Imphal Lifeline,Manipur,0.1,0.6,1.6,3.1,6.3,False,4,1,3,3,26.2,852.8,13.3,0,0.0,8.7,0
9,NH-54 Aizawl Ridge,Mizoram,19.3,70.9,33.4,66.5,142.7,True,6,4,2,0,63.4,1178.0,39.4,4,75.0,58.3,1
9,NH-54 Aizawl Ridge,Mizoram,2.7,15.8,0.0,0.1,0.2,False,4,4,0,1,32.5,1449.5,21.5,0,0.0,20.3,0
11,NH-10 Teesta River Canyon,Sikkim,7.5,26.3,5.7,14.0,26.3,False,12,11,1,4,58.6,1575.4,45.2,2,75.0,61.8,0
3,NH-229 Sela Pass,Arunachal Pradesh,1.2,3.5,7.9,14.2,31.4,True,6,2,4,1,98.6,4097.5,40.5,1,95.0,51.3,0
2,NH-13 Trans-Arunachal,Arunachal Pradesh,11.6,33.6,10.1,16.1,27.4,True,4,3,1,2,55.3,2006.7,35.3,1,75.0,46.8,1
9,NH-54 Aizawl Ridge,Mizoram,5.5,21.8,9.8,15.0,26.8,False,5,3,2,2,20.2,1198.5,27.1,0,0.0,18.8,0
7,NH-102 Moreh Border,Manipur,2.1,8.5,72.3,107.8,154.5,True,0,0,0,0,32.9,533.6,14.4,4,45.0,20.8,1
10,NH-08 Tripura Central,Tripura,0.3,1.3,0.6,1.1,2.3,False,0,0,0,1,5.0,50.0,10.3,0,0.0,5.0,0
5,SH-05 Cherrapunjee Highland,Meghalaya,0.5,1.8,6.1,12.2,24.5,False,4,1,3,1,60.0,1118.9,35.9,0,0.0,18.5,0
3,NH-229 Sela Pass,Arunachal Pradesh,4.2,34.9,25.3,50.6,79.5,False,10,7,3,2,26.3,3826.9,34.8,4,45.0,43.1,1
6,NH-02 Imphal Lifeline,Manipur,0.4,1.5,2.3,4.6,9.3,False,3,3,0,0,58.7,649.7,22.4,0,0.0,19.6,1
9,NH-54 Aizawl Ridge,Mizoram,0.7,4.3,0.4,0.8,1.6,False,3,3,0,1,41.6,1402.0,29.3,0,0.0,19.0,0
5,SH-05 Cherrapunjee Highland,Meghalaya,53.0,159.8,6.1,9.0,20.8,True,4,4,0,1,54.2,1137.7,40.3,0,0.0,54.2,1
5,SH-05 Cherrapunjee Highland,Meghalaya,0.6,2.8,6.2,12.4,24.7,False,8,2,6,4,62.3,1324.4,29.2,0,0.0,19.7,0
7,NH-102 Moreh Border,Manipur,5.2,15.7,7.2,15.0,21.7,False,2,1,1,2,38.9,656.5,11.3,0,0.0,13.2,0
10,NH-08 Tripura Central,Tripura,4.5,16.3,0.2,0.3,0.7,False,3,1,2,0,64.3,128.3,13.4,0,0.0,17.6,0
7,NH-102 Moreh Border,Manipur,0.0,0.0,15.0,21.5,37.2,False,5,2,3,1,20.3,630.5,22.2,0,0.0,11.5,0
7,NH-102 Moreh Border,Manipur,10.1,46.2,5.9,13.1,23.4,True,3,1,2,0,58.4,900.7,21.4,4,45.0,35.5,1
12,NH-27S Haflong Hill,Assam,9.8,48.2,33.3,52.9,130.9,True,4,1,3,0,34.2,880.4,33.1,0,0.0,23.4,1
4,NH-06 Meghalaya Corridor,Meghalaya,8.1,31.3,3.0,5.9,9.5,False,3,0,3,0,42.2,1469.1,24.7,1,75.0,36.3,0
4,NH-06 Meghalaya Corridor,Meghalaya,4.6,16.2,4.1,8.1,16.2,False,5,1,4,0,63.6,1469.9,22.4,0,0.0,19.2,0
11,NH-10 Teesta River Canyon,Sikkim,0.9,5.4,5.9,11.9,23.8,False,11,6,5,4,49.7,1444.1,45.8,2,95.0,53.4,0
9,NH-54 Aizawl Ridge,Mizoram,2.5,16.6,2.9,5.8,11.5,False,5,2,3,0,48.6,1321.5,30.8,0,0.0,20.8,0
8,NH-29 Kohima Mountain,Nagaland,18.5,47.2,59.0,89.9,196.6,True,4,4,0,1,86.9,1924.0,29.2,3,45.0,47.6,1
12,NH-27S Haflong Hill,Assam,49.4,174.0,3.8,6.6,16.3,True,6,2,4,1,91.6,1158.1,33.5,1,75.0,73.2,1
4,NH-06 Meghalaya Corridor,Meghalaya,1.4,5.9,57.3,111.1,230.3,True,2,2,0,0,35.7,1281.1,25.7,1,45.0,26.9,1
6,NH-02 Imphal Lifeline,Manipur,0.1,0.3,0.7,1.5,3.0,False,1,1,0,1,53.7,1090.6,27.0,0,0.0,15.5,0
9,NH-54 Aizawl Ridge,Mizoram,21.7,61.8,5.4,8.8,13.5,False,5,5,0,0,42.5,1373.4,24.3,3,45.0,44.8,1
5,SH-05 Cherrapunjee Highland,Meghalaya,12.5,36.4,50.0,82.7,138.9,True,5,5,0,2,46.0,1520.4,36.5,2,75.0,50.3,1
7,NH-102 Moreh Border,Manipur,21.4,74.7,26.9,43.3,94.2,True,0,0,0,3,68.5,652.6,18.7,0,0.0,28.9,1
5,SH-05 Cherrapunjee Highland,Meghalaya,0.4,2.9,0.4,0.9,1.8,False,4,4,0,3,59.6,1025.1,39.6,0,0.0,25.4,0
8,NH-29 Kohima Mountain,Nagaland,8.2,22.8,12.4,22.8,36.7,False,8,1,7,2,53.0,1709.8,34.6,0,0.0,21.4,0
12,NH-27S Haflong Hill,Assam,2.1,6.9,2.5,4.9,9.9,False,7,2,5,1,75.0,881.5,23.9,0,0.0,21.4,1
12,NH-27S Haflong Hill,Assam,27.7,91.0,37.0,62.4,136.9,True,7,2,5,0,17.7,842.8,31.8,3,75.0,50.0,1
12,NH-27S Haflong Hill,Assam,0.6,2.1,0.8,1.5,3.1,False,6,3,3,2,67.2,817.6,23.9,0,0.0,21.3,0
1,NH-27 Assam Arterial,Assam,18.7,49.9,23.2,41.1,94.2,True,1,0,1,0,33.0,57.3,11.5,3,95.0,41.0,0
12,NH-27S Haflong Hill,Assam,0.9,4.4,2.2,4.4,8.7,False,2,1,1,1,33.1,1278.0,21.2,0,0.0,12.1,1
4,NH-06 Meghalaya Corridor,Meghalaya,2.0,8.6,6.1,12.2,24.4,False,5,4,1,0,55.2,1608.3,26.0,0,0.0,23.2,0
9,NH-54 Aizawl Ridge,Mizoram,35.7,101.4,6.6,13.4,25.8,True,4,4,0,2,5.0,1285.7,32.0,0,0.0,35.4,1
7,NH-102 Moreh Border,Manipur,34.6,127.2,51.2,93.4,188.6,True,0,0,0,0,51.9,607.3,8.9,0,0.0,35.0,1
8,NH-29 Kohima Mountain,Nagaland,1.7,11.8,1.9,3.9,7.8,False,4,4,0,2,46.2,1500.9,34.2,0,0.0,24.1,1
9,NH-54 Aizawl Ridge,Mizoram,7.6,25.9,1.8,3.7,7.3,False,2,2,0,1,45.5,1220.6,34.4,0,0.0,22.9,0
2,NH-13 Trans-Arunachal,Arunachal Pradesh,3.7,19.0,6.5,13.0,26.0,False,2,1,1,1,83.7,1735.1,30.8,0,0.0,24.5,0
10,NH-08 Tripura Central,Tripura,0.1,0.7,3.4,7.3,18.0,False,1,1,0,1,76.5,50.0,23.4,1,45.0,29.6,1
11,NH-10 Teesta River Canyon,Sikkim,1.4,5.3,0.4,0.8,1.7,False,9,5,4,1,67.9,1612.0,41.2,0,0.0,29.5,0
3,NH-229 Sela Pass,Arunachal Pradesh,15.6,46.9,12.2,18.8,43.7,False,3,3,0,4,74.5,3838.6,38.4,3,45.0,45.5,1
3,NH-229 Sela Pass,Arunachal Pradesh,8.6,26.4,11.1,23.1,36.6,False,6,4,2,2,83.3,3737.8,51.2,3,45.0,47.0,0
8,NH-29 Kohima Mountain,Nagaland,20.6,86.7,30.6,71.0,104.7,True,4,2,2,1,67.5,1452.9,30.6,3,45.0,48.8,1
6,NH-02 Imphal Lifeline,Manipur,11.9,66.3,12.9,23.7,44.7,True,1,1,0,0,56.3,949.2,25.7,3,45.0,40.1,1
10,NH-08 Tripura Central,Tripura,23.2,58.2,3.6,5.6,11.7,False,0,0,0,1,49.4,357.9,9.9,3,75.0,39.8,1
7,NH-102 Moreh Border,Manipur,20.5,90.4,55.5,110.2,206.1,True,3,3,0,0,39.8,654.6,6.0,0,0.0,31.2,1
7,NH-102 Moreh Border,Manipur,0.5,5.3,0.8,1.6,3.2,False,2,2,0,1,36.6,762.7,14.0,1,45.0,24.6,0
5,SH-05 Cherrapunjee Highland,Meghalaya,1.7,5.9,1.3,2.5,5.1,False,9,2,7,2,65.0,1245.8,39.1,4,95.0,46.5,0
12,NH-27S Haflong Hill,Assam,36.7,126.6,28.5,51.3,84.0,True,8,3,5,0,82.3,1143.3,36.3,0,0.0,50.9,1
6,NH-02 Imphal Lifeline,Manipur,16.8,114.7,12.6,29.9,45.1,True,4,2,2,0,44.4,744.0,23.5,1,75.0,57.0,0
2,NH-13 Trans-Arunachal,Arunachal Pradesh,26.3,76.0,34.0,71.2,102.5,True,4,4,0,4,58.8,1914.7,24.9,3,95.0,60.8,1
4,NH-06 Meghalaya Corridor,Meghalaya,1.6,6.1,2.2,4.4,8.8,False,3,1,2,0,87.7,1575.8,36.4,0,0.0,23.6,0
11,NH-10 Teesta River Canyon,Sikkim,21.4,88.3,50.5,94.0,187.7,True,6,6,0,4,22.6,1783.1,58.0,2,95.0,66.8,1
6,NH-02 Imphal Lifeline,Manipur,8.6,74.5,3.7,8.2,14.5,False,1,1,0,0,72.5,1113.7,24.2,1,75.0,51.4,1
5,SH-05 Cherrapunjee Highland,Meghalaya,0.3,1.3,0.1,0.3,0.5,False,5,5,0,3,65.6,1333.6,35.3,0,0.0,27.2,1
9,NH-54 Aizawl Ridge,Mizoram,53.8,144.3,43.8,92.2,153.0,True,4,4,0,3,43.9,1168.5,33.3,0,0.0,50.1,1
10,NH-08 Tripura Central,Tripura,0.8,2.8,0.3,0.6,1.3,False,1,0,1,0,17.6,119.1,2.0,0,0.0,5.0,0
6,NH-02 Imphal Lifeline,Manipur,4.2,12.7,5.3,13.2,21.9,True,3,3,0,1,44.0,902.7,16.0,0,0.0,18.3,0
6,NH-02 Imphal Lifeline,Manipur,21.5,84.6,2.1,4.2,7.6,True,3,1,2,1,79.7,818.3,25.6,0,0.0,36.0,0
6,NH-02 Imphal Lifeline,Manipur,2.0,7.2,1.9,3.8,7.6,False,0,0,0,0,24.9,971.9,22.5,0,0.0,9.7,1
9,NH-54 Aizawl Ridge,Mizoram,3.2,17.8,1.7,3.4,6.8,False,6,2,4,1,41.5,1490.6,32.3,0,0.0,20.2,0
7,NH-102 Moreh Border,Manipur,9.4,31.8,5.1,11.5,25.4,False,2,2,0,0,47.5,529.0,20.6,0,0.0,21.6,0
11,NH-10 Teesta River Canyon,Sikkim,45.3,144.2,10.9,20.7,43.1,True,9,4,5,0,31.6,1626.1,35.2,1,75.0,67.4,1
5,SH-05 Cherrapunjee Highland,Meghalaya,7.1,62.7,14.9,23.5,48.4,False,7,4,3,3,50.1,1469.3,37.6,0,0.0,35.6,0
2,NH-13 Trans-Arunachal,Arunachal Pradesh,18.8,54.3,18.2,33.9,75.9,False,7,2,5,2,37.1,1902.4,27.8,0,0.0,26.0,0
12,NH-27S Haflong Hill,Assam,4.9,35.4,5.2,7.5,17.8,False,3,3,0,2,43.9,597.5,38.1,3,75.0,46.0,1
1,NH-27 Assam Arterial,Assam,2.6,9.1,17.5,27.5,46.2,False,1,1,0,0,5.0,220.4,3.8,0,0.0,5.3,0
7,NH-102 Moreh Border,Manipur,2.1,8.7,16.9,36.2,66.0,False,3,2,1,1,36.3,542.0,7.3,4,75.0,31.4,1
2,NH-13 Trans-Arunachal,Arunachal Pradesh,2.0,6.3,44.4,66.3,97.1,True,7,3,4,1,57.1,1899.4,36.2,0,0.0,23.1,1
1,NH-27 Assam Arterial,Assam,0.9,8.1,1.8,3.6,7.1,False,1,1,0,0,61.6,152.9,8.4,4,95.0,38.3,1
11,NH-10 Teesta River Canyon,Sikkim,10.1,52.0,48.6,98.8,148.8,True,6,4,2,4,56.6,1419.4,44.9,4,75.0,54.6,1
3,NH-229 Sela Pass,Arunachal Pradesh,0.7,2.9,0.2,0.5,0.9,False,2,2,0,1,15.7,3811.5,47.8,0,0.0,16.5,0
12,NH-27S Haflong Hill,Assam,20.7,76.3,8.0,13.1,32.1,False,7,1,6,0,76.2,1096.6,27.0,2,95.0,57.8,1
10,NH-08 Tripura Central,Tripura,14.9,38.4,3.7,5.2,10.7,False,0,0,0,0,34.6,50.0,7.8,2,45.0,25.7,0
8,NH-29 Kohima Mountain,Nagaland,0.1,0.4,10.1,20.2,40.3,False,5,4,1,3,100.0,1730.7,25.2,0,0.0,28.1,0
9,NH-54 Aizawl Ridge,Mizoram,3.6,19.5,8.5,16.0,38.9,True,2,0,2,1,79.3,1372.7,40.6,2,45.0,35.2,1
9,NH-54 Aizawl Ridge,Mizoram,1.2,4.6,34.2,60.9,93.4,True,8,2,6,1,52.3,1187.5,27.4,0,0.0,18.3,0
4,NH-06 Meghalaya Corridor,Meghalaya,0.1,0.8,8.3,16.7,33.3,False,5,3,2,2,18.4,1534.3,32.4,0,0.0,15.4,0
2,NH-13 Trans-Arunachal,Arunachal Pradesh,15.6,88.1,33.0,65.4,110.1,True,5,3,2,1,43.0,1929.4,26.5,4,75.0,54.1,0
5,SH-05 Cherrapunjee Highland,Meghalaya,26.2,147.1,0.5,1.3,3.0,True,10,4,6,1,11.7,1019.5,29.9,0,0.0,45.1,0
4,NH-06 Meghalaya Corridor,Meghalaya,14.3,46.7,15.8,26.9,62.5,False,4,2,2,1,13.8,1434.3,15.9,0,0.0,18.6,0
12,NH-27S Haflong Hill,Assam,0.7,4.7,4.0,7.9,15.8,False,6,6,0,1,36.5,630.0,19.1,0,0.0,22.2,0
2,NH-13 Trans-Arunachal,Arunachal Pradesh,3.0,12.3,0.6,1.1,2.2,False,4,1,3,1,71.3,1697.6,37.8,0,0.0,22.7,1
11,NH-10 Teesta River Canyon,Sikkim,11.1,53.6,1.3,1.9,3.9,True,4,4,0,0,63.1,1867.5,36.4,2,75.0,54.2,0
11,NH-10 Teesta River Canyon,Sikkim,0.7,3.7,10.8,16.3,24.4,False,14,8,6,3,59.1,1933.6,46.9,0,0.0,35.0,0
1,NH-27 Assam Arterial,Assam,1.1,2.9,18.4,32.6,51.6,False,1,0,1,1,39.5,197.9,11.1,4,95.0,32.5,1
12,NH-27S Haflong Hill,Assam,14.0,52.4,43.4,73.6,162.2,True,6,3,3,1,72.9,699.4,25.8,0,0.0,32.6,1
2,NH-13 Trans-Arunachal,Arunachal Pradesh,22.8,89.8,42.1,75.0,174.3,True,9,5,4,1,39.8,1571.5,36.1,4,75.0,59.9,1
10,NH-08 Tripura Central,Tripura,16.4,43.5,32.3,51.0,99.3,True,1,1,0,1,23.1,172.0,10.9,0,0.0,16.3,0
4,NH-06 Meghalaya Corridor,Meghalaya,1.5,8.8,7.7,15.4,30.9,False,2,2,0,1,69.9,1523.6,20.5,0,0.0,20.4,0
6,NH-02 Imphal Lifeline,Manipur,0.6,3.4,1.4,2.8,5.6,False,4,2,2,0,75.8,1028.5,14.8,1,95.0,42.7,0
11,NH-10 Teesta River Canyon,Sikkim,0.6,4.3,14.9,24.9,55.4,False,12,3,9,0,63.5,1451.4,40.2,3,95.0,48.2,0
5,SH-05 Cherrapunjee Highland,Meghalaya,25.0,68.8,15.7,31.7,75.9,False,8,7,1,5,65.2,1407.8,25.0,3,45.0,53.8,1
5,SH-05 Cherrapunjee Highland,Meghalaya,8.8,27.5,20.8,44.6,103.6,True,7,6,1,3,43.0,1286.5,31.9,2,45.0,41.6,1
11,NH-10 Teesta River Canyon,Sikkim,1.1,10.0,0.3,0.5,1.0,False,8,5,3,4,65.3,1899.5,36.3,0,0.0,29.0,1
2,NH-13 Trans-Arunachal,Arunachal Pradesh,5.4,22.7,1.5,3.0,6.0,False,4,0,4,3,23.1,1670.9,40.2,0,0.0,16.0,0
12,NH-27S Haflong Hill,Assam,19.1,74.5,17.8,28.9,62.5,False,3,3,0,0,40.0,839.4,34.2,0,0.0,33.7,1
1,NH-27 Assam Arterial,Assam,1.2,5.6,0.9,1.8,3.7,False,3,2,1,0,63.9,267.7,2.0,0,0.0,15.1,0
11,NH-10 Teesta River Canyon,Sikkim,4.4,30.6,5.8,10.0,17.0,False,7,6,1,1,64.7,1519.1,46.6,4,45.0,48.4,1
2,NH-13 Trans-Arunachal,Arunachal Pradesh,16.5,43.8,25.2,58.6,100.8,True,4,4,0,4,54.2,1816.6,22.7,0,0.0,29.4,0
2,NH-13 Trans-Arunachal,Arunachal Pradesh,12.3,45.3,5.7,11.5,17.9,False,9,4,5,2,51.8,1893.3,25.9,1,75.0,48.7,1
9,NH-54 Aizawl Ridge,Mizoram,9.0,37.6,3.0,5.6,12.6,False,3,3,0,1,33.0,942.7,28.9,1,75.0,43.0,0
2,NH-13 Trans-Arunachal,Arunachal Pradesh,5.0,16.0,2.7,4.4,9.3,True,7,3,4,2,39.5,2074.7,37.1,4,75.0,41.3,1
1,NH-27 Assam Arterial,Assam,5.6,19.0,23.1,46.6,70.7,False,1,1,0,1,33.4,50.0,2.0,3,45.0,22.5,0
8,NH-29 Kohima Mountain,Nagaland,39.3,132.8,29.2,65.2,111.4,True,3,3,0,3,36.2,1609.0,30.2,4,95.0,67.8,1
8,NH-29 Kohima Mountain,Nagaland,19.8,85.2,2.8,4.2,7.8,True,7,6,1,2,51.9,1332.2,45.9,0,0.0,46.0,1
8,NH-29 Kohima Mountain,Nagaland,12.5,116.9,2.4,5.2,11.5,True,8,3,5,4,51.4,1641.9,38.2,0,0.0,44.7,1
8,NH-29 Kohima Mountain,Nagaland,2.2,6.3,25.0,40.5,58.8,False,9,4,5,0,51.3,1488.5,24.7,0,0.0,21.9,0
3,NH-229 Sela Pass,Arunachal Pradesh,2.2,9.3,10.8,21.5,43.1,False,6,2,4,2,37.6,3715.7,50.7,4,45.0,32.8,0
11,NH-10 Teesta River Canyon,Sikkim,12.1,45.5,5.4,10.1,19.9,False,7,6,1,2,47.8,1913.1,29.4,0,0.0,34.1,1
4,NH-06 Meghalaya Corridor,Meghalaya,0.2,0.8,3.8,7.6,15.1,False,5,0,5,0,53.6,1168.7,26.5,0,0.0,13.5,0
6,NH-02 Imphal Lifeline,Manipur,3.1,12.0,0.5,1.1,2.1,False,6,3,3,1,38.1,1016.1,13.3,0,0.0,16.8,0
10,NH-08 Tripura Central,Tripura,2.7,21.2,1.6,3.2,6.4,False,0,0,0,0,57.9,50.0,2.4,0,0.0,13.4,0
4,NH-06 Meghalaya Corridor,Meghalaya,1.3,9.2,4.8,9.7,19.3,True,2,2,0,3,39.3,1376.6,25.3,0,0.0,16.8,1
10,NH-08 Tripura Central,Tripura,7.5,23.2,0.7,1.5,2.7,False,0,0,0,0,37.1,192.6,11.1,0,0.0,12.4,0
1,NH-27 Assam Arterial,Assam,12.4,80.4,18.5,31.9,58.9,True,3,1,2,0,61.6,50.0,17.9,1,75.0,49.7,0
10,NH-08 Tripura Central,Tripura,23.1,75.3,38.7,90.4,191.8,True,1,1,0,0,49.4,50.0,16.5,1,75.0,46.5,1
6,NH-02 Imphal Lifeline,Manipur,10.1,54.3,11.7,19.1,40.7,True,4,3,1,2,45.7,1017.0,29.3,2,45.0,40.8,0
8,NH-29 Kohima Mountain,Nagaland,0.1,1.1,3.8,7.6,15.1,False,4,1,3,2,46.6,1674.4,35.9,3,45.0,27.6,0
2,NH-13 Trans-Arunachal,Arunachal Pradesh,4.6,12.6,8.3,11.9,26.7,False,5,3,2,4,93.7,1926.2,28.6,2,75.0,47.0,0
6,NH-02 Imphal Lifeline,Manipur,0.2,0.7,2.8,5.7,11.4,False,3,3,0,1,71.3,1086.8,20.9,2,45.0,32.3,1
10,NH-08 Tripura Central,Tripura,0.4,1.9,4.4,8.8,17.6,False,2,1,1,0,67.9,153.3,2.0,0,0.0,13.0,0
6,NH-02 Imphal Lifeline,Manipur,1.4,12.4,1.1,2.2,4.4,False,4,2,2,1,66.8,1015.1,22.3,2,45.0,32.2,1
6,NH-02 Imphal Lifeline,Manipur,15.2,67.4,17.6,41.7,95.3,True,5,2,3,1,37.3,632.1,26.3,0,0.0,28.3,0
4,NH-06 Meghalaya Corridor,Meghalaya,2.7,15.3,3.0,6.1,12.2,False,3,3,0,1,49.2,1344.4,36.9,4,45.0,35.1,1
4,NH-06 Meghalaya Corridor,Meghalaya,0.2,1.9,3.9,7.8,15.6,False,3,3,0,2,76.3,1359.7,16.0,3,75.0,39.8,1
5,SH-05 Cherrapunjee Highland,Meghalaya,8.0,61.8,6.8,15.2,23.3,False,13,1,12,1,45.1,1312.7,31.5,0,0.0,27.4,1
1,NH-27 Assam Arterial,Assam,3.6,21.4,3.4,6.8,13.6,False,3,1,2,0,61.8,109.2,2.0,0,0.0,16.0,0
2,NH-13 Trans-Arunachal,Arunachal Pradesh,1.7,9.7,12.0,21.7,33.9,False,4,3,1,0,53.9,1750.1,40.0,3,45.0,35.3,1
11,NH-10 Teesta River Canyon,Sikkim,15.0,40.1,0.9,1.4,2.6,False,4,4,0,1,46.9,1852.6,44.5,2,95.0,55.7,1
10,NH-08 Tripura Central,Tripura,23.6,89.5,60.3,94.3,164.6,True,0,0,0,1,27.4,50.0,10.6,4,95.0,47.9,1
8,NH-29 Kohima Mountain,Nagaland,1.7,11.7,1.8,3.6,7.2,False,6,6,0,3,51.2,1856.0,21.7,0,0.0,26.4,0
1,NH-27 Assam Arterial,Assam,2.3,14.5,0.8,1.6,3.3,False,1,1,0,0,48.8,189.7,18.8,4,45.0,27.2,1
2,NH-13 Trans-Arunachal,Arunachal Pradesh,4.5,16.8,0.4,0.8,1.6,False,3,1,2,0,68.8,1805.1,30.0,0,0.0,21.7,0
11,NH-10 Teesta River Canyon,Sikkim,0.1,0.5,1.0,1.6,3.8,False,6,5,1,3,55.3,1475.0,35.4,4,45.0,36.7,0
2,NH-13 Trans-Arunachal,Arunachal Pradesh,4.0,23.4,4.6,9.1,18.3,False,5,3,2,1,43.7,1889.6,34.1,0,0.0,24.1,0
11,NH-10 Teesta River Canyon,Sikkim,3.7,14.1,28.0,55.6,82.1,True,13,7,6,2,78.9,1596.6,44.1,2,45.0,48.7,1
11,NH-10 Teesta River Canyon,Sikkim,1.3,7.0,0.4,0.8,1.7,False,6,6,0,2,30.2,1866.8,46.3,0,0.0,27.2,0
11,NH-10 Teesta River Canyon,Sikkim,0.3,1.3,0.1,0.3,0.6,False,8,3,5,1,69.8,1776.2,42.0,4,75.0,43.9,0
1,NH-27 Assam Arterial,Assam,9.7,44.7,8.1,12.0,17.9,True,5,2,3,0,59.4,295.4,5.3,0,0.0,22.9,0
12,NH-27S Haflong Hill,Assam,0.5,1.9,0.1,0.1,0.3,False,4,4,0,2,64.4,896.5,19.0,0,0.0,21.8,0
5,SH-05 Cherrapunjee Highland,Meghalaya,0.5,2.5,0.4,0.8,1.6,False,7,3,4,1,53.3,1317.7,41.8,0,0.0,22.9,0
5,SH-05 Cherrapunjee Highland,Meghalaya,0.1,0.6,1.4,2.8,5.6,False,7,6,1,1,36.0,1226.0,31.8,0,0.0,23.9,0
8,NH-29 Kohima Mountain,Nagaland,1.6,6.0,5.5,11.0,22.1,False,4,4,0,1,62.9,1508.9,28.5,1,45.0,35.6,0
7,NH-102 Moreh Border,Manipur,3.6,13.5,3.7,9.1,17.0,False,2,2,0,0,55.5,610.9,6.0,4,45.0,27.5,1
10,NH-08 Tripura Central,Tripura,3.9,20.8,0.6,1.3,2.5,False,2,2,0,1,29.2,203.0,8.2,0,0.0,14.2,0
12,NH-27S Haflong Hill,Assam,1.3,5.8,0.6,1.3,2.6,False,4,3,1,1,68.2,677.4,32.8,0,0.0,23.9,1
2,NH-13 Trans-Arunachal,Arunachal Pradesh,35.7,95.8,2.3,3.4,5.3,True,4,2,2,2,26.5,1701.5,33.1,0,0.0,33.8,0
7,NH-102 Moreh Border,Manipur,6.5,29.3,10.7,18.0,26.4,False,2,2,0,0,100.0,758.7,7.3,3,75.0,45.1,1
8,NH-29 Kohima Mountain,Nagaland,15.9,51.1,31.3,50.4,122.7,True,4,1,3,1,30.6,1208.8,35.4,4,75.0,42.6,1
7,NH-102 Moreh Border,Manipur,0.2,1.1,7.1,14.1,28.3,False,3,1,2,1,5.0,792.2,18.6,0,0.0,6.7,0
11,NH-10 Teesta River Canyon,Sikkim,3.6,11.3,7.5,15.9,26.9,False,4,1,3,3,44.9,1512.0,35.2,3,75.0,36.8,0
7,NH-102 Moreh Border,Manipur,19.6,54.0,36.1,77.1,192.6,True,0,0,0,0,51.0,583.7,8.7,4,45.0,31.5,1
7,NH-102 Moreh Border,Manipur,0.1,0.7,18.9,33.7,72.7,False,3,2,1,0,45.8,452.2,4.8,0,0.0,12.0,0
11,NH-10 Teesta River Canyon,Sikkim,1.1,10.2,0.8,1.6,3.2,False,12,3,9,2,60.9,1663.8,45.5,2,45.0,37.5,0
9,NH-54 Aizawl Ridge,Mizoram,8.0,52.9,13.0,27.4,50.2,False,5,3,2,1,66.8,1436.1,31.6,0,0.0,32.9,0
8,NH-29 Kohima Mountain,Nagaland,6.2,21.6,64.8,144.2,216.8,True,7,6,1,3,57.8,1573.4,27.4,1,75.0,49.2,0
4,NH-06 Meghalaya Corridor,Meghalaya,5.9,40.4,1.5,2.3,3.5,False,3,2,1,0,27.8,1617.5,20.6,4,95.0,44.1,1
8,NH-29 Kohima Mountain,Nagaland,15.7,53.4,26.1,60.7,139.8,True,5,3,2,1,64.3,1402.8,26.8,0,0.0,31.7,0
8,NH-29 Kohima Mountain,Nagaland,12.2,97.9,2.8,4.6,9.3,True,1,1,0,0,40.2,1627.7,25.4,0,0.0,32.7,1
8,NH-29 Kohima Mountain,Nagaland,0.9,3.6,0.6,1.2,2.5,False,4,4,0,1,24.4,1680.8,44.7,4,75.0,40.1,1
11,NH-10 Teesta River Canyon,Sikkim,0.7,2.3,2.1,4.1,8.2,False,7,5,2,1,68.9,1732.9,38.4,0,0.0,28.5,0
3,NH-229 Sela Pass,Arunachal Pradesh,9.2,23.4,40.9,82.8,173.0,True,10,4,6,2,62.3,3878.9,33.1,2,45.0,39.9,1
4,NH-06 Meghalaya Corridor,Meghalaya,63.9,182.4,50.1,74.9,139.8,True,5,3,2,1,52.5,1540.3,27.8,2,95.0,73.2,1
7,NH-102 Moreh Border,Manipur,9.7,46.8,42.5,64.1,117.2,True,2,2,0,0,36.8,541.3,14.6,1,75.0,40.5,0
7,NH-102 Moreh Border,Manipur,58.1,146.8,21.6,43.4,90.4,True,3,2,1,2,20.6,500.4,7.5,0,0.0,37.9,0
11,NH-10 Teesta River Canyon,Sikkim,6.5,24.9,2.5,5.1,10.1,False,7,7,0,4,50.6,1761.3,35.7,0,0.0,33.7,1
6,NH-02 Imphal Lifeline,Manipur,2.3,9.7,13.1,22.5,47.0,False,3,3,0,1,57.7,872.2,28.6,2,75.0,41.1,0
2,NH-13 Trans-Arunachal,Arunachal Pradesh,3.0,22.5,26.1,52.7,82.9,False,4,4,0,1,52.3,1933.7,35.4,1,95.0,51.2,1
7,NH-102 Moreh Border,Manipur,0.2,1.2,1.3,2.6,5.1,False,1,0,1,0,35.0,682.1,14.7,0,0.0,8.4,0
6,NH-02 Imphal Lifeline,Manipur,17.4,52.4,12.1,24.1,45.2,False,4,2,2,0,46.3,1147.9,34.6,0,0.0,28.4,1
2,NH-13 Trans-Arunachal,Arunachal Pradesh,3.0,15.4,3.8,7.6,15.2,False,4,3,1,1,50.6,1714.5,40.8,0,0.0,24.8,0
1,NH-27 Assam Arterial,Assam,3.9,15.0,37.1,69.4,114.7,True,1,1,0,2,45.5,195.1,10.6,3,95.0,37.7,0
9,NH-54 Aizawl Ridge,Mizoram,1.5,6.7,13.5,27.0,54.1,False,6,1,5,3,57.7,1181.5,31.6,0,0.0,18.3,0
5,SH-05 Cherrapunjee Highland,Meghalaya,2.1,15.1,1.8,3.6,7.3,False,6,2,4,2,52.6,1461.0,30.7,0,0.0,21.0,0
7,NH-102 Moreh Border,Manipur,11.8,30.0,25.7,51.0,100.4,True,3,1,2,1,33.6,700.9,10.4,0,0.0,15.1,0
7,NH-102 Moreh Border,Manipur,10.1,33.0,6.8,15.1,33.9,True,3,0,3,2,56.1,675.5,13.3,2,75.0,36.4,1
4,NH-06 Meghalaya Corridor,Meghalaya,2.5,8.5,2.4,4.9,9.8,False,6,3,3,0,60.5,1594.9,20.1,1,75.0,39.5,0
12,NH-27S Haflong Hill,Assam,9.4,41.4,1.6,3.3,6.5,False,5,1,4,0,55.4,945.0,27.4,0,0.0,24.1,0
10,NH-08 Tripura Central,Tripura,0.9,5.7,1.0,1.9,3.8,False,0,0,0,0,5.0,50.0,2.0,0,0.0,5.0,0
9,NH-54 Aizawl Ridge,Mizoram,2.1,8.5,1.8,3.6,7.1,False,4,2,2,1,69.5,1138.6,33.9,0,0.0,22.9,0
12,NH-27S Haflong Hill,Assam,3.0,15.6,2.9,6.2,11.5,False,7,6,1,1,52.5,950.2,25.9,0,0.0,28.2,0
7,NH-102 Moreh Border,Manipur,5.3,17.5,63.5,119.0,182.2,True,1,1,0,1,38.5,711.2,22.0,0,0.0,15.7,1
11,NH-10 Teesta River Canyon,Sikkim,14.6,66.0,50.8,79.9,171.6,True,9,4,5,2,63.7,1823.9,46.4,1,95.0,63.8,1
4,NH-06 Meghalaya Corridor,Meghalaya,15.7,99.5,8.1,13.1,20.6,True,4,1,3,1,61.8,1458.7,35.7,1,95.0,62.1,1
1,NH-27 Assam Arterial,Assam,22.2,57.9,0.9,1.4,2.8,False,2,2,0,1,5.8,237.1,8.5,4,45.0,29.4,1
11,NH-10 Teesta River Canyon,Sikkim,18.9,56.4,1.6,2.8,4.8,False,7,7,0,3,44.0,1719.9,37.7,2,45.0,50.7,0
11,NH-10 Teesta River Canyon,Sikkim,1.3,9.9,7.1,14.2,28.5,False,7,7,0,3,49.1,1437.1,39.8,0,0.0,31.3,0
6,NH-02 Imphal Lifeline,Manipur,0.2,1.1,1.0,2.0,3.9,False,5,3,2,0,22.5,1054.0,12.2,0,0.0,12.0,0
3,NH-229 Sela Pass,Arunachal Pradesh,1.6,8.8,0.7,1.4,2.9,False,11,6,5,3,50.8,3446.8,42.7,3,45.0,41.2,1
3,NH-229 Sela Pass,Arunachal Pradesh,2.0,10.0,0.6,1.2,2.3,False,6,6,0,4,70.2,3754.7,47.5,0,0.0,34.0,0
6,NH-02 Imphal Lifeline,Manipur,16.3,48.5,25.1,55.0,115.7,True,3,3,0,2,29.9,1353.9,21.2,0,0.0,24.4,0
5,SH-05 Cherrapunjee Highland,Meghalaya,5.2,36.4,7.2,17.6,26.6,False,8,4,4,6,73.6,1365.7,38.3,4,45.0,45.2,1
9,NH-54 Aizawl Ridge,Mizoram,1.6,7.8,6.5,13.0,25.9,False,5,4,1,1,47.8,1179.1,31.7,0,0.0,23.1,0
4,NH-06 Meghalaya Corridor,Meghalaya,6.6,50.6,20.6,46.1,85.8,False,8,1,7,1,69.2,1527.8,17.1,4,75.0,44.7,1
4,NH-06 Meghalaya Corridor,Meghalaya,0.5,3.6,0.1,0.2,0.4,False,4,2,2,1,32.0,1547.9,32.1,0,0.0,16.0,0
7,NH-102 Moreh Border,Manipur,5.1,28.9,4.4,10.9,23.3,True,3,3,0,0,51.2,1069.0,26.0,4,95.0,48.4,0
3,NH-229 Sela Pass,Arunachal Pradesh,26.0,105.5,41.5,95.8,155.3,True,9,6,3,3,40.4,3952.6,44.2,1,95.0,71.7,1
11,NH-10 Teesta River Canyon,Sikkim,4.6,36.7,40.2,72.9,132.8,True,6,3,3,1,64.3,1627.5,48.6,1,95.0,56.5,1
8,NH-29 Kohima Mountain,Nagaland,17.1,52.3,11.3,21.0,39.9,False,6,3,3,2,76.7,1720.4,33.5,0,0.0,34.7,0
8,NH-29 Kohima Mountain,Nagaland,1.0,3.5,3.2,6.4,12.8,False,4,4,0,0,11.4,1559.6,30.0,0,0.0,16.4,1
10,NH-08 Tripura Central,Tripura,6.6,17.0,16.2,23.4,41.0,True,2,1,1,0,49.2,153.7,5.5,1,45.0,25.1,0
3,NH-229 Sela Pass,Arunachal Pradesh,2.4,18.1,54.8,86.0,133.5,True,6,4,2,1,54.2,3786.0,41.2,0,0.0,28.0,1
4,NH-06 Meghalaya Corridor,Meghalaya,0.7,4.7,0.1,0.3,0.6,False,8,3,5,4,52.1,1415.2,11.0,0,0.0,17.0,1
5,SH-05 Cherrapunjee Highland,Meghalaya,27.4,110.2,42.5,87.4,126.2,True,7,3,4,0,60.9,1638.2,35.6,0,0.0,44.3,1
10,NH-08 Tripura Central,Tripura,38.2,102.9,13.9,22.4,38.9,True,1,0,1,0,35.5,50.0,15.1,1,75.0,47.7,1
11,NH-10 Teesta River Canyon,Sikkim,3.0,27.4,2.2,4.3,8.7,False,12,6,6,7,56.9,1708.8,38.2,0,0.0,33.7,1
4,NH-06 Meghalaya Corridor,Meghalaya,0.7,2.7,0.9,1.8,3.6,False,2,0,2,3,64.1,1440.6,29.7,2,95.0,39.8,0
8,NH-29 Kohima Mountain,Nagaland,29.8,162.1,6.1,9.0,17.2,True,4,4,0,1,51.7,1342.5,30.8,0,0.0,51.9,1
2,NH-13 Trans-Arunachal,Arunachal Pradesh,1.3,4.5,13.0,26.0,51.9,False,3,2,1,2,73.5,1854.6,32.4,0,0.0,22.4,1
8,NH-29 Kohima Mountain,Nagaland,3.0,15.1,2.5,5.0,10.1,False,4,4,0,2,54.5,1599.9,34.6,2,45.0,37.4,1
2,NH-13 Trans-Arunachal,Arunachal Pradesh,18.7,149.0,18.1,41.6,69.9,True,5,3,2,1,53.3,1766.8,35.7,1,95.0,74.7,1
11,NH-10 Teesta River Canyon,Sikkim,2.9,17.7,12.6,23.2,54.5,False,10,3,7,3,80.8,1912.6,50.1,0,0.0,31.7,0
8,NH-29 Kohima Mountain,Nagaland,10.2,87.5,47.9,76.4,184.3,True,7,5,2,2,47.3,1348.2,28.0,0,0.0,40.2,1
8,NH-29 Kohima Mountain,Nagaland,27.7,89.5,34.8,62.6,105.6,True,6,3,3,2,60.1,1497.1,38.5,0,0.0,40.6,1
4,NH-06 Meghalaya Corridor,Meghalaya,1.3,5.5,0.9,1.9,3.7,False,3,3,0,1,64.2,1546.0,20.1,0,0.0,20.7,0
10,NH-08 Tripura Central,Tripura,0.6,3.9,1.5,3.0,6.0,False,2,2,0,2,41.4,50.0,11.0,4,45.0,24.4,1
2,NH-13 Trans-Arunachal,Arunachal Pradesh,32.7,92.5,6.8,10.6,15.3,True,7,4,3,1,33.0,1941.5,28.3,3,45.0,48.4,1
9,NH-54 Aizawl Ridge,Mizoram,0.0,0.1,0.2,0.4,0.8,False,2,2,0,1,49.7,920.7,27.7,0,0.0,17.0,0
10,NH-08 Tripura Central,Tripura,1.8,10.5,68.4,165.5,283.5,True,2,2,0,1,68.6,50.0,8.7,0,0.0,18.1,1
9,NH-54 Aizawl Ridge,Mizoram,0.2,0.9,2.4,4.9,9.8,False,5,3,2,0,59.7,1096.3,36.0,4,95.0,46.1,1
7,NH-102 Moreh Border,Manipur,4.2,23.4,4.1,8.1,16.2,False,2,1,1,0,64.3,991.5,10.9,0,0.0,18.5,0
1,NH-27 Assam Arterial,Assam,0.4,2.4,0.3,0.6,1.1,False,0,0,0,2,56.4,50.0,12.6,0,0.0,11.5,1
7,NH-102 Moreh Border,Manipur,16.4,52.8,1.4,3.5,6.9,False,1,1,0,0,74.1,698.8,16.2,2,75.0,45.7,1
5,SH-05 Cherrapunjee Highland,Meghalaya,44.0,149.1,24.2,37.9,92.1,True,6,2,4,2,67.9,1199.5,30.4,0,0.0,50.1,1
10,NH-08 Tripura Central,Tripura,8.8,41.7,11.0,25.4,36.8,False,0,0,0,1,11.1,50.0,11.1,3,45.0,23.5,0
11,NH-10 Teesta River Canyon,Sikkim,0.6,4.1,2.6,5.3,10.6,False,8,6,2,1,81.1,1596.9,48.2,0,0.0,34.6,1
4,NH-06 Meghalaya Corridor,Meghalaya,24.8,77.0,5.6,10.3,19.5,False,7,1,6,1,45.4,1569.7,18.1,0,0.0,27.8,1
3,NH-229 Sela Pass,Arunachal Pradesh,23.1,65.5,20.2,38.3,66.7,False,8,3,5,0,43.8,3932.8,41.2,3,95.0,57.7,1
1,NH-27 Assam Arterial,Assam,0.1,0.4,2.4,4.8,9.6,False,1,0,1,1,67.6,141.4,2.0,0,0.0,10.6,1
10,NH-08 Tripura Central,Tripura,0.3,1.6,0.1,0.2,0.4,False,0,0,0,0,59.7,101.3,10.7,0,0.0,11.4,0
12,NH-27S Haflong Hill,Assam,37.5,114.7,50.9,106.2,188.7,True,1,1,0,1,24.2,1022.0,35.6,0,0.0,35.7,1
10,NH-08 Tripura Central,Tripura,42.3,152.5,6.0,8.8,17.0,True,1,0,1,0,94.1,50.0,11.1,3,45.0,57.6,1
11,NH-10 Teesta River Canyon,Sikkim,3.2,31.9,14.7,33.0,78.1,False,9,5,4,2,83.7,1820.4,34.4,0,0.0,35.8,0
2,NH-13 Trans-Arunachal,Arunachal Pradesh,0.9,4.9,3.8,7.7,15.4,False,8,6,2,3,31.8,2099.4,43.7,0,0.0,26.5,0
3,NH-229 Sela Pass,Arunachal Pradesh,9.2,60.0,9.3,14.5,22.1,False,8,6,2,1,65.5,3526.4,34.8,0,0.0,40.8,0
4,NH-06 Meghalaya Corridor,Meghalaya,0.2,0.7,43.2,65.6,136.0,True,1,1,0,1,56.8,1545.9,17.6,2,45.0,25.4,1
10,NH-08 Tripura Central,Tripura,20.9,141.0,28.0,52.2,84.5,True,1,1,0,1,33.4,164.6,17.4,1,95.0,62.4,1
8,NH-29 Kohima Mountain,Nagaland,8.9,65.4,11.4,16.5,28.2,False,4,4,0,2,67.5,1494.1,16.5,0,0.0,34.5,1
8,NH-29 Kohima Mountain,Nagaland,24.0,60.8,5.7,13.7,19.7,False,7,1,6,2,32.9,1814.8,50.8,0,0.0,29.1,1
5,SH-05 Cherrapunjee Highland,Meghalaya,2.3,18.2,4.0,8.0,16.0,False,8,4,4,2,52.9,1474.7,40.9,0,0.0,27.7,1
4,NH-06 Meghalaya Corridor,Meghalaya,1.4,8.8,17.0,41.5,75.6,False,4,3,1,1,51.0,1273.1,18.4,0,0.0,19.1,0
12,NH-27S Haflong Hill,Assam,5.1,49.9,1.6,2.6,4.2,False,2,2,0,0,48.4,1064.6,26.6,0,0.0,26.6,0
5,SH-05 Cherrapunjee Highland,Meghalaya,0.2,0.8,2.8,5.7,11.3,False,7,4,3,3,46.8,1550.0,33.7,2,95.0,45.7,0
7,NH-102 Moreh Border,Manipur,77.4,289.5,0.4,0.7,1.1,True,2,1,1,0,32.3,707.0,19.2,2,45.0,51.9,1
11,NH-10 Teesta River Canyon,Sikkim,21.3,108.6,7.6,13.2,21.3,True,7,5,2,0,69.9,1561.9,32.3,3,95.0,72.4,1
8,NH-29 Kohima Mountain,Nagaland,3.9,11.8,80.3,118.9,238.8,True,2,1,1,0,69.1,1708.6,25.2,4,45.0,31.0,1
9,NH-54 Aizawl Ridge,Mizoram,4.0,39.5,28.4,48.5,84.5,False,3,3,0,2,23.0,1258.1,34.4,4,75.0,43.0,1
6,NH-02 Imphal Lifeline,Manipur,3.0,13.4,57.5,84.7,135.4,True,5,2,3,3,56.1,969.1,17.8,0,0.0,18.7,0
1,NH-27 Assam Arterial,Assam,87.1,222.0,29.1,49.5,90.7,True,2,1,1,0,24.1,220.2,6.5,3,45.0,48.2,1
3,NH-229 Sela Pass,Arunachal Pradesh,19.5,102.0,53.3,107.8,169.4,True,10,5,5,4,57.8,3872.3,33.1,0,0.0,45.7,0
1,NH-27 Assam Arterial,Assam,2.8,11.1,2.0,4.0,8.0,False,2,0,2,1,76.4,131.7,10.1,0,0.0,15.7,0
3,NH-229 Sela Pass,Arunachal Pradesh,10.9,74.8,4.4,10.7,16.3,False,7,4,3,2,57.8,3820.5,35.9,1,75.0,57.6,1
3,NH-229 Sela Pass,Arunachal Pradesh,11.3,37.1,0.4,0.7,1.3,True,3,3,0,2,69.3,3637.5,43.8,1,45.0,43.8,0
2,NH-13 Trans-Arunachal,Arunachal Pradesh,1.0,7.8,38.6,95.2,163.4,True,8,3,5,1,57.0,1852.8,36.2,4,75.0,42.1,1
10,NH-08 Tripura Central,Tripura,2.9,15.3,6.8,13.5,27.0,False,0,0,0,0,24.9,54.7,4.6,0,0.0,7.7,1
3,NH-229 Sela Pass,Arunachal Pradesh,22.2,71.6,59.4,96.1,140.9,True,7,7,0,3,84.4,3983.5,45.1,0,0.0,50.0,1
5,SH-05 Cherrapunjee Highland,Meghalaya,0.9,4.2,1.4,2.9,5.8,False,6,2,4,2,51.3,1159.7,37.1,2,45.0,31.2,0
6,NH-02 Imphal Lifeline,Manipur,4.4,26.9,0.1,0.2,0.4,False,2,2,0,2,56.2,952.3,11.5,0,0.0,20.1,0
1,NH-27 Assam Arterial,Assam,1.6,9.5,2.7,5.3,10.6,False,0,0,0,1,27.2,214.8,5.4,1,95.0,30.8,0
12,NH-27S Haflong Hill,Assam,1.0,7.2,1.6,3.3,6.5,False,7,2,5,1,50.2,871.7,28.9,2,75.0,37.5,0
5,SH-05 Cherrapunjee Highland,Meghalaya,0.1,0.8,1.0,2.0,3.9,False,3,3,0,2,69.6,1302.2,35.0,0,0.0,23.6,1
12,NH-27S Haflong Hill,Assam,0.4,2.0,5.1,10.2,20.3,False,4,1,3,3,36.2,716.9,20.5,0,0.0,11.9,0
6,NH-02 Imphal Lifeline,Manipur,43.3,139.8,26.8,50.2,84.0,True,5,2,3,1,89.3,953.7,19.6,0,0.0,49.3,0
7,NH-102 Moreh Border,Manipur,6.0,15.6,4.8,8.5,15.6,False,2,2,0,1,68.8,553.7,18.0,0,0.0,21.0,0
3,NH-229 Sela Pass,Arunachal Pradesh,2.1,18.9,0.2,0.4,0.9,False,6,1,5,2,85.9,3678.7,44.2,4,75.0,46.2,1
7,NH-102 Moreh Border,Manipur,10.2,27.9,35.9,59.3,104.7,True,2,0,2,0,29.8,828.4,14.6,0,0.0,13.0,0
9,NH-54 Aizawl Ridge,Mizoram,0.8,5.4,10.3,20.6,41.2,False,5,1,4,2,59.1,1175.7,30.3,0,0.0,18.0,1
3,NH-229 Sela Pass,Arunachal Pradesh,3.8,15.2,1.1,2.3,5.2,False,8,5,3,2,67.0,3983.3,38.0,1,75.0,49.4,1
5,SH-05 Cherrapunjee Highland,Meghalaya,5.2,13.1,7.9,14.2,26.8,False,4,4,0,2,66.3,1396.2,30.6,4,75.0,45.4,1
6,NH-02 Imphal Lifeline,Manipur,1.2,3.9,0.1,0.3,0.5,False,5,1,4,1,57.5,1020.0,31.0,0,0.0,17.6,0
5,SH-05 Cherrapunjee Highland,Meghalaya,26.5,148.3,10.9,19.0,39.1,True,4,4,0,3,78.2,1005.2,46.6,4,75.0,77.5,1
9,NH-54 Aizawl Ridge,Mizoram,1.9,5.3,5.4,11.1,21.6,False,5,4,1,2,51.4,1274.6,39.5,1,75.0,43.4,1
5,SH-05 Cherrapunjee Highland,Meghalaya,0.4,1.4,2.4,4.8,9.5,False,8,7,1,2,63.4,1270.3,33.3,1,95.0,54.2,0
10,NH-08 Tripura Central,Tripura,13.5,76.1,23.6,58.6,142.1,True,1,1,0,0,44.8,50.0,10.9,0,0.0,26.1,1
9,NH-54 Aizawl Ridge,Mizoram,1.0,3.7,55.6,89.1,133.0,True,6,3,3,1,62.7,1270.9,23.6,0,0.0,20.9,1
7,NH-102 Moreh Border,Manipur,1.4,6.1,3.3,6.6,13.2,False,4,2,2,1,35.9,593.9,19.5,0,0.0,14.5,0
7,NH-102 Moreh Border,Manipur,3.0,10.6,2.9,5.9,11.8,False,4,2,2,0,40.1,799.3,20.6,0,0.0,16.3,0
9,NH-54 Aizawl Ridge,Mizoram,0.2,0.9,2.1,4.3,8.6,False,3,2,1,0,72.6,1288.3,30.3,0,0.0,21.1,0
6,NH-02 Imphal Lifeline,Manipur,3.4,14.0,13.8,27.6,55.3,False,6,1,5,1,34.2,573.7,18.2,0,0.0,13.6,0
9,NH-54 Aizawl Ridge,Mizoram,12.2,93.5,38.1,88.2,154.7,True,1,1,0,2,44.2,1238.0,37.0,4,45.0,46.0,1
1,NH-27 Assam Arterial,Assam,14.2,66.7,0.1,0.1,0.2,False,0,0,0,0,9.2,50.0,2.2,0,0.0,15.2,1
1,NH-27 Assam Arterial,Assam,1.6,15.0,1.1,2.2,4.4,False,2,0,2,0,58.6,50.0,9.8,3,45.0,25.0,0
11,NH-10 Teesta River Canyon,Sikkim,7.5,21.7,28.1,40.8,65.0,False,8,7,1,3,54.1,1685.6,43.7,1,95.0,58.9,1
4,NH-06 Meghalaya Corridor,Meghalaya,0.2,1.1,1.4,2.8,5.6,False,4,2,2,0,48.7,1115.5,25.0,2,45.0,27.8,1
7,NH-102 Moreh Border,Manipur,0.0,0.1,2.1,4.2,8.4,False,2,1,1,0,50.0,484.4,9.7,0,0.0,11.4,0
11,NH-10 Teesta River Canyon,Sikkim,0.0,0.2,1.1,2.2,4.3,False,9,4,5,3,62.4,1527.2,40.2,0,0.0,25.5,0
5,SH-05 Cherrapunjee Highland,Meghalaya,0.9,3.7,0.3,0.5,1.1,False,8,8,0,1,100.0,1375.9,40.2,0,0.0,39.8,1
7,NH-102 Moreh Border,Manipur,14.3,70.9,56.7,136.3,274.8,True,3,2,1,0,52.7,566.4,20.0,0,0.0,30.1,0
7,NH-102 Moreh Border,Manipur,9.9,24.9,5.6,12.2,20.4,False,5,0,5,0,30.8,609.3,10.2,1,95.0,35.4,0
6,NH-02 Imphal Lifeline,Manipur,0.3,1.3,6.5,13.0,26.1,False,3,2,1,1,62.2,1032.9,21.0,3,75.0,36.5,1
1,NH-27 Assam Arterial,Assam,7.1,36.5,10.8,26.4,50.8,False,1,0,1,0,35.6,50.0,8.4,4,45.0,25.6,1
5,SH-05 Cherrapunjee Highland,Meghalaya,38.6,103.6,18.2,27.1,61.9,True,8,4,4,4,57.6,1170.3,38.5,0,0.0,45.1,1
11,NH-10 Teesta River Canyon,Sikkim,2.1,7.1,2.1,4.2,8.4,False,5,5,0,0,49.5,1548.4,52.9,0,0.0,28.8,1
1,NH-27 Assam Arterial,Assam,14.1,61.6,3.7,6.8,13.8,False,2,2,0,0,39.0,157.9,14.8,0,0.0,25.1,0
4,NH-06 Meghalaya Corridor,Meghalaya,25.8,89.8,47.5,72.6,143.8,True,5,1,4,1,51.6,1730.2,31.6,4,75.0,52.8,1
4,NH-06 Meghalaya Corridor,Meghalaya,40.3,156.9,1.7,3.9,7.7,True,2,0,2,0,51.3,1291.7,27.6,4,75.0,62.0,1
9,NH-54 Aizawl Ridge,Mizoram,3.7,10.2,13.9,21.7,41.4,False,3,2,1,3,62.8,1479.6,39.7,4,45.0,34.6,1
5,SH-05 Cherrapunjee Highland,Meghalaya,13.0,76.0,32.5,62.9,93.3,True,7,5,2,3,63.5,1098.0,39.6,0,0.0,42.6,1
2,NH-13 Trans-Arunachal,Arunachal Pradesh,12.9,35.6,88.7,156.1,268.0,True,3,1,2,1,50.3,1879.6,34.9,0,0.0,23.6,1
6,NH-02 Imphal Lifeline,Manipur,0.9,6.8,4.7,9.3,18.6,False,3,1,2,1,45.3,937.3,29.1,0,0.0,16.0,0
6,NH-02 Imphal Lifeline,Manipur,22.3,58.1,8.2,14.6,32.6,False,4,2,2,1,72.5,1034.3,17.5,1,75.0,48.8,0
10,NH-08 Tripura Central,Tripura,7.1,25.3,0.3,0.6,1.2,False,2,0,2,0,8.1,64.7,2.2,0,0.0,6.7,0
11,NH-10 Teesta River Canyon,Sikkim,0.2,1.6,21.0,48.2,85.5,False,13,4,9,5,85.0,1773.3,42.8,3,75.0,48.4,1
7,NH-102 Moreh Border,Manipur,13.0,74.5,71.7,114.3,242.9,True,2,1,1,1,43.2,484.5,20.1,3,45.0,38.6,1
4,NH-06 Meghalaya Corridor,Meghalaya,0.3,2.0,0.3,0.6,1.1,False,3,3,0,0,33.9,1522.3,26.8,1,95.0,40.6,1
6,NH-02 Imphal Lifeline,Manipur,3.4,9.2,22.8,37.5,59.3,False,4,3,1,0,36.4,928.8,30.7,0,0.0,19.4,0
8,NH-29 Kohima Mountain,Nagaland,2.4,13.7,1.6,3.2,6.5,False,8,1,7,0,52.6,1690.1,37.8,4,45.0,31.4,1
5,SH-05 Cherrapunjee Highland,Meghalaya,4.2,20.9,28.9,55.1,97.9,True,4,2,2,2,53.8,1149.1,35.8,4,45.0,34.7,0
6,NH-02 Imphal Lifeline,Manipur,13.2,92.0,7.2,12.4,23.1,True,3,1,2,3,62.7,954.5,21.6,0,0.0,34.1,1
3,NH-229 Sela Pass,Arunachal Pradesh,2.9,9.0,25.6,52.2,77.1,False,10,4,6,3,92.0,3882.0,38.3,4,45.0,42.5,1
3,NH-229 Sela Pass,Arunachal Pradesh,4.0,10.6,6.6,16.1,33.3,True,6,4,2,3,63.3,3935.3,45.4,3,95.0,52.5,1
7,NH-102 Moreh Border,Manipur,5.4,22.6,1.4,2.8,5.6,False,3,0,3,0,39.0,637.1,10.7,0,0.0,12.5,0
3,NH-229 Sela Pass,Arunachal Pradesh,1.2,7.1,1.7,2.9,5.6,False,6,1,5,1,30.0,3902.4,37.5,1,75.0,34.2,0
2,NH-13 Trans-Arunachal,Arunachal Pradesh,0.0,0.2,7.0,13.9,27.8,False,5,5,0,2,39.1,2083.0,33.1,1,45.0,33.8,0
7,NH-102 Moreh Border,Manipur,10.1,46.5,19.3,38.8,90.2,True,3,0,3,1,33.0,734.1,21.9,1,95.0,42.4,0
4,NH-06 Meghalaya Corridor,Meghalaya,53.2,283.6,28.0,40.5,58.9,True,3,3,0,0,37.1,1583.6,27.4,3,45.0,58.3,1
8,NH-29 Kohima Mountain,Nagaland,0.8,5.2,0.4,0.7,1.5,False,5,1,4,2,44.9,1395.2,40.2,0,0.0,17.8,0
7,NH-102 Moreh Border,Manipur,22.6,59.1,2.0,3.5,5.0,True,4,1,3,2,30.4,835.8,14.7,3,45.0,32.6,0
5,SH-05 Cherrapunjee Highland,Meghalaya,9.0,42.2,17.7,27.1,41.4,True,4,1,3,4,48.3,1700.5,43.3,3,95.0,50.1,1
3,NH-229 Sela Pass,Arunachal Pradesh,1.5,5.3,13.6,33.3,71.3,False,3,3,0,0,55.1,3991.2,30.5,1,45.0,32.7,1
8,NH-29 Kohima Mountain,Nagaland,6.7,33.7,16.1,38.0,57.6,True,7,4,3,3,73.6,1317.6,37.3,2,95.0,57.0,0
2,NH-13 Trans-Arunachal,Arunachal Pradesh,1.9,14.9,2.6,5.1,10.3,False,6,4,2,4,36.5,1710.5,26.2,4,95.0,45.5,1
2,NH-13 Trans-Arunachal,Arunachal Pradesh,0.3,2.7,4.3,8.5,17.0,False,6,6,0,2,72.9,2037.5,39.7,0,0.0,31.4,1
10,NH-08 Tripura Central,Tripura,10.7,27.1,51.7,91.5,131.1,True,0,0,0,1,73.0,50.0,7.6,1,75.0,36.6,1
2,NH-13 Trans-Arunachal,Arunachal Pradesh,0.7,4.7,0.9,1.8,3.5,False,7,2,5,3,48.5,2170.5,35.4,0,0.0,19.3,0
10,NH-08 Tripura Central,Tripura,0.9,5.8,6.5,12.9,25.8,False,2,2,0,0,5.0,181.4,6.5,0,0.0,7.2,0
7,NH-102 Moreh Border,Manipur,1.3,6.4,2.9,5.8,11.5,False,2,2,0,1,29.7,545.1,4.9,3,95.0,34.5,0
7,NH-102 Moreh Border,Manipur,0.3,2.1,25.1,40.8,70.2,False,0,0,0,1,51.9,503.0,21.2,1,75.0,31.2,0
4,NH-06 Meghalaya Corridor,Meghalaya,1.2,11.5,7.2,13.2,25.3,False,6,0,6,0,33.8,1229.9,27.5,1,75.0,31.6,0
2,NH-13 Trans-Arunachal,Arunachal Pradesh,7.4,29.3,1.3,2.5,5.0,False,2,2,0,0,57.7,1843.2,31.6,0,0.0,24.9,1
1,NH-27 Assam Arterial,Assam,1.7,15.6,1.2,2.4,4.8,False,0,0,0,0,44.3,214.5,2.4,2,95.0,34.0,1
11,NH-10 Teesta River Canyon,Sikkim,4.3,33.1,59.8,130.1,267.4,True,11,11,0,2,67.4,1555.0,47.9,0,0.0,46.3,1
5,SH-05 Cherrapunjee Highland,Meghalaya,10.5,48.6,6.6,12.4,24.7,True,8,8,0,2,100.0,1377.7,41.9,1,45.0,60.4,1
5,SH-05 Cherrapunjee Highland,Meghalaya,0.3,1.8,2.0,4.1,8.1,False,7,2,5,2,40.6,1382.8,40.9,0,0.0,18.6,0
5,SH-05 Cherrapunjee Highland,Meghalaya,2.1,19.7,7.9,15.8,31.6,False,11,2,9,1,55.1,1355.7,30.9,0,0.0,22.4,1
4,NH-06 Meghalaya Corridor,Meghalaya,26.6,71.9,9.2,15.9,24.4,False,7,1,6,1,35.4,1564.7,30.9,4,45.0,39.1,1
8,NH-29 Kohima Mountain,Nagaland,27.0,162.2,4.5,9.0,13.6,True,7,5,2,2,70.3,1556.8,40.9,0,0.0,58.7,1
11,NH-10 Teesta River Canyon,Sikkim,0.3,2.0,2.1,4.2,8.4,False,5,5,0,4,24.4,1568.7,42.5,0,0.0,22.6,0
5,SH-05 Cherrapunjee Highland,Meghalaya,20.6,73.6,2.5,5.9,13.1,False,6,1,5,0,45.4,1474.6,46.4,0,0.0,32.8,1
5,SH-05 Cherrapunjee Highland,Meghalaya,0.7,5.0,2.6,5.3,10.5,False,9,4,5,1,43.2,1353.6,48.8,0,0.0,25.2,0
1,NH-27 Assam Arterial,Assam,2.9,21.1,1.1,2.2,4.4,False,0,0,0,0,54.6,89.3,13.6,0,0.0,15.1,0
7,NH-102 Moreh Border,Manipur,0.1,0.5,3.9,7.9,15.8,False,1,0,1,0,77.4,532.7,22.1,0,0.0,16.1,1
11,NH-10 Teesta River Canyon,Sikkim,11.5,57.3,43.0,65.9,110.6,True,7,3,4,0,70.8,1722.0,53.6,1,45.0,49.3,0
1,NH-27 Assam Arterial,Assam,47.1,150.4,91.8,170.6,293.1,True,2,0,2,0,27.2,397.6,7.4,4,45.0,46.8,1
2,NH-13 Trans-Arunachal,Arunachal Pradesh,0.1,1.2,0.4,0.9,1.7,False,5,2,3,0,41.0,1870.0,40.0,0,0.0,18.4,0
7,NH-102 Moreh Border,Manipur,9.4,36.9,17.7,25.7,62.4,False,3,0,3,0,78.6,504.4,6.1,1,45.0,31.6,0
10,NH-08 Tripura Central,Tripura,19.0,62.5,48.9,73.9,152.4,True,1,1,0,1,38.6,340.8,2.7,4,75.0,39.6,1
3,NH-229 Sela Pass,Arunachal Pradesh,24.8,173.6,2.3,3.4,7.4,True,9,6,3,4,68.1,3824.3,42.8,4,45.0,72.0,1
1,NH-27 Assam Arterial,Assam,20.5,83.4,20.0,35.0,60.4,True,1,0,1,1,15.9,106.9,9.5,4,45.0,32.2,1
5,SH-05 Cherrapunjee Highland,Meghalaya,0.1,1.2,1.1,2.1,4.2,False,5,5,0,2,59.0,1639.6,41.3,0,0.0,27.3,0
9,NH-54 Aizawl Ridge,Mizoram,1.8,9.3,0.8,1.4,3.5,False,8,4,4,1,60.6,1336.2,34.0,4,75.0,44.5,1
11,NH-10 Teesta River Canyon,Sikkim,1.2,4.3,1.4,2.4,3.7,False,11,5,6,3,100.0,1860.6,39.8,1,45.0,45.1,0
8,NH-29 Kohima Mountain,Nagaland,5.3,18.0,2.7,5.3,10.6,True,5,2,3,1,71.0,1289.9,30.1,4,95.0,48.0,0
4,NH-06 Meghalaya Corridor,Meghalaya,0.0,0.0,13.6,27.2,54.4,False,7,1,6,1,43.6,1550.3,19.7,0,0.0,12.5,0
4,NH-06 Meghalaya Corridor,Meghalaya,1.4,14.1,1.2,2.5,5.0,False,4,2,2,0,71.1,1440.4,33.0,0,0.0,24.1,1
2,NH-13 Trans-Arunachal,Arunachal Pradesh,0.6,2.2,3.2,6.2,14.5,False,8,4,4,1,39.5,1716.9,36.4,0,0.0,21.6,0
1,NH-27 Assam Arterial,Assam,13.1,40.2,47.0,75.3,120.9,True,1,0,1,0,29.8,50.0,9.2,1,45.0,25.6,1
5,SH-05 Cherrapunjee Highland,Meghalaya,6.2,56.3,3.6,7.3,11.7,False,10,6,4,0,57.4,1649.2,23.6,4,45.0,47.8,1
4,NH-06 Meghalaya Corridor,Meghalaya,31.0,89.2,8.3,19.5,36.9,True,4,1,3,1,55.8,1277.4,19.0,0,0.0,32.0,0
11,NH-10 Teesta River Canyon,Sikkim,0.1,0.3,1.0,2.3,5.6,False,11,6,5,6,52.0,1752.8,44.8,0,0.0,28.8,0
3,NH-229 Sela Pass,Arunachal Pradesh,2.8,7.5,55.3,91.8,195.5,True,9,5,4,3,69.2,3830.1,44.3,0,0.0,30.7,1
11,NH-10 Teesta River Canyon,Sikkim,16.6,59.5,27.1,38.7,59.5,False,5,5,0,3,78.7,1770.3,49.4,2,75.0,62.3,0
1,NH-27 Assam Arterial,Assam,21.7,76.9,24.2,43.2,86.2,False,0,0,0,1,66.5,236.9,9.4,0,0.0,27.2,1
11,NH-10 Teesta River Canyon,Sikkim,10.7,31.1,1.1,1.9,3.1,False,3,2,1,4,38.5,1695.0,46.2,0,0.0,25.2,0
12,NH-27S Haflong Hill,Assam,0.5,4.7,4.2,8.5,16.9,False,2,2,0,1,66.0,695.7,29.1,0,0.0,20.7,1
8,NH-29 Kohima Mountain,Nagaland,13.8,96.6,2.7,4.0,8.8,True,2,2,0,1,71.6,1368.5,28.6,3,45.0,51.0,0
12,NH-27S Haflong Hill,Assam,4.8,18.7,3.4,6.9,13.7,False,5,5,0,2,38.6,843.2,21.9,0,0.0,23.9,0
4,NH-06 Meghalaya Corridor,Meghalaya,0.2,2.0,1.6,3.1,6.3,False,4,2,2,0,67.7,1195.8,18.6,0,0.0,18.3,0
7,NH-102 Moreh Border,Manipur,2.8,9.9,0.1,0.1,0.3,False,4,2,2,1,18.1,488.9,18.9,0,0.0,12.5,0
8,NH-29 Kohima Mountain,Nagaland,0.7,5.2,3.3,6.6,13.1,False,4,2,2,0,5.0,1679.6,29.3,0,0.0,11.6,1
12,NH-27S Haflong Hill,Assam,15.7,46.7,7.0,14.7,22.9,False,6,4,2,1,70.0,825.0,32.5,2,45.0,45.6,0
8,NH-29 Kohima Mountain,Nagaland,1.4,5.6,0.2,0.5,1.0,False,5,4,1,2,75.9,1385.6,32.5,0,0.0,27.0,0
6,NH-02 Imphal Lifeline,Manipur,17.4,47.4,13.0,25.9,42.3,False,6,5,1,2,46.4,1175.4,33.0,2,75.0,51.8,0
8,NH-29 Kohima Mountain,Nagaland,2.2,11.1,3.2,6.4,12.9,False,4,3,1,1,70.3,1440.8,31.5,0,0.0,25.1,0
6,NH-02 Imphal Lifeline,Manipur,3.2,23.2,51.2,113.9,179.1,True,1,1,0,0,40.8,1082.1,18.7,0,0.0,16.5,0
10,NH-08 Tripura Central,Tripura,27.7,155.3,7.6,12.8,30.5,True,1,1,0,0,27.4,501.4,12.6,0,0.0,38.6,0
7,NH-102 Moreh Border,Manipur,5.1,27.6,28.4,59.4,116.9,True,1,1,0,1,32.3,751.4,19.6,4,45.0,27.5,1
5,SH-05 Cherrapunjee Highland,Meghalaya,0.6,4.7,1.6,3.2,6.3,False,2,2,0,2,100.0,1147.8,31.1,0,0.0,26.2,0
4,NH-06 Meghalaya Corridor,Meghalaya,75.8,262.7,11.5,20.3,49.3,True,6,2,4,0,37.6,1532.5,35.6,2,95.0,70.5,1
2,NH-13 Trans-Arunachal,Arunachal Pradesh,0.2,1.3,10.6,21.1,42.2,False,3,3,0,0,65.9,1951.3,30.4,0,0.0,22.2,0
3,NH-229 Sela Pass,Arunachal Pradesh,8.0,31.7,1.0,2.4,4.7,True,5,5,0,2,89.0,3884.0,52.0,0,0.0,39.7,0
6,NH-02 Imphal Lifeline,Manipur,1.8,6.1,3.3,6.1,12.5,False,5,5,0,1,54.1,950.0,19.6,1,75.0,42.0,1
11,NH-10 Teesta River Canyon,Sikkim,9.7,80.4,8.0,12.0,20.7,True,7,6,1,0,60.5,1755.6,40.7,0,0.0,45.3,0
11,NH-10 Teesta River Canyon,Sikkim,0.0,0.4,3.2,6.4,12.8,False,8,7,1,3,68.7,1728.5,43.8,0,0.0,33.1,0
7,NH-102 Moreh Border,Manipur,2.1,15.4,3.5,5.5,11.9,False,3,0,3,0,40.9,761.3,17.5,3,95.0,36.5,0
12,NH-27S Haflong Hill,Assam,5.7,21.7,2.6,5.2,10.5,False,8,2,6,3,19.3,701.6,33.5,1,45.0,29.2,0
1,NH-27 Assam Arterial,Assam,13.3,105.1,54.7,113.4,198.5,True,3,0,3,0,55.6,50.0,3.0,0,0.0,30.0,1
11,NH-10 Teesta River Canyon,Sikkim,1.4,11.0,3.6,7.2,14.4,False,9,3,6,2,42.5,1716.4,33.4,0,0.0,21.2,0
10,NH-08 Tripura Central,Tripura,4.7,17.2,1.4,2.7,5.5,False,5,1,4,0,11.1,324.8,11.4,0,0.0,9.4,0
12,NH-27S Haflong Hill,Assam,1.2,7.1,1.6,3.3,6.6,False,2,2,0,1,24.3,1005.3,27.8,0,0.0,14.6,1
4,NH-06 Meghalaya Corridor,Meghalaya,12.4,63.2,44.3,64.4,138.7,True,5,2,3,2,74.0,1108.9,25.8,3,45.0,44.1,1
8,NH-29 Kohima Mountain,Nagaland,0.9,4.7,0.5,1.1,2.1,False,5,4,1,1,28.7,1173.3,22.0,0,0.0,17.7,0
11,NH-10 Teesta River Canyon,Sikkim,2.5,14.8,1.6,3.2,6.4,False,8,6,2,2,100.0,1692.2,36.4,0,0.0,37.2,0
12,NH-27S Haflong Hill,Assam,14.4,40.4,21.3,36.9,81.4,False,3,2,1,2,80.1,847.9,27.5,1,45.0,40.8,0
9,NH-54 Aizawl Ridge,Mizoram,6.1,40.6,17.5,25.2,36.5,False,9,6,3,1,53.3,1319.5,28.4,2,75.0,52.5,0
9,NH-54 Aizawl Ridge,Mizoram,0.6,3.1,5.8,11.7,23.3,False,8,3,5,2,53.4,1309.4,23.2,0,0.0,19.3,0
2,NH-13 Trans-Arunachal,Arunachal Pradesh,2.2,15.8,2.0,4.0,8.1,False,3,3,0,2,55.3,2018.0,41.4,0,0.0,25.7,0
3,NH-229 Sela Pass,Arunachal Pradesh,4.5,20.2,3.6,5.2,9.1,False,10,2,8,3,42.9,4073.1,50.5,4,75.0,43.2,1
7,NH-102 Moreh Border,Manipur,3.5,20.8,56.5,114.4,267.3,True,2,0,2,1,62.5,488.2,14.2,1,75.0,35.1,1
8,NH-29 Kohima Mountain,Nagaland,1.8,15.7,68.4,141.6,213.1,True,7,3,4,2,84.5,1385.0,34.5,2,95.0,52.5,1
10,NH-08 Tripura Central,Tripura,1.1,4.7,1.4,2.8,5.6,False,2,1,1,0,52.7,50.0,5.2,0,0.0,11.9,0
6,NH-02 Imphal Lifeline,Manipur,27.8,80.7,64.0,114.3,177.4,True,3,0,3,0,26.5,1006.9,28.4,0,0.0,25.8,1
11,NH-10 Teesta River Canyon,Sikkim,0.0,0.2,0.2,0.4,0.8,False,10,4,6,2,84.7,1832.2,54.9,0,0.0,30.7,1
10,NH-08 Tripura Central,Tripura,8.4,40.9,41.6,84.4,167.8,True,3,0,3,1,13.9,124.0,6.1,0,0.0,11.5,0
10,NH-08 Tripura Central,Tripura,12.4,91.4,3.6,5.5,10.7,True,2,1,1,0,36.5,50.0,2.0,0,0.0,26.2,1
3,NH-229 Sela Pass,Arunachal Pradesh,42.2,159.9,34.4,60.6,142.1,True,9,6,3,0,64.9,3985.3,39.3,0,0.0,59.6,1
5,SH-05 Cherrapunjee Highland,Meghalaya,37.2,267.5,5.3,8.3,14.3,True,7,7,0,2,58.9,1090.9,44.4,0,0.0,61.7,1
4,NH-06 Meghalaya Corridor,Meghalaya,0.9,4.5,4.8,9.6,19.1,False,4,3,1,2,45.9,1809.8,34.5,0,0.0,20.7,0
9,NH-54 Aizawl Ridge,Mizoram,6.3,54.0,13.9,28.1,43.6,True,3,3,0,2,34.0,1342.3,36.9,0,0.0,29.3,1
5,SH-05 Cherrapunjee Highland,Meghalaya,0.7,6.2,1.7,3.5,7.0,False,5,3,2,2,44.3,1260.7,39.3,3,95.0,45.5,1
12,NH-27S Haflong Hill,Assam,11.2,36.5,2.8,6.5,14.6,False,7,5,2,0,59.2,1198.9,29.2,1,95.0,55.8,0
6,NH-02 Imphal Lifeline,Manipur,1.9,13.2,3.0,6.0,12.1,False,4,2,2,3,88.8,1112.5,19.0,0,0.0,23.7,0
11,NH-10 Teesta River Canyon,Sikkim,0.8,6.9,1.0,2.1,4.1,False,5,5,0,3,61.9,1514.3,39.1,4,75.0,47.2,1
10,NH-08 Tripura Central,Tripura,8.3,20.7,19.0,30.2,56.6,False,2,1,1,1,36.6,152.2,9.8,0,0.0,13.6,0
1,NH-27 Assam Arterial,Assam,0.3,2.5,0.8,1.7,3.3,False,0,0,0,0,40.3,50.0,9.4,0,0.0,8.4,0
3,NH-229 Sela Pass,Arunachal Pradesh,10.8,41.5,7.1,11.5,20.7,True,10,1,9,1,46.3,3694.0,44.6,0,0.0,26.1,1
12,NH-27S Haflong Hill,Assam,17.8,114.9,19.2,47.3,103.8,True,3,3,0,1,57.7,1018.4,21.1,3,75.0,60.6,1
2,NH-13 Trans-Arunachal,Arunachal Pradesh,5.0,12.7,28.4,50.5,111.1,True,5,4,1,1,57.7,1811.6,37.3,3,45.0,37.9,1
10,NH-08 Tripura Central,Tripura,4.5,16.2,11.5,21.4,38.7,False,4,0,4,0,51.7,330.5,9.3,2,45.0,24.1,0
10,NH-08 Tripura Central,Tripura,35.7,110.2,4.9,10.4,17.7,True,1,1,0,0,21.1,104.9,5.7,0,0.0,28.3,0
10,NH-08 Tripura Central,Tripura,0.0,0.2,8.8,13.2,23.7,False,0,0,0,1,67.7,140.4,2.7,0,0.0,10.7,0
3,NH-229 Sela Pass,Arunachal Pradesh,23.6,100.4,50.7,78.9,151.6,True,7,3,4,1,47.7,3947.9,47.8,1,45.0,54.0,1
8,NH-29 Kohima Mountain,Nagaland,2.2,7.5,0.7,1.5,2.9,False,2,2,0,2,77.7,1484.1,33.5,0,0.0,23.9,0
4,NH-06 Meghalaya Corridor,Meghalaya,0.4,1.5,1.3,2.6,5.2,False,3,0,3,0,15.4,1625.6,15.3,0,0.0,5.7,0
11,NH-10 Teesta River Canyon,Sikkim,4.2,30.7,19.1,35.9,78.1,False,10,4,6,4,51.3,1516.7,43.5,3,75.0,49.3,0
5,SH-05 Cherrapunjee Highland,Meghalaya,3.5,15.1,0.8,1.5,3.1,False,9,5,4,4,44.8,1170.0,43.0,1,45.0,39.6,0
6,NH-02 Imphal Lifeline,Manipur,23.1,106.3,3.4,7.5,16.8,True,2,2,0,1,68.9,1252.7,29.2,2,45.0,52.7,1
3,NH-229 Sela Pass,Arunachal Pradesh,0.1,0.5,3.9,7.9,15.8,False,6,4,2,3,36.4,4026.7,38.4,0,0.0,21.2,0
4,NH-06 Meghalaya Corridor,Meghalaya,0.4,3.5,0.8,1.6,3.2,False,3,3,0,2,49.4,1482.6,16.7,1,95.0,41.2,1
8,NH-29 Kohima Mountain,Nagaland,0.6,5.1,0.4,0.8,1.6,False,8,4,4,0,44.2,1356.2,40.0,2,45.0,34.9,0
4,NH-06 Meghalaya Corridor,Meghalaya,1.7,7.2,0.1,0.1,0.2,False,3,3,0,1,39.9,1363.5,34.2,0,0.0,20.3,0
6,NH-02 Imphal Lifeline,Manipur,6.5,20.5,13.9,26.8,42.1,True,3,2,1,0,46.8,921.2,28.1,1,75.0,39.5,0
1,NH-27 Assam Arterial,Assam,2.2,16.7,19.4,28.4,48.0,True,6,0,6,0,39.7,396.2,5.2,1,45.0,21.6,0
12,NH-27S Haflong Hill,Assam,5.9,38.4,5.3,11.9,17.2,False,3,3,0,0,97.5,867.0,20.6,2,75.0,51.2,0
6,NH-02 Imphal Lifeline,Manipur,14.2,83.7,52.4,93.6,164.5,True,3,2,1,0,40.6,980.8,25.0,0,0.0,31.8,0
6,NH-02 Imphal Lifeline,Manipur,3.3,17.8,16.4,25.2,49.2,False,2,1,1,4,27.4,930.3,18.6,3,95.0,37.1,0
1,NH-27 Assam Arterial,Assam,6.2,16.6,6.0,9.7,21.9,False,0,0,0,2,47.2,146.2,6.5,0,0.0,11.7,0
12,NH-27S Haflong Hill,Assam,26.5,110.5,4.9,10.3,18.5,True,3,3,0,2,27.4,973.1,30.5,2,95.0,62.0,1
1,NH-27 Assam Arterial,Assam,6.0,51.4,4.9,9.4,13.7,False,1,1,0,0,43.6,50.0,2.0,0,0.0,19.2,1
4,NH-06 Meghalaya Corridor,Meghalaya,92.2,413.7,11.2,17.6,37.8,True,3,2,1,2,46.8,1248.0,28.5,2,45.0,58.0,1
4,NH-06 Meghalaya Corridor,Meghalaya,7.3,25.4,2.3,4.6,9.3,False,8,4,4,0,84.7,1674.3,13.9,0,0.0,28.6,0
4,NH-06 Meghalaya Corridor,Meghalaya,0.0,0.1,3.7,7.3,14.7,False,5,1,4,0,53.0,1709.1,23.4,1,75.0,33.4,0
10,NH-08 Tripura Central,Tripura,5.1,26.9,0.6,1.4,2.2,False,3,0,3,0,57.6,222.5,9.1,1,95.0,39.6,0
12,NH-27S Haflong Hill,Assam,1.8,9.3,21.6,32.0,66.2,True,6,3,3,0,36.9,787.8,27.6,0,0.0,18.9,0
10,NH-08 Tripura Central,Tripura,32.4,105.1,6.9,10.1,19.8,True,4,1,3,0,10.7,50.0,2.0,0,0.0,25.0,0
5,SH-05 Cherrapunjee Highland,Meghalaya,14.0,58.8,17.9,36.3,84.3,False,4,2,2,3,69.2,1363.3,30.8,3,45.0,43.6,1
5,SH-05 Cherrapunjee Highland,Meghalaya,13.3,46.2,2.6,5.9,10.6,True,11,4,7,3,58.2,1068.9,34.4,4,45.0,44.1,1
8,NH-29 Kohima Mountain,Nagaland,26.4,89.1,17.9,33.6,51.5,True,6,3,3,2,46.4,1499.9,39.5,0,0.0,38.7,1
12,NH-27S Haflong Hill,Assam,24.6,70.8,6.8,15.1,29.7,True,6,4,2,4,29.1,777.0,20.5,1,45.0,41.9,0
5,SH-05 Cherrapunjee Highland,Meghalaya,3.6,11.4,13.7,23.4,40.4,False,3,3,0,6,53.8,1194.0,36.8,0,0.0,23.7,1
1,NH-27 Assam Arterial,Assam,15.2,121.9,8.0,11.5,20.8,True,0,0,0,0,71.2,52.3,7.7,1,75.0,55.3,1
6,NH-02 Imphal Lifeline,Manipur,2.1,9.0,2.7,5.3,10.7,False,5,0,5,1,44.0,1127.3,18.5,0,0.0,12.1,0
10,NH-08 Tripura Central,Tripura,1.4,9.5,6.6,13.3,26.6,False,3,1,2,0,59.4,295.1,6.5,0,0.0,14.1,0
2,NH-13 Trans-Arunachal,Arunachal Pradesh,29.4,209.0,37.5,68.7,117.2,True,4,4,0,0,54.1,1954.9,33.9,3,75.0,71.6,1
12,NH-27S Haflong Hill,Assam,1.0,4.5,12.9,21.6,49.9,True,3,3,0,1,76.3,683.1,21.4,0,0.0,22.6,0
1,NH-27 Assam Arterial,Assam,26.3,100.7,13.7,32.2,51.3,True,1,0,1,0,33.5,50.0,5.8,0,0.0,26.3,1
8,NH-29 Kohima Mountain,Nagaland,0.1,1.2,0.6,1.2,2.4,False,0,0,0,2,31.7,1443.3,31.3,3,45.0,22.5,0
12,NH-27S Haflong Hill,Assam,0.7,4.2,2.4,4.8,9.6,False,4,4,0,3,72.3,797.2,28.7,0,0.0,25.4,1
6,NH-02 Imphal Lifeline,Manipur,1.8,6.6,2.6,5.1,10.3,False,7,2,5,0,23.5,942.3,25.2,0,0.0,13.9,1
2,NH-13 Trans-Arunachal,Arunachal Pradesh,6.1,44.9,6.8,15.3,37.6,False,2,2,0,2,86.6,1873.6,36.1,0,0.0,33.2,0
6,NH-02 Imphal Lifeline,Manipur,8.0,23.5,39.0,95.0,138.9,True,3,3,0,2,63.8,935.4,16.6,2,75.0,42.3,1
12,NH-27S Haflong Hill,Assam,3.3,8.8,8.9,19.2,33.0,False,10,5,5,2,41.7,849.2,31.2,2,45.0,35.5,1
8,NH-29 Kohima Mountain,Nagaland,17.1,46.4,19.6,39.6,66.4,False,4,3,1,1,47.5,1772.0,36.8,0,0.0,29.8,1
6,NH-02 Imphal Lifeline,Manipur,0.3,0.9,0.6,1.2,2.4,False,7,1,6,3,59.3,990.2,18.8,0,0.0,14.8,1
10,NH-08 Tripura Central,Tripura,7.9,24.9,44.6,98.8,173.1,True,2,1,1,0,28.1,352.6,13.0,0,0.0,13.8,1
5,SH-05 Cherrapunjee Highland,Meghalaya,0.4,3.0,3.4,6.8,13.7,False,6,6,0,1,57.0,1211.0,44.9,0,0.0,30.1,0
6,NH-02 Imphal Lifeline,Manipur,8.5,29.1,2.8,5.7,11.4,False,7,4,3,1,45.5,948.4,19.9,0,0.0,24.6,0
12,NH-27S Haflong Hill,Assam,16.1,59.6,19.0,32.0,47.0,False,4,2,2,2,63.3,429.8,32.6,3,75.0,50.7,1
8,NH-29 Kohima Mountain,Nagaland,7.2,21.1,5.7,10.3,25.0,False,6,4,2,0,49.2,1251.3,33.0,0,0.0,26.2,0
2,NH-13 Trans-Arunachal,Arunachal Pradesh,0.5,2.1,3.2,6.4,12.7,False,5,3,2,3,34.1,1994.9,35.0,0,0.0,18.5,0
4,NH-06 Meghalaya Corridor,Meghalaya,10.9,32.4,27.7,50.9,98.0,True,5,2,3,1,22.7,1407.5,21.1,3,95.0,41.8,1
3,NH-229 Sela Pass,Arunachal Pradesh,17.8,97.0,9.0,17.0,29.2,True,8,4,4,2,35.6,3924.6,35.8,1,45.0,51.2,1
7,NH-102 Moreh Border,Manipur,3.2,27.0,6.1,9.4,21.6,False,1,1,0,0,73.7,470.0,19.1,0,0.0,22.3,0
9,NH-54 Aizawl Ridge,Mizoram,1.4,9.5,18.2,32.3,67.0,False,6,2,4,3,63.3,1292.1,31.8,1,95.0,45.5,0
11,NH-10 Teesta River Canyon,Sikkim,2.9,10.8,0.9,1.8,3.7,False,6,5,1,1,76.2,1718.7,36.2,2,75.0,49.6,1
12,NH-27S Haflong Hill,Assam,5.2,15.4,66.2,96.1,180.2,True,8,1,7,1,45.4,972.0,28.5,0,0.0,17.6,1
9,NH-54 Aizawl Ridge,Mizoram,29.2,74.7,13.6,26.6,53.8,False,7,4,3,0,72.4,1508.4,23.5,0,0.0,38.5,1
11,NH-10 Teesta River Canyon,Sikkim,13.5,36.8,4.3,7.8,12.3,False,5,5,0,7,66.5,1810.6,46.5,2,45.0,47.9,1
8,NH-29 Kohima Mountain,Nagaland,17.3,48.7,7.2,16.6,36.3,False,4,3,1,1,5.0,1419.9,26.9,0,0.0,21.9,0
12,NH-27S Haflong Hill,Assam,10.8,36.3,1.1,2.2,4.3,False,6,4,2,1,75.8,879.4,26.4,0,0.0,31.9,0
10,NH-08 Tripura Central,Tripura,12.3,32.6,57.7,90.5,140.0,True,3,3,0,0,30.6,50.0,14.7,3,75.0,38.8,1
1,NH-27 Assam Arterial,Assam,0.2,0.9,5.8,11.5,23.1,False,2,0,2,0,63.6,50.0,2.0,0,0.0,10.1,0
8,NH-29 Kohima Mountain,Nagaland,1.2,8.7,3.4,6.8,13.7,False,10,1,9,2,49.9,1559.8,27.6,0,0.0,16.7,0
3,NH-229 Sela Pass,Arunachal Pradesh,7.1,56.3,5.9,11.1,17.4,False,7,4,3,2,61.0,3871.7,32.5,0,0.0,34.9,0
10,NH-08 Tripura Central,Tripura,17.2,107.9,61.2,89.3,145.3,True,2,1,1,0,41.5,162.6,15.5,1,45.0,44.2,1
5,SH-05 Cherrapunjee Highland,Meghalaya,5.6,20.6,0.8,1.6,3.3,False,4,4,0,2,67.9,1260.6,34.8,0,0.0,29.3,0
1,NH-27 Assam Arterial,Assam,4.7,16.4,0.1,0.2,0.3,False,2,1,1,0,28.5,66.5,3.8,1,45.0,21.6,0
8,NH-29 Kohima Mountain,Nagaland,6.9,33.4,17.6,25.9,57.8,False,5,5,0,0,97.0,1635.5,29.9,0,0.0,37.2,0
12,NH-27S Haflong Hill,Assam,0.0,0.3,3.8,7.7,15.4,False,4,1,3,2,59.1,731.5,22.4,0,0.0,15.4,0
11,NH-10 Teesta River Canyon,Sikkim,0.1,0.5,0.4,0.9,1.8,False,6,0,6,3,62.1,2046.3,47.5,0,0.0,18.9,1
1,NH-27 Assam Arterial,Assam,6.8,22.2,11.9,27.3,67.1,False,1,1,0,0,8.5,135.3,9.3,0,0.0,9.6,0
3,NH-229 Sela Pass,Arunachal Pradesh,5.4,52.6,34.3,75.0,146.7,True,9,4,5,0,60.5,3768.5,48.8,0,0.0,37.4,1
11,NH-10 Teesta River Canyon,Sikkim,2.6,18.0,10.9,21.0,51.4,False,7,5,2,4,62.2,1705.9,41.8,0,0.0,31.3,0
2,NH-13 Trans-Arunachal,Arunachal Pradesh,2.6,20.4,1.9,3.7,7.5,False,5,2,3,1,41.3,1977.4,29.3,0,0.0,20.1,1
6,NH-02 Imphal Lifeline,Manipur,2.4,8.4,8.5,18.3,39.3,False,4,2,2,0,83.1,889.1,22.7,3,95.0,46.4,0
11,NH-10 Teesta River Canyon,Sikkim,0.5,1.9,22.2,44.5,88.9,False,4,4,0,1,33.4,1946.9,44.8,4,75.0,41.1,1
6,NH-02 Imphal Lifeline,Manipur,28.9,98.2,37.9,56.0,104.6,True,4,2,2,1,57.0,1027.4,24.4,0,0.0,37.1,0
8,NH-29 Kohima Mountain,Nagaland,44.5,121.1,11.0,27.4,54.1,True,5,5,0,1,51.2,1516.4,24.2,0,0.0,46.8,0
2,NH-13 Trans-Arunachal,Arunachal Pradesh,8.0,57.3,11.7,23.8,59.0,False,2,2,0,0,57.3,2033.2,31.4,0,0.0,30.3,1
5,SH-05 Cherrapunjee Highland,Meghalaya,4.2,15.7,0.5,0.9,1.9,False,3,3,0,2,63.6,1212.3,34.9,0,0.0,25.7,1
8,NH-29 Kohima Mountain,Nagaland,2.1,11.8,13.4,26.8,53.6,False,5,5,0,2,74.1,1454.6,36.2,0,0.0,30.7,0
7,NH-102 Moreh Border,Manipur,2.0,8.8,31.7,52.3,84.7,False,2,1,1,1,81.7,556.5,12.8,0,0.0,18.6,1
11,NH-10 Teesta River Canyon,Sikkim,3.0,27.1,22.3,36.2,85.5,False,11,5,6,3,82.6,1911.7,44.8,2,95.0,60.5,1
3,NH-229 Sela Pass,Arunachal Pradesh,13.8,102.1,58.7,84.3,133.2,True,8,4,4,2,35.4,4029.9,37.7,3,75.0,60.0,1
4,NH-06 Meghalaya Corridor,Meghalaya,0.1,0.5,0.2,0.5,0.9,False,6,1,5,1,47.7,1209.8,23.3,0,0.0,13.9,0
9,NH-54 Aizawl Ridge,Mizoram,14.4,79.0,41.3,73.1,125.2,True,4,2,2,0,51.1,1248.3,31.2,0,0.0,33.7,0
4,NH-06 Meghalaya Corridor,Meghalaya,5.6,17.5,0.1,0.2,0.5,False,4,3,1,0,48.1,1372.3,26.6,4,45.0,33.3,1
3,NH-229 Sela Pass,Arunachal Pradesh,47.3,167.1,0.6,0.8,1.9,True,2,2,0,1,48.5,3676.0,35.7,3,75.0,67.2,1
5,SH-05 Cherrapunjee Highland,Meghalaya,1.5,5.3,6.6,13.2,26.5,False,4,3,1,1,65.3,1256.5,32.3,0,0.0,23.3,1
3,NH-229 Sela Pass,Arunachal Pradesh,0.9,6.3,5.4,10.9,21.8,False,10,6,4,0,76.6,3881.1,45.4,0,0.0,33.8,1
7,NH-102 Moreh Border,Manipur,3.7,15.3,0.8,1.6,3.3,False,1,1,0,0,64.4,499.5,6.9,2,45.0,27.4,0
6,NH-02 Imphal Lifeline,Manipur,14.3,54.7,64.7,144.5,267.3,True,4,3,1,0,79.0,1235.4,29.6,0,0.0,34.7,0
1,NH-27 Assam Arterial,Assam,1.9,6.5,0.2,0.5,0.9,False,0,0,0,1,33.2,50.0,3.0,1,75.0,25.6,0
2,NH-13 Trans-Arunachal,Arunachal Pradesh,9.8,89.7,3.0,7.5,11.4,True,4,2,2,0,63.9,1791.5,26.8,0,0.0,36.9,1
6,NH-02 Imphal Lifeline,Manipur,4.2,27.1,13.2,27.6,43.7,False,4,4,0,2,32.4,996.6,17.6,0,0.0,21.8,1
3,NH-229 Sela Pass,Arunachal Pradesh,14.5,38.9,34.2,67.9,104.3,True,14,6,8,1,66.6,3967.5,47.8,1,45.0,50.6,0
3,NH-229 Sela Pass,Arunachal Pradesh,36.2,126.9,1.4,2.1,3.1,True,11,6,5,3,71.6,3984.8,44.1,0,0.0,57.0,0
7,NH-102 Moreh Border,Manipur,19.1,53.2,1.8,2.8,5.2,False,0,0,0,1,44.7,780.1,34.1,2,45.0,35.4,1
3,NH-229 Sela Pass,Arunachal Pradesh,1.2,5.8,0.0,0.0,0.1,False,9,9,0,0,72.8,3683.3,34.3,1,95.0,60.7,1
5,SH-05 Cherrapunjee Highland,Meghalaya,17.3,60.6,50.3,95.7,153.3,True,12,8,4,2,67.2,1140.1,33.5,3,45.0,56.2,1
1,NH-27 Assam Arterial,Assam,1.2,6.5,2.8,5.5,11.1,False,2,0,2,1,33.5,77.3,8.2,0,0.0,8.0,0
10,NH-08 Tripura Central,Tripura,28.4,102.4,16.7,24.1,59.3,True,1,0,1,0,41.4,50.0,8.4,4,75.0,47.1,1
6,NH-02 Imphal Lifeline,Manipur,1.1,8.5,12.8,23.1,41.5,False,3,0,3,1,80.7,856.9,25.4,3,75.0,37.6,0
4,NH-06 Meghalaya Corridor,Meghalaya,1.9,10.1,20.1,41.0,101.7,True,4,2,2,1,77.9,1277.2,20.4,4,45.0,33.0,0
4,NH-06 Meghalaya Corridor,Meghalaya,2.5,24.5,4.5,7.6,11.3,False,4,4,0,0,50.8,1223.9,23.1,4,45.0,36.4,1
9,NH-54 Aizawl Ridge,Mizoram,1.6,6.4,23.2,55.6,138.6,True,4,0,4,1,67.2,847.5,25.7,0,0.0,16.5,1
10,NH-08 Tripura Central,Tripura,20.1,77.6,23.1,33.9,48.7,False,0,0,0,0,35.6,112.2,8.8,0,0.0,22.6,1
7,NH-102 Moreh Border,Manipur,0.7,6.1,7.4,14.7,29.4,False,0,0,0,0,39.3,666.9,8.2,2,45.0,20.0,1
10,NH-08 Tripura Central,Tripura,10.0,34.9,1.1,2.2,3.3,False,1,1,0,0,64.6,50.0,3.2,0,0.0,19.3,0
8,NH-29 Kohima Mountain,Nagaland,1.5,5.0,1.7,3.4,6.7,False,4,4,0,1,40.9,1690.6,37.5,0,0.0,22.6,0
1,NH-27 Assam Arterial,Assam,1.8,8.1,0.3,0.6,1.2,False,3,2,1,2,55.6,231.5,2.0,0,0.0,14.4,1
1,NH-27 Assam Arterial,Assam,8.1,28.3,44.2,86.9,140.7,True,1,0,1,0,29.2,203.8,5.7,0,0.0,11.2,1
5,SH-05 Cherrapunjee Highland,Meghalaya,1.5,5.7,0.3,0.6,1.2,False,12,4,8,2,39.0,1350.9,24.0,0,0.0,19.8,0
2,NH-13 Trans-Arunachal,Arunachal Pradesh,2.7,8.4,35.9,54.9,81.5,False,7,2,5,4,25.7,1794.9,37.1,2,45.0,28.2,0
11,NH-10 Teesta River Canyon,Sikkim,3.4,14.1,6.5,13.0,26.1,False,7,7,0,1,66.1,1806.7,53.0,0,0.0,36.7,0
12,NH-27S Haflong Hill,Assam,7.5,20.0,50.5,72.7,116.4,True,2,0,2,2,34.4,617.8,26.2,0,0.0,14.4,1
11,NH-10 Teesta River Canyon,Sikkim,0.4,3.9,0.2,0.4,0.8,False,8,3,5,2,56.8,1662.8,48.2,0,0.0,24.9,1
8,NH-29 Kohima Mountain,Nagaland,58.6,159.5,30.0,48.3,101.0,True,5,4,1,0,43.0,1464.5,35.1,4,75.0,70.2,1
1,NH-27 Assam Arterial,Assam,0.0,0.1,3.7,7.4,14.9,False,3,1,2,1,41.0,50.0,11.1,2,95.0,34.2,0
8,NH-29 Kohima Mountain,Nagaland,3.4,18.5,3.5,6.9,13.8,False,8,4,4,1,44.6,1604.1,34.6,0,0.0,25.3,0
10,NH-08 Tripura Central,Tripura,0.5,4.7,0.4,0.9,1.6,False,1,1,0,0,21.9,181.2,11.3,0,0.0,8.5,0
3,NH-229 Sela Pass,Arunachal Pradesh,0.4,2.2,2.0,4.0,8.0,False,9,5,4,6,96.0,3832.7,44.7,2,75.0,52.5,1
12,NH-27S Haflong Hill,Assam,0.5,2.4,3.6,7.1,14.3,False,0,0,0,1,34.1,746.8,26.3,0,0.0,10.9,1
2,NH-13 Trans-Arunachal,Arunachal Pradesh,0.4,2.0,2.2,4.5,9.0,False,6,3,3,2,67.2,2051.9,33.2,0,0.0,23.1,0
5,SH-05 Cherrapunjee Highland,Meghalaya,8.7,41.3,10.9,18.2,37.3,False,7,3,4,1,64.6,1586.1,26.7,3,75.0,48.0,1
5,SH-05 Cherrapunjee Highland,Meghalaya,3.5,15.0,7.8,15.0,35.6,True,6,6,0,3,62.7,1329.0,35.7,1,45.0,42.8,0
5,SH-05 Cherrapunjee Highland,Meghalaya,11.6,67.2,25.2,49.9,72.3,False,7,2,5,0,46.9,1348.9,37.0,3,45.0,43.1,1
8,NH-29 Kohima Mountain,Nagaland,15.6,77.8,35.8,70.8,132.9,True,4,3,1,2,66.1,1418.3,34.1,3,75.0,57.1,1
9,NH-54 Aizawl Ridge,Mizoram,1.2,6.6,5.7,11.3,22.6,False,3,3,0,1,74.7,1476.8,40.6,0,0.0,26.6,0
12,NH-27S Haflong Hill,Assam,0.7,3.0,4.6,9.3,18.5,False,2,2,0,1,51.2,654.3,29.0,0,0.0,18.1,0
1,NH-27 Assam Arterial,Assam,0.3,1.6,4.6,9.2,18.4,False,1,1,0,0,50.1,61.8,11.6,0,0.0,12.1,0
10,NH-08 Tripura Central,Tripura,29.7,75.5,2.7,6.3,11.1,False,1,1,0,1,6.9,369.4,12.4,0,0.0,20.6,1
9,NH-54 Aizawl Ridge,Mizoram,2.9,9.6,3.0,5.4,11.9,False,4,2,2,1,53.3,1015.4,34.6,2,95.0,44.6,0
11,NH-10 Teesta River Canyon,Sikkim,0.1,0.9,0.9,1.9,3.8,False,6,5,1,1,54.9,1738.7,42.6,0,0.0,26.9,0
8,NH-29 Kohima Mountain,Nagaland,3.8,20.8,41.6,90.0,134.8,True,3,3,0,1,58.3,1149.9,27.9,4,95.0,48.2,1
9,NH-54 Aizawl Ridge,Mizoram,0.9,3.0,1.5,3.1,6.2,False,4,2,2,1,54.3,1093.7,35.9,0,0.0,19.9,0
9,NH-54 Aizawl Ridge,Mizoram,2.1,6.8,13.1,27.3,58.2,False,4,3,1,1,31.8,1070.3,28.9,4,95.0,41.7,1
8,NH-29 Kohima Mountain,Nagaland,0.9,3.6,0.6,1.3,2.6,False,3,0,3,2,63.1,1576.5,35.6,0,0.0,17.3,1
8,NH-29 Kohima Mountain,Nagaland,0.0,0.1,15.5,27.0,38.8,True,5,3,2,1,58.7,1605.5,28.4,2,45.0,31.7,0
5,SH-05 Cherrapunjee Highland,Meghalaya,19.4,173.2,3.1,4.8,7.5,True,9,3,6,2,48.1,1271.2,32.9,0,0.0,49.8,1
6,NH-02 Imphal Lifeline,Manipur,1.5,5.7,4.9,9.8,19.7,False,4,1,3,0,39.9,762.0,22.6,0,0.0,13.6,0
2,NH-13 Trans-Arunachal,Arunachal Pradesh,15.3,99.2,15.8,28.2,59.7,True,3,3,0,4,51.3,1573.9,37.9,3,75.0,59.9,1
9,NH-54 Aizawl Ridge,Mizoram,14.9,43.4,33.7,60.9,120.4,True,6,0,6,4,33.4,992.7,26.9,0,0.0,19.1,1
1,NH-27 Assam Arterial,Assam,0.3,2.1,1.6,3.1,6.3,False,0,0,0,0,38.4,168.0,24.7,0,0.0,11.1,0
2,NH-13 Trans-Arunachal,Arunachal Pradesh,21.1,66.8,22.7,38.8,59.8,True,3,1,2,2,54.5,1665.6,26.6,1,75.0,47.6,0
1,NH-27 Assam Arterial,Assam,2.6,18.4,17.5,30.0,43.8,False,1,1,0,0,41.1,161.5,2.0,2,45.0,23.5,0
9,NH-54 Aizawl Ridge,Mizoram,13.4,34.2,10.2,25.4,39.5,False,3,3,0,4,61.6,1121.4,32.8,0,0.0,28.6,0
3,NH-229 Sela Pass,Arunachal Pradesh,0.3,1.7,5.2,10.5,21.0,False,7,3,4,2,100.0,3919.0,50.2,1,45.0,42.6,1
2,NH-13 Trans-Arunachal,Arunachal Pradesh,12.7,74.3,19.2,34.5,52.9,False,10,6,4,3,62.0,1781.7,34.1,1,95.0,66.7,1
8,NH-29 Kohima Mountain,Nagaland,0.2,1.1,8.0,16.1,26.3,True,4,4,0,1,30.3,1506.8,36.7,3,75.0,38.9,1
3,NH-229 Sela Pass,Arunachal Pradesh,16.0,99.8,32.2,51.1,76.8,True,6,6,0,1,50.9,4018.6,47.4,3,75.0,67.8,1
10,NH-08 Tripura Central,Tripura,11.9,42.3,8.8,15.3,35.4,False,1,1,0,0,59.3,50.0,2.0,0,0.0,19.8,1
11,NH-10 Teesta River Canyon,Sikkim,0.9,8.9,0.2,0.4,0.7,False,6,6,0,1,55.1,1559.2,34.5,2,45.0,40.2,0
8,NH-29 Kohima Mountain,Nagaland,34.2,158.6,2.2,5.4,10.8,True,6,3,3,0,100.0,1497.8,35.6,0,0.0,58.1,1
5,SH-05 Cherrapunjee Highland,Meghalaya,3.0,12.2,1.2,2.3,4.7,False,6,2,4,2,37.5,1277.1,40.8,0,0.0,20.2,0
6,NH-02 Imphal Lifeline,Manipur,2.2,9.3,4.8,9.7,19.3,False,5,2,3,0,62.8,839.7,29.9,0,0.0,21.3,0
12,NH-27S Haflong Hill,Assam,2.1,7.1,1.1,2.1,4.2,False,7,6,1,1,77.7,887.9,22.6,0,0.0,29.6,0
6,NH-02 Imphal Lifeline,Manipur,17.4,47.3,0.8,1.2,2.5,False,0,0,0,0,51.4,876.9,19.3,0,0.0,21.0,0
5,SH-05 Cherrapunjee Highland,Meghalaya,0.1,0.8,3.1,6.2,12.3,False,12,10,2,3,45.8,1126.0,35.2,0,0.0,34.1,0
2,NH-13 Trans-Arunachal,Arunachal Pradesh,4.9,15.6,21.6,36.8,54.1,False,5,5,0,1,67.8,1968.7,32.9,1,45.0,41.1,0
11,NH-10 Teesta River Canyon,Sikkim,0.2,0.7,0.7,1.4,2.9,False,15,2,13,3,72.7,1712.8,34.2,0,0.0,21.9,1
8,NH-29 Kohima Mountain,Nagaland,0.9,6.6,0.4,0.7,1.5,False,3,2,1,2,58.8,1537.5,41.5,0,0.0,22.4,0
7,NH-102 Moreh Border,Manipur,0.6,3.2,13.1,26.3,52.6,False,5,5,0,0,46.3,553.4,9.7,0,0.0,19.5,0
10,NH-08 Tripura Central,Tripura,9.8,37.1,14.8,22.5,55.9,False,2,1,1,2,44.3,306.9,14.0,0,0.0,18.9,0
1,NH-27 Assam Arterial,Assam,3.0,14.5,2.5,5.0,10.0,False,2,0,2,0,53.5,376.9,9.2,0,0.0,12.8,1
8,NH-29 Kohima Mountain,Nagaland,0.0,0.0,11.4,21.3,49.2,False,6,4,2,3,31.3,1717.9,27.4,0,0.0,18.2,0
10,NH-08 Tripura Central,Tripura,0.5,3.5,13.0,26.0,52.0,False,2,0,2,0,46.7,154.1,10.4,3,45.0,21.0,0
1,NH-27 Assam Arterial,Assam,1.1,7.5,8.5,13.6,23.5,False,2,2,0,0,76.3,50.0,15.5,0,0.0,20.1,0
7,NH-102 Moreh Border,Manipur,13.7,46.3,10.9,19.6,37.7,False,3,0,3,0,30.6,552.9,16.5,0,0.0,17.1,0
5,SH-05 Cherrapunjee Highland,Meghalaya,0.4,1.2,15.7,31.5,68.1,False,8,7,1,1,44.5,1188.3,46.9,4,45.0,41.5,1
5,SH-05 Cherrapunjee Highland,Meghalaya,5.6,20.0,2.8,6.4,12.6,False,9,3,6,1,49.7,1318.8,44.7,4,45.0,37.6,0
2,NH-13 Trans-Arunachal,Arunachal Pradesh,4.9,20.8,39.0,59.4,93.4,True,1,1,0,2,37.1,1963.2,26.3,1,95.0,40.7,0
9,NH-54 Aizawl Ridge,Mizoram,29.9,157.9,7.1,14.7,28.2,True,4,4,0,0,53.1,1443.4,37.5,0,0.0,53.5,1
9,NH-54 Aizawl Ridge,Mizoram,16.9,143.0,42.9,73.9,162.9,True,4,0,4,0,70.7,1351.1,38.4,0,0.0,46.9,1
10,NH-08 Tripura Central,Tripura,6.0,49.1,10.4,16.8,25.3,False,0,0,0,0,43.3,50.0,10.0,2,75.0,37.1,0
2,NH-13 Trans-Arunachal,Arunachal Pradesh,3.2,9.5,20.6,37.8,57.3,False,4,1,3,2,61.7,1775.1,31.0,2,75.0,38.1,1
11,NH-10 Teesta River Canyon,Sikkim,2.3,18.7,22.2,36.4,61.0,False,4,4,0,3,38.6,1446.1,39.6,0,0.0,25.4,0
9,NH-54 Aizawl Ridge,Mizoram,7.5,44.3,66.4,112.9,182.9,True,2,2,0,2,71.8,1232.5,32.6,0,0.0,30.1,0
3,NH-229 Sela Pass,Arunachal Pradesh,4.5,16.9,2.1,4.1,8.2,False,8,8,0,2,70.7,3887.7,48.4,4,95.0,63.4,1
3,NH-229 Sela Pass,Arunachal Pradesh,12.3,37.8,32.6,63.4,105.3,True,8,2,6,0,27.2,3851.8,38.8,0,0.0,23.4,1
3,NH-229 Sela Pass,Arunachal Pradesh,0.0,0.1,6.3,12.5,25.1,False,5,1,4,3,81.0,3952.9,37.6,0,0.0,21.7,0
9,NH-54 Aizawl Ridge,Mizoram,0.5,1.9,0.2,0.3,0.7,False,7,2,5,0,66.3,1594.4,38.8,1,95.0,45.8,0
5,SH-05 Cherrapunjee Highland,Meghalaya,6.7,22.9,15.5,25.2,40.3,False,3,3,0,1,68.0,1347.7,40.1,3,45.0,40.1,1
7,NH-102 Moreh Border,Manipur,9.9,32.5,4.8,9.0,21.2,True,3,3,0,0,39.1,677.6,19.1,4,75.0,40.9,0
8,NH-29 Kohima Mountain,Nagaland,4.3,14.5,0.6,1.1,2.3,False,4,4,0,0,40.2,1391.8,29.9,0,0.0,22.9,0
3,NH-229 Sela Pass,Arunachal Pradesh,3.0,27.2,3.4,7.5,18.6,False,11,5,6,0,20.4,3789.6,50.1,4,45.0,39.7,1
1,NH-27 Assam Arterial,Assam,5.5,22.4,1.0,1.9,3.9,False,2,2,0,0,9.6,50.0,14.3,2,95.0,36.5,1
7,NH-102 Moreh Border,Manipur,7.5,28.8,4.3,8.6,17.2,False,2,1,1,0,58.6,552.1,18.8,0,0.0,20.3,0
9,NH-54 Aizawl Ridge,Mizoram,1.2,7.0,2.2,5.5,8.6,False,4,1,3,1,53.4,1320.3,27.4,3,45.0,28.1,1
5,SH-05 Cherrapunjee Highland,Meghalaya,0.9,3.1,1.4,2.8,5.6,False,9,3,6,1,91.9,1624.7,28.9,0,0.0,26.2,1
1,NH-27 Assam Arterial,Assam,14.7,112.6,6.1,14.2,30.2,True,2,2,0,0,52.6,401.2,3.5,0,0.0,35.1,0
12,NH-27S Haflong Hill,Assam,0.7,2.8,2.5,5.1,10.2,False,3,2,1,2,32.5,932.7,24.4,0,0.0,14.3,0
1,NH-27 Assam Arterial,Assam,1.2,7.1,2.4,4.8,9.6,False,3,0,3,0,12.3,212.7,2.0,0,0.0,5.0,0
6,NH-02 Imphal Lifeline,Manipur,1.0,3.3,3.6,7.2,14.3,False,3,2,1,1,66.9,1068.1,21.7,0,0.0,19.0,1
7,NH-102 Moreh Border,Manipur,3.7,20.0,6.8,13.6,27.2,False,0,0,0,1,53.8,653.2,21.5,2,75.0,35.1,0
9,NH-54 Aizawl Ridge,Mizoram,51.9,168.3,6.9,11.8,24.7,True,3,3,0,0,48.3,1155.5,20.7,2,45.0,58.6,1
11,NH-10 Teesta River Canyon,Sikkim,3.7,21.7,23.8,44.1,84.6,True,8,3,5,1,84.8,1788.3,55.2,0,0.0,33.1,0
7,NH-102 Moreh Border,Manipur,7.7,46.2,4.0,9.0,18.3,False,3,0,3,1,93.1,824.7,12.1,0,0.0,25.6,0
4,NH-06 Meghalaya Corridor,Meghalaya,0.5,3.3,7.4,14.9,29.7,False,3,3,0,1,39.4,1411.2,31.7,0,0.0,18.9,0
11,NH-10 Teesta River Canyon,Sikkim,3.8,23.5,8.0,12.8,19.1,False,5,5,0,2,56.6,1598.6,38.5,3,75.0,49.7,0
2,NH-13 Trans-Arunachal,Arunachal Pradesh,4.7,42.8,10.4,21.6,41.2,True,6,6,0,1,31.9,1698.9,23.2,3,75.0,48.7,1
1,NH-27 Assam Arterial,Assam,38.1,107.9,6.2,11.6,26.7,True,0,0,0,0,21.0,307.0,9.6,2,45.0,37.9,0
11,NH-10 Teesta River Canyon,Sikkim,0.5,3.1,0.2,0.3,0.7,False,15,4,11,4,79.3,1604.4,54.5,4,45.0,41.8,0
3,NH-229 Sela Pass,Arunachal Pradesh,3.6,10.3,7.7,11.7,28.4,False,9,8,1,2,38.5,3846.5,30.3,0,0.0,29.9,0
2,NH-13 Trans-Arunachal,Arunachal Pradesh,0.3,2.2,3.8,7.5,15.0,False,2,2,0,0,28.8,1969.0,32.3,0,0.0,15.2,1
12,NH-27S Haflong Hill,Assam,2.7,23.6,16.1,38.7,59.3,False,3,2,1,2,62.6,986.7,29.6,4,75.0,42.8,1
1,NH-27 Assam Arterial,Assam,0.6,3.1,1.2,2.4,4.9,False,0,0,0,0,56.8,292.1,9.0,0,0.0,10.9,0
6,NH-02 Imphal Lifeline,Manipur,2.0,14.4,2.5,4.9,9.9,False,3,1,2,0,50.3,863.2,23.3,0,0.0,17.1,0
6,NH-02 Imphal Lifeline,Manipur,31.6,107.3,80.3,130.0,237.5,True,2,2,0,2,44.7,1168.3,21.2,0,0.0,36.4,1
9,NH-54 Aizawl Ridge,Mizoram,1.8,8.0,1.4,2.8,5.6,False,3,2,1,3,58.3,1285.0,27.3,0,0.0,19.8,0
3,NH-229 Sela Pass,Arunachal Pradesh,56.8,146.5,14.4,24.1,40.1,True,8,6,2,3,52.3,3968.8,37.0,2,45.0,67.8,0
9,NH-54 Aizawl Ridge,Mizoram,2.1,17.1,5.3,10.6,21.2,False,7,1,6,2,5.0,1160.8,17.7,0,0.0,9.7,0
6,NH-02 Imphal Lifeline,Manipur,0.7,4.0,2.6,5.2,10.4,False,3,2,1,0,33.4,932.8,14.1,0,0.0,12.6,0
10,NH-08 Tripura Central,Tripura,11.6,72.9,24.4,37.1,76.1,False,2,1,1,0,59.4,72.4,10.1,0,0.0,27.5,0
12,NH-27S Haflong Hill,Assam,3.2,10.9,3.6,7.3,14.6,False,5,1,4,0,40.4,948.7,31.4,0,0.0,16.5,1
3,NH-229 Sela Pass,Arunachal Pradesh,10.3,48.6,6.4,9.6,14.9,True,6,5,1,3,100.0,3937.9,40.7,2,75.0,61.6,0
9,NH-54 Aizawl Ridge,Mizoram,35.4,115.1,11.6,17.4,28.4,True,2,2,0,0,32.9,1047.2,24.2,0,0.0,36.8,1
12,NH-27S Haflong Hill,Assam,1.9,7.3,0.1,0.3,0.5,False,10,2,8,1,85.7,1019.4,30.7,0,0.0,24.5,0
4,NH-06 Meghalaya Corridor,Meghalaya,0.1,0.3,1.4,2.7,5.5,False,5,5,0,1,43.9,1502.2,24.1,0,0.0,21.5,0
3,NH-229 Sela Pass,Arunachal Pradesh,0.1,0.8,0.0,0.1,0.1,False,8,4,4,1,56.6,4273.8,47.0,0,0.0,26.0,0
3,NH-229 Sela Pass,Arunachal Pradesh,2.7,8.6,68.9,133.4,207.8,True,5,5,0,1,57.5,3741.9,42.8,3,45.0,40.2,1
3,NH-229 Sela Pass,Arunachal Pradesh,11.2,36.3,3.4,7.3,13.6,False,7,3,4,3,73.0,4021.8,46.4,0,0.0,33.5,0
3,NH-229 Sela Pass,Arunachal Pradesh,2.4,10.1,42.2,82.4,144.3,True,5,5,0,2,95.9,3964.4,40.9,0,0.0,34.6,1
9,NH-54 Aizawl Ridge,Mizoram,1.3,6.6,16.1,29.9,45.1,False,7,3,4,0,74.7,1190.7,37.3,0,0.0,26.0,0
1,NH-27 Assam Arterial,Assam,18.5,65.6,5.1,10.0,19.5,False,1,1,0,1,50.9,470.5,19.8,2,45.0,38.0,1
11,NH-10 Teesta River Canyon,Sikkim,23.0,62.5,4.8,8.4,12.9,False,12,8,4,3,48.2,1522.0,46.1,0,0.0,44.9,0
12,NH-27S Haflong Hill,Assam,11.5,46.3,50.5,83.0,131.8,True,9,3,6,0,33.3,979.3,35.0,4,75.0,46.0,1
11,NH-10 Teesta River Canyon,Sikkim,49.5,145.9,8.4,14.7,27.2,True,11,4,7,0,64.2,1589.6,52.5,0,0.0,56.8,1
8,NH-29 Kohima Mountain,Nagaland,0.2,1.7,6.6,13.1,26.2,False,7,2,5,3,76.3,1770.6,22.9,3,45.0,31.6,1
9,NH-54 Aizawl Ridge,Mizoram,1.4,3.7,11.5,22.8,33.3,False,8,6,2,2,46.3,1167.1,26.9,2,75.0,43.8,0
4,NH-06 Meghalaya Corridor,Meghalaya,0.4,3.5,4.0,8.1,16.1,False,1,1,0,1,34.3,1318.5,25.9,3,75.0,31.8,0
8,NH-29 Kohima Mountain,Nagaland,1.1,6.3,11.0,22.0,44.1,True,3,1,2,2,57.3,1595.6,27.1,0,0.0,17.3,0
1,NH-27 Assam Arterial,Assam,0.5,1.7,1.2,2.3,4.7,False,1,1,0,0,51.2,317.4,11.9,0,0.0,12.4,0
7,NH-102 Moreh Border,Manipur,26.5,114.1,43.8,86.5,155.5,True,2,2,0,1,54.2,759.9,12.3,0,0.0,37.4,0
4,NH-06 Meghalaya Corridor,Meghalaya,2.0,7.6,3.4,6.8,13.7,False,3,2,1,1,35.6,1584.4,8.6,0,0.0,12.6,0
11,NH-10 Teesta River Canyon,Sikkim,29.7,151.6,14.2,29.2,49.8,True,5,3,2,2,74.6,1778.8,39.6,4,45.0,66.4,1
9,NH-54 Aizawl Ridge,Mizoram,27.5,89.6,6.2,11.0,26.3,True,2,0,2,2,55.6,1305.0,30.3,0,0.0,32.3,1
10,NH-08 Tripura Central,Tripura,14.0,48.3,76.4,117.3,235.7,True,0,0,0,0,56.0,230.5,16.5,0,0.0,21.4,1
11,NH-10 Teesta River Canyon,Sikkim,8.2,43.3,3.4,6.5,13.8,False,7,7,0,3,38.8,1598.9,37.5,0,0.0,36.0,0
6,NH-02 Imphal Lifeline,Manipur,3.5,12.1,0.8,1.2,1.9,True,5,4,1,0,84.2,872.2,27.8,0,0.0,28.6,1
11,NH-10 Teesta River Canyon,Sikkim,1.8,17.3,1.9,3.8,7.6,False,7,6,1,1,76.9,1891.5,46.9,0,0.0,36.4,0
4,NH-06 Meghalaya Corridor,Meghalaya,33.6,117.0,15.6,37.3,66.9,True,1,1,0,3,74.1,1547.0,20.9,0,0.0,40.7,0
2,NH-13 Trans-Arunachal,Arunachal Pradesh,3.0,17.3,3.0,6.1,12.1,False,5,3,2,3,55.0,1616.9,36.5,0,0.0,25.0,0
9,NH-54 Aizawl Ridge,Mizoram,7.8,54.7,4.5,9.8,20.2,False,4,2,2,0,50.3,1184.0,26.0,4,75.0,46.4,0
4,NH-06 Meghalaya Corridor,Meghalaya,4.4,14.9,2.0,4.1,8.1,False,5,3,2,0,63.0,1290.7,23.4,0,0.0,23.1,0
11,NH-10 Teesta River Canyon,Sikkim,2.9,15.7,0.3,0.6,1.2,False,1,1,0,1,100.0,2056.9,48.6,0,0.0,29.9,1
7,NH-102 Moreh Border,Manipur,2.7,9.7,85.5,169.4,244.6,True,2,2,0,0,41.1,867.2,17.8,0,0.0,15.7,1
1,NH-27 Assam Arterial,Assam,0.6,2.9,21.7,48.3,72.6,False,0,0,0,0,71.0,50.0,12.7,2,95.0,37.5,0
1,NH-27 Assam Arterial,Assam,2.1,7.4,2.9,5.9,11.8,False,2,0,2,1,54.7,299.0,17.5,0,0.0,13.2,0
7,NH-102 Moreh Border,Manipur,1.6,7.5,15.0,29.3,52.9,False,0,0,0,2,77.7,470.4,2.0,1,75.0,32.3,1
9,NH-54 Aizawl Ridge,Mizoram,0.4,2.6,0.1,0.1,0.3,False,3,2,1,1,44.2,1393.9,35.1,0,0.0,18.2,1
2,NH-13 Trans-Arunachal,Arunachal Pradesh,6.5,46.3,1.7,3.9,6.5,False,7,2,5,0,22.5,1896.6,29.3,2,45.0,33.7,1
8,NH-29 Kohima Mountain,Nagaland,0.0,0.0,19.6,31.6,55.7,False,3,3,0,2,48.1,1640.4,24.2,2,95.0,41.8,1
8,NH-29 Kohima Mountain,Nagaland,0.2,1.1,22.5,50.4,81.1,False,3,1,2,1,59.5,1331.6,28.4,4,75.0,35.6,1
6,NH-02 Imphal Lifeline,Manipur,4.8,22.9,5.7,9.2,14.7,False,1,0,1,0,60.4,806.8,21.7,0,0.0,18.0,0
8,NH-29 Kohima Mountain,Nagaland,4.8,12.2,17.5,25.4,42.0,False,8,2,6,2,61.9,1261.8,17.6,3,75.0,38.0,1
6,NH-02 Imphal Lifeline,Manipur,3.3,30.9,0.3,0.6,0.9,False,1,1,0,3,41.4,890.0,25.6,0,0.0,19.5,0
10,NH-08 Tripura Central,Tripura,7.9,27.2,1.7,3.4,6.8,False,2,2,0,0,43.4,293.7,23.5,3,95.0,44.4,0
5,SH-05 Cherrapunjee Highland,Meghalaya,1.1,4.7,3.0,6.1,12.2,False,6,6,0,1,59.7,1244.8,31.3,0,0.0,28.1,0
12,NH-27S Haflong Hill,Assam,12.7,47.0,10.0,21.1,42.6,False,2,2,0,2,60.7,828.8,37.5,0,0.0,30.0,1
1,NH-27 Assam Arterial,Assam,3.0,12.7,0.4,0.9,1.8,False,1,1,0,0,44.8,312.7,13.3,0,0.0,13.9,0
9,NH-54 Aizawl Ridge,Mizoram,2.3,19.6,7.7,15.0,24.4,False,3,3,0,1,39.0,1187.3,24.7,3,45.0,32.0,1
2,NH-13 Trans-Arunachal,Arunachal Pradesh,1.3,5.5,0.9,1.9,3.7,False,4,4,0,1,83.2,1868.1,30.7,3,45.0,39.0,0
12,NH-27S Haflong Hill,Assam,51.4,137.8,30.0,47.9,111.8,True,1,1,0,4,23.2,783.4,31.9,2,45.0,50.6,1
11,NH-10 Teesta River Canyon,Sikkim,10.8,36.1,10.7,25.6,45.9,False,5,4,1,0,65.2,1561.7,36.6,0,0.0,32.3,0
8,NH-29 Kohima Mountain,Nagaland,3.2,13.8,14.4,20.7,42.6,False,3,3,0,1,62.8,1346.9,24.6,0,0.0,23.1,1
1,NH-27 Assam Arterial,Assam,6.4,56.2,61.7,109.1,160.6,True,1,0,1,1,28.0,67.4,5.4,0,0.0,16.5,0
4,NH-06 Meghalaya Corridor,Meghalaya,6.4,19.7,6.4,14.5,31.5,False,3,2,1,2,46.2,1159.4,28.8,0,0.0,20.6,0
5,SH-05 Cherrapunjee Highland,Meghalaya,0.6,2.5,11.7,23.3,46.7,False,4,4,0,2,62.3,1260.8,44.6,0,0.0,26.8,1
4,NH-06 Meghalaya Corridor,Meghalaya,0.1,0.8,7.8,15.7,31.4,False,3,2,1,1,56.9,1475.2,18.5,0,0.0,16.4,0
1,NH-27 Assam Arterial,Assam,0.6,2.6,24.3,39.9,83.2,True,2,1,1,1,34.1,287.5,3.0,0,0.0,8.2,1
9,NH-54 Aizawl Ridge,Mizoram,1.6,8.2,1.1,2.2,4.5,False,3,3,0,0,20.5,1274.2,40.2,0,0.0,18.8,1
8,NH-29 Kohima Mountain,Nagaland,28.1,197.9,3.9,9.2,13.4,True,9,1,8,1,51.0,1247.3,26.9,1,75.0,63.8,1
5,SH-05 Cherrapunjee Highland,Meghalaya,0.0,0.3,1.3,2.5,5.1,False,8,8,0,4,57.8,1477.6,33.0,0,0.0,31.3,1
11,NH-10 Teesta River Canyon,Sikkim,6.1,18.3,40.3,74.0,125.3,True,5,1,4,2,71.6,1784.9,39.8,3,45.0,35.6,1
2,NH-13 Trans-Arunachal,Arunachal Pradesh,14.4,38.8,1.0,1.5,3.5,False,6,5,1,1,43.7,1922.2,23.9,0,0.0,29.1,0
4,NH-06 Meghalaya Corridor,Meghalaya,3.5,16.1,2.6,5.3,10.5,False,2,0,2,2,24.3,1716.3,30.1,0,0.0,12.9,1
9,NH-54 Aizawl Ridge,Mizoram,1.8,15.6,1.5,3.0,6.0,False,4,2,2,3,86.1,1104.7,28.7,4,75.0,44.5,1
8,NH-29 Kohima Mountain,Nagaland,33.4,144.3,45.8,96.1,207.0,True,2,2,0,0,29.4,1747.8,36.8,2,95.0,68.4,1
5,SH-05 Cherrapunjee Highland,Meghalaya,0.2,1.6,3.1,6.3,12.6,False,7,4,3,5,63.5,1384.6,26.9,1,45.0,34.5,0
10,NH-08 Tripura Central,Tripura,0.3,2.7,40.9,65.8,103.6,True,0,0,0,0,59.5,177.7,2.0,0,0.0,9.9,1
2,NH-13 Trans-Arunachal,Arunachal Pradesh,1.7,10.0,7.5,15.1,30.1,False,4,4,0,1,76.6,2120.6,38.8,0,0.0,29.2,0
9,NH-54 Aizawl Ridge,Mizoram,8.9,48.8,12.1,20.8,30.2,False,3,3,0,0,67.6,1187.4,35.4,0,0.0,33.0,1
9,NH-54 Aizawl Ridge,Mizoram,2.4,8.3,1.9,3.8,7.5,False,7,3,4,2,60.0,1426.5,20.5,0,0.0,20.8,0
5,SH-05 Cherrapunjee Highland,Meghalaya,0.8,2.8,0.2,0.4,0.8,False,7,3,4,0,78.9,1173.6,33.3,1,95.0,48.8,0
10,NH-08 Tripura Central,Tripura,1.9,5.0,16.1,33.6,68.3,True,2,1,1,0,28.5,50.0,4.6,0,0.0,8.2,1
7,NH-102 Moreh Border,Manipur,0.1,0.3,8.3,16.5,33.1,False,2,1,1,2,67.7,730.8,22.6,0,0.0,16.7,1
3,NH-229 Sela Pass,Arunachal Pradesh,15.7,49.5,5.3,13.3,30.5,False,11,8,3,2,74.6,3972.4,46.7,0,0.0,46.4,1
1,NH-27 Assam Arterial,Assam,0.7,4.8,2.6,5.3,10.5,False,4,0,4,0,62.4,161.7,6.0,0,0.0,11.5,0
2,NH-13 Trans-Arunachal,Arunachal Pradesh,3.0,17.6,1.3,2.7,5.4,False,5,1,4,1,78.5,1611.3,42.4,0,0.0,25.8,1
9,NH-54 Aizawl Ridge,Mizoram,2.6,8.9,0.7,1.4,2.8,False,3,2,1,1,90.3,1225.9,20.5,4,45.0,34.7,1
6,NH-02 Imphal Lifeline,Manipur,0.7,4.2,0.8,1.6,3.1,False,7,3,4,0,45.9,964.2,24.1,0,0.0,18.6,1
3,NH-229 Sela Pass,Arunachal Pradesh,37.8,231.3,50.3,87.8,211.5,True,6,5,1,1,45.8,3881.3,41.0,0,0.0,55.1,1
5,SH-05 Cherrapunjee Highland,Meghalaya,3.2,17.1,16.4,25.3,39.2,False,8,1,7,3,76.6,1189.7,31.8,0,0.0,23.3,1
9,NH-54 Aizawl Ridge,Mizoram,20.5,54.3,22.7,51.2,91.8,True,4,2,2,0,48.2,915.1,36.7,1,45.0,40.7,0
8,NH-29 Kohima Mountain,Nagaland,1.1,3.6,30.6,45.6,96.3,True,6,5,1,1,60.3,1376.2,30.2,0,0.0,25.8,1
12,NH-27S Haflong Hill,Assam,4.0,20.6,2.1,4.1,8.3,False,4,2,2,2,53.4,894.9,29.9,0,0.0,22.1,0
12,NH-27S Haflong Hill,Assam,29.6,81.5,5.8,11.5,19.4,True,6,2,4,3,68.4,849.7,33.5,2,75.0,56.0,1
11,NH-10 Teesta River Canyon,Sikkim,14.6,67.4,11.8,20.4,47.1,True,10,6,4,2,82.7,1521.5,62.0,0,0.0,47.9,0
12,NH-27S Haflong Hill,Assam,1.6,6.4,1.5,3.0,6.0,False,5,5,0,2,55.2,783.5,36.5,0,0.0,26.9,0
8,NH-29 Kohima Mountain,Nagaland,0.8,8.2,4.4,8.9,17.8,False,6,2,4,1,61.7,1491.7,24.2,0,0.0,19.7,0
10,NH-08 Tripura Central,Tripura,3.0,23.0,4.5,8.9,17.9,False,1,1,0,2,24.5,214.1,4.5,0,0.0,11.2,0
8,NH-29 Kohima Mountain,Nagaland,9.6,35.5,5.7,14.2,23.3,False,4,2,2,1,61.5,1391.0,35.9,0,0.0,27.5,0
10,NH-08 Tripura Central,Tripura,1.8,10.7,1.6,3.2,6.5,False,0,0,0,1,19.4,50.0,7.3,0,0.0,6.5,0
12,NH-27S Haflong Hill,Assam,6.9,53.9,0.9,1.6,2.6,False,4,4,0,0,50.9,430.5,30.5,4,75.0,51.2,1
8,NH-29 Kohima Mountain,Nagaland,26.1,66.2,15.5,30.8,63.4,False,7,3,4,0,15.6,1691.3,42.4,1,75.0,48.8,0
10,NH-08 Tripura Central,Tripura,16.7,46.3,48.9,78.6,115.1,True,0,0,0,1,65.7,119.8,2.0,0,0.0,19.5,1
1,NH-27 Assam Arterial,Assam,3.9,14.8,1.9,3.7,6.1,True,1,1,0,1,55.4,176.0,2.0,3,75.0,32.4,1
1,NH-27 Assam Arterial,Assam,0.7,3.8,7.1,14.2,28.4,False,1,0,1,0,46.0,402.4,3.2,0,0.0,8.3,0
5,SH-05 Cherrapunjee Highland,Meghalaya,44.8,134.9,28.3,62.9,103.6,True,8,7,1,3,70.7,1312.4,34.8,0,0.0,58.6,1
9,NH-54 Aizawl Ridge,Mizoram,1.3,8.3,9.5,21.5,42.6,False,5,1,4,0,37.6,1289.3,26.8,4,75.0,33.4,1
12,NH-27S Haflong Hill,Assam,14.1,53.4,0.6,1.2,2.1,False,9,4,5,0,34.7,808.4,13.3,3,45.0,37.8,0
12,NH-27S Haflong Hill,Assam,7.9,68.2,5.3,10.0,21.6,False,7,3,4,1,42.2,694.7,26.3,0,0.0,31.2,0
6,NH-02 Imphal Lifeline,Manipur,5.2,31.2,1.1,2.0,4.0,False,5,4,1,2,40.6,917.8,20.7,1,75.0,43.2,0
7,NH-102 Moreh Border,Manipur,1.2,4.2,0.9,1.7,3.5,False,1,1,0,1,11.1,506.9,15.2,0,0.0,7.5,0
3,NH-229 Sela Pass,Arunachal Pradesh,5.0,18.4,2.7,5.3,10.6,False,8,3,5,2,71.3,3838.4,41.7,0,0.0,28.7,0
4,NH-06 Meghalaya Corridor,Meghalaya,21.4,82.2,13.7,21.2,41.7,True,0,0,0,1,38.3,1609.1,14.0,4,75.0,43.7,0
11,NH-10 Teesta River Canyon,Sikkim,0.2,0.6,13.9,21.3,34.6,False,5,2,3,5,42.6,1701.0,34.7,1,75.0,36.2,1
4,NH-06 Meghalaya Corridor,Meghalaya,91.7,255.0,38.3,57.1,124.0,True,7,3,4,1,35.3,1728.6,27.3,3,75.0,65.5,1
5,SH-05 Cherrapunjee Highland,Meghalaya,5.7,44.7,43.5,75.9,128.6,True,7,2,5,2,54.7,1170.7,37.2,0,0.0,28.6,0
5,SH-05 Cherrapunjee Highland,Meghalaya,37.0,187.1,55.5,85.8,123.8,True,8,4,4,0,41.1,1109.8,40.9,1,45.0,63.6,1
7,NH-102 Moreh Border,Manipur,4.1,14.0,17.7,29.7,53.8,False,1,1,0,1,66.5,756.9,21.7,2,75.0,37.9,0
8,NH-29 Kohima Mountain,Nagaland,4.9,13.2,3.2,6.0,13.7,True,6,2,4,0,63.4,1298.0,30.8,3,75.0,41.1,1
2,NH-13 Trans-Arunachal,Arunachal Pradesh,7.3,38.1,5.4,10.7,24.3,False,8,3,5,0,35.3,1861.7,28.5,1,75.0,43.4,1
3,NH-229 Sela Pass,Arunachal Pradesh,6.6,21.7,24.8,61.5,104.5,True,5,5,0,0,41.1,3795.8,48.1,0,0.0,30.1,0
12,NH-27S Haflong Hill,Assam,0.5,2.2,35.0,51.9,83.6,True,5,0,5,0,9.8,937.0,22.9,4,45.0,17.7,1
5,SH-05 Cherrapunjee Highland,Meghalaya,5.0,13.2,5.6,8.6,15.0,True,8,7,1,3,46.0,1305.4,25.7,4,45.0,39.9,1
9,NH-54 Aizawl Ridge,Mizoram,0.1,0.7,0.6,1.3,2.6,False,5,2,3,3,31.6,1402.6,32.8,0,0.0,15.5,0
6,NH-02 Imphal Lifeline,Manipur,63.6,173.2,4.9,9.2,20.5,True,2,2,0,2,44.5,844.5,27.9,0,0.0,46.3,1
6,NH-02 Imphal Lifeline,Manipur,0.1,1.0,8.4,16.9,33.7,False,4,1,3,1,34.6,1016.5,26.0,0,0.0,12.6,0
7,NH-102 Moreh Border,Manipur,9.8,77.5,5.6,8.5,13.1,False,2,2,0,0,27.1,642.6,18.6,0,0.0,27.3,0
4,NH-06 Meghalaya Corridor,Meghalaya,59.2,160.1,52.0,79.2,182.8,True,6,1,5,1,74.8,1193.0,12.1,3,45.0,56.9,1
4,NH-06 Meghalaya Corridor,Meghalaya,9.7,75.3,9.1,17.5,39.1,False,2,2,0,2,68.7,1435.7,25.3,3,45.0,45.7,1
6,NH-02 Imphal Lifeline,Manipur,3.7,13.0,4.1,8.3,16.5,False,3,3,0,0,52.7,858.8,18.7,0,0.0,20.2,0
1,NH-27 Assam Arterial,Assam,52.9,300.4,4.1,7.2,14.2,True,0,0,0,0,43.0,259.5,9.0,1,45.0,49.5,1
7,NH-102 Moreh Border,Manipur,1.9,18.0,2.7,5.3,10.6,False,2,1,1,1,28.5,610.3,16.4,0,0.0,13.2,1
4,NH-06 Meghalaya Corridor,Meghalaya,1.3,4.7,1.2,2.3,4.6,False,3,1,2,0,69.4,1288.6,29.3,0,0.0,19.2,0
11,NH-10 Teesta River Canyon,Sikkim,1.0,9.2,0.5,1.0,1.6,True,9,7,2,1,29.4,1838.3,45.9,0,0.0,29.4,0
8,NH-29 Kohima Mountain,Nagaland,1.1,6.5,0.9,1.7,3.4,False,0,0,0,1,80.9,1657.0,30.0,0,0.0,19.4,0
